vendor,total_paid,share_of_total,concentration_flag
Payments Made For Services And Care Provided By Physicians And Practitioners,18202785225,0.08792981,high
Interest On Ontario Securities Public Issues,14755354675,0.071276759,high
Odb,9639392332,0.04656375,high
Ontario Health/Sante Ontario,9479023373,0.045789077,high
Metrolinx,8717760904,0.042111746,high
"Accounts Under $120,000/Comptes Inférieurs À 120 000$",6929010300,0.033471062,high
Independent Electricity System Operator,6753702551,0.032624226,high
City Of Toronto,4469740136,0.021591388,high
Toronto District School Board,2709582519,0.013088825,high
University Health Network,1857818996,0.008974323,monitor
Peel District School Board,1826969142,0.008825301,monitor
Rbc-Ontaxrebat,1735699074,0.008384414,monitor
Ontario Infrastructure And Lands Corporation,1714220433,0.00828066,monitor
Dh Corporation/Societe Dh,1706000001,0.008240951,monitor
Ontario Teachers' Pension Plan Board,1677697568,0.008104234,monitor
Hamilton Health Sciences Corp,1469062066,0.007096406,monitor
London Health Sciences Centre,1387958358,0.006704629,monitor
York Region District School Board,1385906636,0.006694718,monitor
Trillium Health Partners,1375702734,0.006645427,monitor
Ottawa Hospital,1265417268,0.006112685,monitor
Unity Health Toronto (O/A Providence St Josephs & St Michaels Healthcare),1227356758,0.005928832,monitor
Thames Valley District School Board,1205222470,0.00582191,monitor
Toronto Catholic District School Board,1174265051,0.005672368,monitor
Cibc-Ontaxrebat,1099927600,0.005313276,monitor
Regional Municipality Of Peel,1064857506,0.005143868,monitor
Ottawa-Carleton District School Board,1044310459,0.005044614,monitor
Durham District School Board,1039513949,0.005021444,monitor
City Of Ottawa,1007858164,0.004868528,none
Sunnybrook Health Sciences Centre,988830864,0.004776616,none
William Osler Health System,984501743,0.004755704,none
University Of Toronto,973883610,0.004704412,none
Dufferin-Peel Catholic District School Board,942526704,0.00455294,none
Regional Municipality Of York,847849343,0.004095595,none
Ontario Pension Board,831713654,0.00401765,none
Waterloo Region District School Board,818902000,0.003955763,none
Hospital For Sick Children (Hsc),808635486,0.00390617,none
Canadian Blood Services,776212650,0.003749549,none
Halton District School Board,763452452,0.00368791,none
Lakeridge Health,757736511,0.003660299,none
Scarborough Health Network,751110134,0.003628289,none
Ottawa Catholic District School Board,743763051,0.003592799,none
Sinai Health System,732832891,0.00354,none
Hamilton-Wentworth District School Board,727367885,0.003513601,none
Simcoe County District School Board,723009385,0.003492547,none
Niagara Health System,668496572,0.003229219,none
Kingston Health Sciences Centre,649333277,0.003136649,none
St Joseph'S Healthcare Hamilton,648351106,0.003131905,none
Mackenzie Health,647802880,0.003129257,none
Humber River Health,620399445,0.002996882,none
York Catholic District School Board,605180276,0.002923365,none
District School Board Of Niagara,599773839,0.002897249,none
Receiver General Of Canada,585983545,0.002830634,none
Greater Essex County District School Board,580925722,0.002806202,none
Halton Healthcare Services Corp,579889720,0.002801197,none
Family Service Toronto,559529086,0.002702844,none
Regional Municipality Of Durham,535339489,0.002585994,none
Toronto East Health Network,524252125,0.002532436,none
Regional Municipality Of Niagara,521242899,0.0025179,none
Halton Catholic District School Board,513867878,0.002482274,none
Conseil Des Ecoles Catholiques Du Centre-Est (Cecce),512886947,0.002477536,none
The Canada Life Assurance Company (O/A London Life Insurance Company),511076756,0.002468792,none
Windsor Regional Hospital,508896385,0.002458259,none
Health Sciences North,507628218,0.002452133,none
Centre For Addiction And Mental Health,504545483,0.002437242,none
Kawartha Pine Ridge District School Board,489048155,0.002362381,none
Southlake Regional Health Centre,487658510,0.002355668,none
Accerta Services Inc,482731077,0.002331866,none
Regional Municipality Of Waterloo,482248206,0.002329533,none
Upper Grand District School Board,479619372,0.002316834,none
Corporation Of The City Of Hamilton (O/A City Of Hamilton),472572966,0.002282796,none
University Of Ottawa,469979687,0.002270269,none
Gip Paving Inc,466080210,0.002251433,none
Extendicare (Canada) Inc,462976583,0.00223644,none
St Joseph'S Health Care London (O/A Southwest Centre For Forensic Mental Health Care),442561854,0.002137826,none
Hamilton-Wentworth Catholic District School Board,441510413,0.002132747,none
North York General Hospital,439946817,0.002125193,none
Children'S Hospital Of Eastern Ontario - Ottawa Children'S Treatment Centre,436426850,0.00210819,none
Lifelabs Lp,423970480,0.002048019,none
Upper Canada District School Board,422812751,0.002042426,none
Ontario Electricity Financial Corporation,400445740,0.001934381,none
London District Catholic School Board,399802177,0.001931272,none
Grand River Hospital Corporation,398136433,0.001923226,none
Grand Erie District School Board,396153800,0.001913648,none
Regional Municipality Of Halton,393251286,0.001899627,none
Royal Victoria Regional Health Centre,392647497,0.001896711,none
Simcoe Muskoka Catholic District School Board,386746683,0.001868207,none
Waterloo Catholic District School Board,383702159,0.0018535,none
University Of Western Ontario,367097246,0.001773289,none
The Corporation Of The City Of London,358247390,0.001730539,none
Thunder Bay Regional Health Sciences Centre,351762979,0.001699215,none
Windsor-Essex Catholic District School Board,346908224,0.001675764,none
Peterborough Regional Health Centre,346061634,0.001671675,none
Conseil Des Ecoles Publiques De L'Est De L'Ontario,345550228,0.001669204,none
Legal Aid Ontario,345003706,0.001666564,none
Ontario Government Pharmacy & Medical Supply Services,343866039,0.001661069,none
York University,343527939,0.001659435,none
Ornge,340938099,0.001646925,none
Conseil Scolaire De District Catholique Monavenir,337277082,0.00162924,none
North Bay Regional Health Centre,336701893,0.001626462,none
Niagara Catholic District School Board,328906230,0.001588804,none
Mcmaster University,325028736,0.001570074,none
Opseu Pension Trust,323762474,0.001563957,none
Canada Pension Plan Investment Board……………………………….,322384847,0.001557302,none
Flextrack Inc,319492165,0.001543329,none
University Of Guelph,317280160,0.001532644,none
Lambton Kent District School Board,311930710,0.001506803,none
Toronto Metropolitan University,307091864,0.001483428,none
Limestone District School Board,306887897,0.001482443,none
Oak Valley Health,305691691,0.001476665,none
Agricorp,301963688,0.001458656,none
The Corporation Of The City Of Windsor,294143906,0.001420882,none
Nextstar Energy Inc,293968316,0.001420034,none
Student Loan Receivable,292009119,0.00141057,none
Corporation Of The County Of Simcoe,291448192,0.001407861,none
"Accounts Under $50,000/Comptes Inférieurs À 50 000$",289168938,0.001396851,none
Conseil Scolaire Viamonde,289041153,0.001396233,none
Durham Catholic District School Board,287242974,0.001387547,none
University Of Waterloo,282205942,0.001363215,none
Quinte Health,279659252,0.001350913,none
Ontario Northland Transportation Commission,273550708,0.001321406,none
Bluewater District School Board,271722966,0.001312577,none
Schlegel Villages Inc,269923829,0.001303886,none
2063414 Investment Lp (O/A Leisureworld),252370488,0.001219093,none
Sault Area Hospital,251482632,0.001214804,none
Queensway Carleton Hospital,251308407,0.001213963,none
Queen'S University ,244920549,0.001183106,none
Avon Maitland District School Board,243485694,0.001176174,none
Axium Extendicare Ltc Ii Lp,240240896,0.0011605,none
Brant Community Healthcare System,239970920,0.001159196,none
Hastings And Prince Edward District School Board,239666873,0.001157727,none
Crh Canada Group Inc,239041583,0.001154707,none
Rainbow District School Board,237708815,0.001148269,none
Revera Long Term Care Inc,236438379,0.001142132,none
University Of Ottawa Heart Institute,234599360,0.001133248,none
Catholic District School Board Of Eastern Ontario,233576639,0.001128308,none
Hopital Montfort (O/A Montfort Hospital),232778712,0.001124454,none
Conseil Scolaire De District Catholique De L'Est Ontarien,229328091,0.001107785,none
Bruyère Health / Santè Bruyère,229186632,0.001107102,none
Peterborough Victoria Northumberland & Clarington Catholic District School Board,225112512,0.001087422,none
Wcg International Consultants Ltd,224649571,0.001085185,none
Brightshores Health System,223374195,0.001079024,none
Joseph Brant Hospital,223076532,0.001077587,none
City Of Greater Sudbury,220891988,0.001067034,none
Emcon Services Inc,220662296,0.001065924,none
Algoma District School Board,218987730,0.001057835,none
St Joseph'S Care Group Corp,217593393,0.0010511,none
St Mary'S General Hospital,217154482,0.00104898,none
Trillium Lakelands District School Board,211699660,0.00102263,none
Bell Mobility Inc,209630524,0.001012635,none
Algonquin And Lakeshore Catholic District School Board,209534980,0.001012173,none
Gainstps,209030884,0.001009738,none
Dynacare-Gamma Laboratory Partnership (O/A Dynacare),206750365,0.000998722,none
Ontario Agency For Health Protection And Promotion,203248152,0.000981804,none
Debt Issuance Cost,201052123,0.000971196,none
Conseil Scolaire Catholique Providence,200383412,0.000967966,none
Bluewater Health,199854500,0.000965411,none
Providence Care Centre,197193054,0.000952555,none
The Manufacturers Life Insurance Company/La Compagnie D'Assurance-Vie Manufacturers,194585733,0.00093996,none
Carleton University,190802223,0.000921683,none
Brant Haldimand Norfolk Catholic District School Board,190224784,0.000918894,none
Accertaclaim Servicorp Inc,189492919,0.000915359,none
Karis Disability Services,188233672,0.000909276,none
Royal Ottawa Health Care Group /Services De Sante Royal Ottawa,187645896,0.000906436,none
Brennan Paving & Construction Ltd,186122701,0.000899079,none
City Of St Thomas,185534852,0.000896239,none
Near North District School Board,183910155,0.000888391,none
Waypoint Centre For Mental Health Care,182426262,0.000881223,none
Cambridge Memorial Hospital,177332720,0.000856618,none
Integrated Maintenance & Operations Services Inc (Imos),174862555,0.000844686,none
Guelph General Hospital,172475707,0.000833156,none
Chatham-Kent Health Alliance,172086724,0.000831277,none
Weeneebayko Area Health Authority,171797521,0.00082988,none
Orillia Soldiers Memorial Hospital,166862923,0.000806043,none
Ontario Shores Centre For Mental Health Sciences,164313052,0.000793726,none
Renfrew County District School Board,162663915,0.000785759,none
Children'S Aid Society Of Toronto,161608160,0.000780659,none
St Clair Catholic District School Board,160178992,0.000773756,none
Lakehead District School Board,157958534,0.00076303,none
District School Board Ontario North East,157571062,0.000761158,none
Humber College Institute Of Technology & Advanced Learning,155449669,0.00075091,none
Conseil Scolaire Catholique De District Des Grandes-Rivieres,154617275,0.000746889,none
George Brown College Of Applied Arts & Technology,153263253,0.000740349,none
Conseil Scolaire De District Catholique Du Nouvel-Ontario,151969499,0.000734099,none
Cornwall Community Hospital,151492847,0.000731797,none
Nishnawbe-Aski Police Service,150172551,0.000725419,none
Rykka Care Centres Lp,148864536,0.0007191,none
The Corporation Of The Municipality Of Chatham-Kent,147783562,0.000713879,none
Sanofi Pasteur Ltd,147477928,0.000712402,none
Woodstock Hospital,143581949,0.000693583,none
County Of Lambton,138154252,0.000667364,none
Wellington Catholic District School Board,137455248,0.000663987,none
Miller Paving Limited,136844730,0.000661038,none
Royale Development Lp,136558833,0.000659657,none
Grandview Children'S Centre,136239915,0.000658116,none
Women'S College Hospital,136016510,0.000657037,none
Hotel-Dieu Grace Healthcare,134627280,0.000650326,none
Thunder Bay Catholic District School Board,134254852,0.000648527,none
Hamilton Niagara Haldimand Brant Local Health Integration Network,133846729,0.000646556,none
Regency Ltc Operating Limited Partnership On Behalf Of Regency Operator Gp Inc As General Partner,133834122,0.000646495,none
Timmins & District Hospital,133732305,0.000646003,none
Omni Healthcare Limited Partnership,133604010,0.000645383,none
Workplace Safety Insurance Board,133327403,0.000644047,none
Hydro One Networks Inc,132481412,0.000639961,none
Algonquin College Of Applied Arts & Technology,132272709,0.000638952,none
Bell Canada,130686062,0.000631288,none
Link 427 General Partnership,128547410,0.000620957,none
St Thomas-Elgin General Hospital,127412834,0.000615476,none
Seneca College Of Applied Arts & Technology,127061467,0.000613779,none
Wataynikaneyap Power Lp,126800000,0.000612516,none
Ontario Health Athome,126516021,0.000611144,none
Goldman Spring Kichler & Sanders Llp,125341258,0.00060547,none
March Of Dimes Canada,125199623,0.000604785,none
Northern Ontario Heritage Fund Corporation,125000000,0.000603821,none
Caressant-Care Nursing And Retirement Homes Ltd,124137808,0.000599656,none
County Of Hastings,123767050,0.000597865,none
Microsoft Canada Inc,123094116,0.000594615,none
Brockville General Hospital,121280861,0.000585856,none
Keewatin-Patricia District School Board,120783534,0.000583453,none
Ontario Trillium Foundation,120390341,0.000581554,none
Central East Local Health Integration Network,119240500,0.000575999,none
Sudbury Catholic District School Board,118963365,0.000574661,none
Brewers Retail Inc,118237968,0.000571157,none
Wilfrid Laurier University,117809553,0.000569087,none
Ross Memorial Hospital,117771308,0.000568902,none
Children'S Aid Society Of Ottawa,115608870,0.000558457,none
University Of Windsor,115505976,0.00055796,none
Brock University,115303464,0.000556981,none
Assistive Devices And Supplies Program,114753318,0.000554324,none
Centralized Supply Chain Ontario,113000000,0.000545854,none
Muskoka Algonquin Healthcare (Mahc),112934255,0.000545537,none
Ari Financial Services Inc,110976674,0.00053608,none
Renfrew County Catholic District School Board,110257834,0.000532608,none
Corporation Of The County Of Wellington,109087065,0.000526953,none
Fowler Construction Company Ltd,107867278,0.00052106,none
Mohawk College Of Applied Arts & Technology,107378640,0.0005187,none
Victorian Order Of Nurses For Canada - Ontario Branch,106522407,0.000514564,none
Cota Health,105154975,0.000507958,none
Fanshawe College Of Applied Arts & Technology,104574968,0.000505157,none
Pembroke Regional Hospital Inc,102269829,0.000494021,none
Baycrest Centre For Geriatric Care,102027680,0.000492852,none
County Of Grey,100743409,0.000486648,none
Holland Bloorview Kids Rehabilitation Hospital,100021650,0.000483161,none
The Corporation Of The City Of Mississauga,97660417,0.000471755,none
Health Integration Network Of Toronto Central,95527328,0.000461451,none
Iris L.P.,94950910,0.000458667,none
Laurentian University Of Sudbury,94922110,0.000458528,none
Yee Hong Centre For Geriatric Care,93846793,0.000453333,none
Sheridan College Institute Of Technology & Advanced Learning,93418762,0.000451266,none
Northumberland Hills Hospital,93195310,0.000450186,none
Huron-Superior Catholic District School Board,93140293,0.000449921,none
Huron Perth Healthcare Alliance,92923234,0.000448872,none
District Of Thunder Bay Social Services Administration Board,92440198,0.000446539,none
Champlain Local Health Integration Network,91782960,0.000443364,none
Community Living Toronto,91613603,0.000442546,none
County Of Renfrew,91211477,0.000440603,none
Durham College Of Applied Arts & Technology,90334804,0.000436369,none
Groupm Canada Inc.,88857095,0.00042923,none
Conseil Scolaire De District Du Grand Nord De L'Ontario,87882732,0.000424524,none
Governing Council Of The Salvation Army In Canada,86152497,0.000416166,none
County Of Oxford,85944842,0.000415162,none
Unison Health & Community Services,85735391,0.000414151,none
Sunbeam Community & Developmental Services,85385252,0.000412459,none
Georgian Bay General Hospital,85122268,0.000411189,none
Perth & Smiths Falls District Hospital,85117575,0.000411166,none
City Of Kawartha Lakes,84858078,0.000409913,none
United Counties Of Leeds & Grenville,84787115,0.00040957,none
Centennial College Of Applied Arts & Technology,84296504,0.0004072,none
Tikinagan Child And Family Services,84293699,0.000407187,none
Bruce-Grey Catholic District School Board,83070137,0.000401276,none
Headwaters Health Care Centre,82691990,0.000399449,none
University Of Ontario Institute Of Technology,82124066,0.000396706,none
Vigour Limited Partnership On Behalf Of Vigour General Partner Inc,81943898,0.000395836,none
South West Local Health Integration Network,81755109,0.000394924,none
The Catholic Children'S Aid Society Of Toronto,81553755,0.000393951,none
Children'S Aid Society Of The Region Of Peel,81231898,0.000392396,none
The Corporation Of The City Of Peterborough,81207827,0.00039228,none
City Of Hamilton,80441408,0.000388578,none
Huron Perth Catholic District School Board,79813283,0.000385544,none
Lumenus Community Services,79711646,0.000385053,none
Conseil Scolaire Catholique Franco-Nord,79663019,0.000384818,none
The Corporation Of The City Of Kingston,79521732,0.000384135,none
Mon Sheong Foundation,79123420,0.000382211,none
Erinoakkids Centre For Treatment And Development,79028040,0.00038175,none
The Corporation Of The City Of Brantford (O/A The City Of Brantford),78594606,0.000379657,none
Lakehead University,77647711,0.000375083,none
Health Integration Network Of Mississauga Halton,77643648,0.000375063,none
The Corporation Of The City Of Thunder Bay,77270342,0.00037326,none
Rbc Investor Services Trust Fiducie Rbc Services Aux Investisseurs,77038503,0.00037214,none
Webber Infrastructure Management Canada Ltd,76777246,0.000370878,none
Norfolk County,76723709,0.000370619,none
Loft Community Services,76574933,0.0003699,none
Georgian College Of Applied Arts And Technology,76536401,0.000369714,none
Northern Ontario School Of Medicine,76528835,0.000369678,none
Corporation Of The City Of Cornwall,76350071,0.000368814,none
Cvh (No 6) Gp Inc As General Partner Of Cvh (No 6) Lp,76260284,0.000368381,none
Lake Of The Woods District Hospital (Lwdh),75361987,0.000364041,none
The Collingwood General And Marine Hospital,75205174,0.000363284,none
Pioneer Construction Inc.,74962233,0.00036211,none
Surrey Place,74407756,0.000359432,none
Serco Canada Inc,73878432,0.000356875,none
Kerry'S Place Autism Services,73831115,0.000356646,none
District Of Nipissing Social Services Administration Board,73779908,0.000356399,none
Reena Inc.,73703121,0.000356028,none
Kenora District Services Board,73567079,0.000355371,none
Dnaagdawenmag Binnoojiiyag Child And Family Services,72953749,0.000352408,none
Riverside Health Care Facilities Inc,72787757,0.000351606,none
Corporation Of The County Of Bruce,72744078,0.000351395,none
Ontario Institute For Cancer Research,72000000,0.000347801,none
Service Coordination For Persons With Special Needs,71807031,0.000346869,none
Teranorth Construction & Engineering Ltd,71439066,0.000345091,none
Rainy River District School Board,70624742,0.000341158,none
District Municipality Of Muskoka,70478898,0.000340453,none
Salvation Army Toronto Grace Health Centre,69698052,0.000336681,none
Peoplecare Communities Inc (O/A Oakcrossing Retirement Living),69576124,0.000336092,none
District Of Cochrane Social Services Administration Board,69135374,0.000333963,none
Baycrest Hospital,68680229,0.000331765,none
United Counties Of Prescott & Russell,68657529,0.000331655,none
District Of Sault Ste Marie Social Services Administration Board,67007630,0.000323685,none
Helsons Llp,65463982,0.000316228,none
St Clair College Of Applied Arts And Technology,65457335,0.000316196,none
Norfolk General Hospital,65112214,0.000314529,none
West Parry Sound Health Centre,64340479,0.000310801,none
Sir Sandford Fleming College Of Applied Arts & Technology,64306312,0.000310636,none
Hopital General De Hawkesbury & District General Hospital Inc,63938564,0.00030886,none
Centre For Independent Living In Toronto (Cilt) Inc,63848787,0.000308426,none
Fair Hydro Trust,63683220,0.000307626,none
Nipissing-Parry Sound Catholic District School Board,63336953,0.000305954,none
Conseil Scolaire Public Du Nord-Est De L'Ontario,63199594,0.00030529,none
Schlegel-Uw Research Institute For Aging Foundation,63045000,0.000304543,none
Ontario Educational Communications Authority,62495845,0.00030189,none
Fedcap Canada,62137874,0.000300161,none
Trent University,61860935,0.000298824,none
Kinark Child & Family Services,61633138,0.000297723,none
Sioux Lookout Meno-Ya-Win Health Centre,61203670,0.000295649,none
Motion Lp,61177172,0.000295521,none
Waterloo Wellington Local Health Integration Network,61134099,0.000295312,none
St Joseph'S Health Centre (Guelph),61100886,0.000295152,none
Compass Group Canada Ltd,60780211,0.000293603,none
Toronto Waterfront Revitalization Corporation,60765244,0.000293531,none
Children'S Aid Society Of London And Middlesex,60673748,0.000293089,none
Northern Health Travel Grant,60449517,0.000292006,none
Partners Community Health,60363837,0.000291592,none
Ontario Arts Council,60349558,0.000291523,none
Ontario Federation Of Indigenous Friendship Centres (Ofifc),59808852,0.000288911,none
"Arnold, Foster Llp",59621269,0.000288005,none
General Administration Expenses Including Bank Charges,59356051,0.000286724,none
Windsor-Essex Children'S Aid Society,58560670,0.000282881,none
Children'S Treatment Network Of Simcoe York,58420312,0.000282203,none
Catulpa Community Support Services Inc,58275096,0.000281502,none
Ontario Centre Of Innovation/Centre D'Innovation De L'Ontario,58163452,0.000280963,none
Conestoga College Institute Of Technology & Advanced Learning,58153537,0.000280915,none
Corporation Of The County Of Northumberland,57450848,0.00027752,none
Wsp Canada Inc,56991125,0.0002753,none
Durham Children'S Aid Society,56718751,0.000273984,none
Northeastern Catholic District School Board,56703994,0.000273913,none
Compucom Canada Co,56651297,0.000273658,none
Perley & Rideau Veterans' Health Centre,56573665,0.000273283,none
Erie Shores Healthcare,56560641,0.00027322,none
City Of Brampton,56269076,0.000271812,none
The Corporation Of The County Of Middlesex,56204315,0.000271499,none
Telus Communications Inc,56178518,0.000271374,none
Simcoe Muskoka Child Youth And Family Services (O/A Simcoe Muskoka Family Connexions),55865402,0.000269862,none
J&P Leveque Bros Haulage Ltd,55699759,0.000269062,none
St Lawrence College Of Applied Arts And Technology,55644420,0.000268794,none
"Accounts Under $10,000/Comptes Inférieurs À 10 000$",55361096,0.000267426,none
County Of Huron,55295266,0.000267108,none
Children'S Aid Society Of The Niagara Region,55051562,0.00026593,none
Six Nations Of The Grand River,54923066,0.00026531,none
Central West Local Health Integration Network,54460906,0.000263077,none
Cvh (No 3) Gp Inc,54249169,0.000262054,none
Erie St Clair Local Health Integration Network,54062684,0.000261154,none
Children & Family Services For York Region,53858873,0.000260169,none
Fca Canada Inc,53164946,0.000256817,none
City Of Timmins,53058612,0.000256303,none
County Of Dufferin,52978587,0.000255917,none
Dilico Anishinabek Family Care,52550307,0.000253848,none
County Of Lennox And Addington,52166790,0.000251995,none
Aecom Canada Ltd,51830333,0.00025037,none
Ibm Canada Ltd,51197446,0.000247313,none
Nan Corporate Services,51144993,0.000247059,none
S&R Nursing Homes Ltd,51104921,0.000246866,none
North East Local Health Integration Network,51077476,0.000246733,none
South Bruce Grey Health Centre,51004191,0.000246379,none
Children'S Aid Society Of The Regional Municipality Of Waterloo,50899471,0.000245873,none
Compute Ontario,50611186,0.000244481,none
Amico Infrastructures Inc,50469011,0.000243794,none
Hamilton Child And Family Supports,50413302,0.000243525,none
Royal Ontario Museum,49884392,0.00024097,none
Runnymede Healthcare Centre,49820215,0.00024066,none
St Joseph'S Health Care Dundas,49725540,0.000240203,none
Glaxosmithkline Inc,49472339,0.00023898,none
Confederation College Of Applied Arts & Technology,49300894,0.000238151,none
Windsor Essex Mobility Group Gp,49224261,0.000237781,none
Ongwanada Developmental Services,49008049,0.000236737,none
Superior-Greenstone District School Board,48803146,0.000235747,none
Regional Municipality Of Ottawa-Carleton,48464600,0.000234112,none
The Corporation Of The County Of Essex,48450551,0.000234044,none
La Cité Collégiale,48369617,0.000233653,none
Niagara College Of Applied Arts & Technology,48192176,0.000232796,none
Strathroy Middlesex General,48182878,0.000232751,none
Clearwater Structures Inc,47657149,0.000230211,none
Scargall Owen-King Llp,47649146,0.000230172,none
Steeves & Rozema Enterprises Limited,47588706,0.000229881,none
Alliance Verdi Civil Inc,47292862,0.000228451,none
St Joseph'S Continuing Care Centre Of Sudbury,47075004,0.000227399,none
Stratford General Hospital,46933048,0.000226713,none
Renfrew Victoria Hospital,46902512,0.000226566,none
Ontario Aboriginal Housing Support Services Corporation ,46864241,0.000226381,none
Canadian Mental Health Association Thames Valley Addictions & Mental Health Services,46797463,0.000226058,none
Rankin Construction Inc,46707835,0.000225625,none
Egis Canada Ltd (O/A Ara Engineering),46415768,0.000224215,none
City Of London,45878836,0.000221621,none
Kiewit-Dufferin Midtown Partnership,45436379,0.000219484,none
South East Local Health Integration Network,45128303,0.000217995,none
Nipissing University,45053286,0.000217633,none
Child And Family Services Of Grand Erie,44901379,0.000216899,none
Collège Boréal D'Arts Appliqués Et De Technologie,44832002,0.000216564,none
Merck Canada Inc,44802070,0.000216419,none
Canadian Mental Health Association Waterloo Wellington Branch,44718775,0.000216017,none
Central West Specialized Developmental Services,44663092,0.000215748,none
Pfizer Canada Ulc,44500286,0.000214962,none
Homewood Health Centre Inc,44417921,0.000214564,none
Blanche River Health,43239638,0.000208872,none
Pathways To Independence,43133117,0.000208357,none
City Of Windsor,42735296,0.000206436,none
Temiskaming Hospital,42641204,0.000205981,none
Axium Extendicare Ltc Lp,42477800,0.000205192,none
Cvh (No.9) Gp Inc/Southbridge Care Homes/Southbridge Healthcare Lp,42408988,0.00020486,none
St Josephs General Hospital,42346757,0.000204559,none
Association Of Ontario Midwives,42331220,0.000204484,none
College Boreal D'Arts Appliques Et De Technologie,42197522,0.000203838,none
Canada Post Corporation,42110036,0.000203415,none
Community Living Essex County,41777407,0.000201809,none
Empower Simcoe Services,41526080,0.000200595,none
South-East Ottawa Community Services,41477901,0.000200362,none
Religious Hospitallers Of St Joseph Of The Hotel Dieu Of St Catharines,40466367,0.000195476,none
Manitoulin-Sudbury District Services Board,40226926,0.000194319,none
County Of Lanark,40081042,0.000193614,none
General Motors Of Canada Ltd,40044163,0.000193436,none
Grand River Community Health Centre,39990126,0.000193175,none
City Of Stratford,39963260,0.000193045,none
Winchester District Memorial Hospital,39791224,0.000192214,none
Villa Colombo Homes For The Aged,39733981,0.000191938,none
Stevenson Memorial Hospital,39614167,0.000191359,none
R W Tomlinson Ltd,39517930,0.000190894,none
Lennox And Addington County General Hospital,39018958,0.000188484,none
Valoris For Children And Adults Of Prescott-Russell Valoris Pour Enfants Et Adultes De Prescott-Russell,39001990,0.000188402,none
Haliburton Highlands Health Services Corporation,38839640,0.000187618,none
Bethesda Community Services Inc,38641465,0.00018666,none
Union Of Ontario Indians,38498280,0.000185969,none
Praxair Canada Inc.,38448048,0.000185726,none
Office Des Telecommunications Educatives De Langue Francaise De L'Ontario (Otelfo/Ofleca),38280805,0.000184918,none
Code-Ontario Education Projects,38263404,0.000184834,none
C Villeneuve Construction Co Ltd,38234967,0.000184697,none
Lh North Ltd,38188067,0.00018447,none
Yor-Sup-Net Support Service Network,38171414,0.00018439,none
North Simcoe Muskoka Local Health Integration Network,37832603,0.000182753,none
Bot Construction (Ontario) Ltd,37532201,0.000181302,none
Ledcor Highways Ltd,37423184,0.000180775,none
Oracle Canada Ulc,37401819,0.000180672,none
Tillsonburg District Memorial Hospital,37121434,0.000179318,none
Vita Community Living Services Of Toronto Inc,37050638,0.000178976,none
Highland Shores Children'S Aid Society,37028256,0.000178868,none
County Of Simcoe,37026889,0.000178861,none
Participation House Support Services - London And Area,36851124,0.000178012,none
Ableliving Services Inc,36726569,0.00017741,none
Canadian Mental Health Association Toronto Branch,36594619,0.000176773,none
County Of Elgin,36455009,0.000176098,none
Glen Hill Terrace Christian Homes Inc,36330205,0.000175496,none
Kingston Community Health Centres (Kchc),36220911,0.000174968,none
F J Davey Home,36202788,0.00017488,none
Arnprior Regional Health,36175600,0.000174749,none
Community Living Windsor,36013389,0.000173965,none
Ontario Creates,35887430,0.000173357,none
Groves Memorial Community Hospital,35883129,0.000173336,none
Jarlette Ltd,35763009,0.000172756,none
Rogers Communications Canada Inc,35746901,0.000172678,none
Brampton-Caledon Community Living,35494827,0.00017146,none
Cambrian College Of Applied Arts & Technology,35357642,0.000170798,none
Sensenbrenner Hospital,35237676,0.000170218,none
St Patrick'S Home Of Ottawa,34838385,0.000168289,none
Parsons Inc,34817386,0.000168188,none
Simcoe Muskoka District Health Unit,34578890,0.000167036,none
Municipality Of Chatham-Kent,34392151,0.000166134,none
Fidelity Engineering & Construction Inc,34171779,0.000165069,none
Sault College Of Applied Arts & Technology,34120865,0.000164823,none
West Nipissing General Hospital,34048622,0.000164474,none
Algoma District Services Administration Board,33813177,0.000163337,none
Northwest Catholic District School Board,33786730,0.000163209,none
Kenora Catholic District School Board,33729373,0.000162932,none
Gem Health Care Group,33602960,0.000162321,none
Kensington Health Centre,33602549,0.000162319,none
Loyalist College Of Applied Arts & Technology,33597749,0.000162296,none
Destination Ontario,33554896,0.000162089,none
Almonte General Hospital,33482060,0.000161737,none
Thames Valley Children'S Centre,33393351,0.000161309,none
Ontario Physician Services Inc,33159150,0.000160178,none
Reconnect Community Health Services,33028715,0.000159547,none
Conseil Scolaire De District Catholique Des Aurores Boreales,32957815,0.000159205,none
Emergent Biosolutions Canada Inc,32913536,0.000158991,none
Dryden Regional Health Centre,32733447,0.000158121,none
Ottawa-Carleton Association For Persons With Developmental Disabilities (Ocapdd),32642952,0.000157684,none
Strides Toronto Support Services,32636818,0.000157654,none
Community Living Mississauga,32539995,0.000157187,none
Onx Enterprise Solutions Ltd,32376193,0.000156395,none
Chartwell Master Care Lp,32336751,0.000156205,none
Holland Christian Homes Inc,32202041,0.000155554,none
Services And Housing In The Province,32168743,0.000155393,none
Fermar Paving Limited,31932646,0.000154253,none
Woodgreen Community Services,31870019,0.00015395,none
Houselink And Mainstay Community Housing,31797908,0.000153602,none
Nog-Da-Win-Da-Min Family And Community Services,31784994,0.00015354,none
Canopy Support Services,31685198,0.000153058,none
Sharon Farms And Enterprises Limited,31570685,0.000152504,none
Toronto Police Services,31328246,0.000151333,none
Albright Gardens Homes Incorporated,31316239,0.000151275,none
Native Child And Family Services Of Toronto,31262518,0.000151016,none
Alexandra Marine And General Hospital,30913796,0.000149331,none
North Shore Health Network Reseau Sante Rive Nord,30899481,0.000149262,none
Tri-County Mennonite Homes,30832746,0.00014894,none
Flemingdon Health Centre,30822080,0.000148888,none
Corporation Of The City Of Sault Ste Marie,30570161,0.000147671,none
Education Quality And Accountability Office (Eqao),30455001,0.000147115,none
Reach Out Centre For Kids,30371832,0.000146713,none
Campbellford Memorial Hospital,30270480,0.000146224,none
The Corporation Of Haldimand County,30204812,0.000145906,none
Superior North Catholic District School Board,30127355,0.000145532,none
Children'S Aid Society Of The District Of Sudbury-Manitoulin,30003148,0.000144932,none
Louis W Bray Construction Ltd,30002697,0.00014493,none
Kawartha-Haliburton Children'S Aid Society,29974120,0.000144792,none
Deloitte Llp,29897186,0.00014442,none
Middlesex-London Health Unit,29795670,0.00014393,none
Humber Meadows Long-Term Care Home,29649768,0.000143225,none
Community Living London,29629112,0.000143125,none
Corporation Of The City Of Guelph (O/A City Of Guelph),29590031,0.000142937,none
Ontario College Of Art & Design University (Ocad),29573193,0.000142855,none
Workplace Safety & Prevention Services,29568780,0.000142834,none
Carlingview Manor Operating Inc (O/A Carlingview Manor),29148366,0.000140803,none
Dtoc Ii Long Term Care Lp (O/A Ownership Of Real Estate),29091818,0.00014053,none
Metis Nation Of Ontario Secretariat,29001693,0.000140095,none
"Dexcom Canada, Co.",28896882,0.000139588,none
Trillium,28153701,0.000135998,none
East Nipissing District Home For The Aged (O/A Cassellholme),27871109,0.000134633,none
955464 Ontario Limited,27681214,0.000133716,none
Hellenic Home For The Aged Inc,27527160,0.000132972,none
Community Living Trent Highlands,27447187,0.000132586,none
Community Living Kingston And District,27329379,0.000132016,none
Canadian Mental Health Assoc (Cmha) York Region,27273874,0.000131748,none
"Canada Corporation # 891534-2, Costco Wholesale Canada Ltd.",27176549,0.000131278,none
Community Living Algoma,27135570,0.00013108,none
Lambton College Of Applied Arts And Technology,26990045,0.000130377,none
407 East Development Group General Partnership,26868880,0.000129792,none
Community Living Thunder Bay,26850696,0.000129704,none
Eastern Ontario Regional Network Inc,26811844,0.000129516,none
Ioof Seniors Homes Inc,26666110,0.000128812,none
Art Gallery Of Ontario,26635055,0.000128662,none
Fairhaven Home For Senior Citizens,26606437,0.000128524,none
Leisureworld (2063412 Ontario Limited),26599430,0.00012849,none
Intellectual Property Ontario,26549979,0.000128252,none
Canadore College Of Applied Arts & Technology,26546146,0.000128233,none
Ontario Native Women'S Association,26516409,0.000128089,none
County Of Frontenac,26394968,0.000127503,none
Religious Hospitallers Of St Joseph Of Cornwall,26228001,0.000126696,none
St Joseph'S Health Centre Of Sudbury,26070045,0.000125933,none
Ford Motor Company Of Canada Ltd,26027771,0.000125729,none
Listowel Memorial Hospital,25963477,0.000125418,none
Family And Children'S Services Of Frontenac Lennox And Addington,25706358,0.000124176,none
The Glebe Centre Incorporated,25597811,0.000123652,none
The Rekai Centres,25597099,0.000123649,none
Community Living Guelph Wellington,25477106,0.000123069,none
3M Canada Company,25458096,0.000122977,none
Anishinaabe Abinoojii Family Services,25342208,0.000122417,none
Family And Children'S Services Of Renfrew County,25274230,0.000122089,none
Kemptville District Hospital,25173114,0.0001216,none
Stantec Consulting Ltd,25152162,0.000121499,none
Parkdale Queen West Community Health Centre,25123423,0.00012136,none
North Wellington Health Care Corp,25066677,0.000121086,none
Windsor-Essex County Health Unit,25043882,0.000120976,none
Meta Centre,25000164,0.000120765,none
Kidsability Centre For Child Development,24938982,0.000120469,none
Canadian Mental Health Association - Peel Branch,24891924,0.000120242,none
Board Of Health For The Sudbury & District Health Unit,24844186,0.000120012,none
Canadian Mental Health Association-Simcoe County Branch,24841902,0.000120001,none
Community Living Fort Erie,24735894,0.000119488,none
Shepherd Village Inc,24735016,0.000119484,none
City Of Peterborough,24681080,0.000119224,none
Infrastructure Health And Safety Association,24680500,0.000119221,none
West Park Healthcare Centre,24593798,0.000118802,none
Children'S Treatment Centre Of Chatham Kent,24535874,0.000118522,none
Marianhill Inc,24482614,0.000118265,none
K-W Habilitation Services,24367904,0.000117711,none
District Of Timiskaming Social Services Admin Board,24301130,0.000117388,none
Children'S Aid Society Of The District Of Nipissing And Parry Sound,24300431,0.000117385,none
Arch Long Term Care Lp,24273879,0.000117257,none
Alpha Laboratories Inc,24188871,0.000116846,none
Salesforce.Com Canada Corporation,24145138,0.000116635,none
Cvh (No.1) Lp,24135135,0.000116586,none
North Of Superior Healthcare Group,24126446,0.000116544,none
Addiction And Mental Health Services - Kfla,24027388,0.000116066,none
Kap Paper Inc,24000000,0.000115934,none
St Peter'S Residence At Chedoke,23969144,0.000115785,none
Honda Canada Inc,23921150,0.000115553,none
Manitoulin Health Centre,23888476,0.000115395,none
Bmc Software Canada Inc,23823093,0.000115079,none
Veridos Canada Ltd,23794044,0.000114939,none
Catholic Children'S Aid Society Of Hamilton,23691329,0.000114443,none
North Eastern Ontario Family And Children'S Services Services A La Famille Et A L'Enfance Du Nord-Est De L'Ontario,23678856,0.000114382,none
Facca Inc,23655337,0.000114269,none
"Accounts Under $120,000/Comptes Inférieurs À 120, 000$",23570958,0.000113861,none
Cvh (No 8) Gp Inc,23551316,0.000113766,none
Haldimand War Memorial Hospital,23541912,0.000113721,none
Compugen Inc.,23513711,0.000113585,none
Mohawk Council Of Akwesasne,23454460,0.000113298,none
Hopital Notre-Dame Hospital (Hearst),23384595,0.000112961,none
Nipissing-Miller Limited Partnership,23332080,0.000112707,none
Tendercare Living Centre,23314414,0.000112622,none
County Of Brant,23292096,0.000112514,none
Youth Services Bureau Of Ottawa/Bureau Des Services A La Jeunesse D'Ottawa,23269928,0.000112407,none
Children'S Aid Society Of Algoma,23253196,0.000112326,none
City Of Kingston,23116780,0.000111667,none
Community Living Oshawa/Clarington,23089382,0.000111535,none
Deep River And District Health,23010432,0.000111153,none
Deafblind Ontario Services,22958358,0.000110902,none
Vale Canada Ltd.,22925312,0.000110742,none
Copernicus Lodge Inc,22885149,0.000110548,none
"Linck Child, Youth And Family Supports",22882473,0.000110535,none
Bruce Grey Child And Family Services,22827679,0.000110271,none
Owen Sound Transportation Co Ltd,22824123,0.000110254,none
Rainy River District Social Services Admin Board,22712334,0.000109713,none
Children'S Aid Society Of The City Of Guelph & The County Of Wellington,22633151,0.000109331,none
Telus Health Solutions Inc,22625636,0.000109295,none
Lady Minto Hospital At Cochrane,22507536,0.000108724,none
Good Shepherd Non-Profit Homes Inc,22398887,0.000108199,none
Vdi Healthcare Logistics,22397814,0.000108194,none
District Of Parry Sound Social Services Administration Board,22352214,0.000107974,none
Kina Gbezhgomi Child And Family Services,22241544,0.000107439,none
Fairview Lodge,22202416,0.00010725,none
Flextrack Inc.,22190444,0.000107192,none
Southlake Residential Care Village,22047001,0.0001065,none
Contact Hamilton For Children'S And Developmental Services,21987507,0.000106212,none
Idlewyld Manor,21975560,0.000106154,none
Algonquin Child And Family Services (O/A Hands Thefamilyhelpnetwork.Ca),21955935,0.00010606,none
Everymind Mental Health Services,21902287,0.000105801,none
Espanola General Hospital,21896070,0.00010577,none
Canadian Hearing Services Services Canadiens De L'Ouie,21849006,0.000105543,none
Children'S Aid Society Of The Regional Municipality Of Halton,21848156,0.000105539,none
Nucleus Independent Living,21733865,0.000104987,none
Ontario Brain Institute,21667606,0.000104667,none
Mckesson Canada,21653376,0.000104598,none
Community Living Cambridge,21580937,0.000104248,none
Canes Community Care,21526430,0.000103985,none
Taranis Contracting Group Ltd,21454067,0.000103635,none
St Joseph'S Lifecare Centre,21408393,0.000103415,none
Dtoc Lon G Term Care Lp (O/A Ownership Of Real Estate),21401727,0.000103383,none
Cheshire Homes Of London Inc,21360542,0.000103184,none
Shwe Miikaan-Miller 2020 Limited Partnership,21330197,0.000103037,none
County Of Prince Edward,21203901,0.000102427,none
Community Living Burlington,21197627,0.000102397,none
Alexandra Hospital,21123619,0.000102039,none
Communiticare Health,20985591,0.000101372,none
The Heritage Nursing Home,20885930,0.000100891,none
Hanover & District Hospital,20809474,0.000100522,none
South Riverdale Community Health Centre,20804079,0.000100496,none
Community Living North Halton,20803712,0.000100494,none
Alzheimer Society Peel,20741738,0.000100194,none
Montage Support Services,20728842,0.000100132,none
Broadview Foundation,20677532,9.99E-05,none
Glengarry Memorial Hospital,20654758,9.98E-05,none
Centennial Centre Of Science And Technology (O/A Ontario Science Centre),20504520,9.90E-05,none
Thomson Reuters Canada Ltd.,20472248,9.89E-05,none
Recovery Science Corporation,20459163,9.88E-05,none
Options Northwest Personal Support Services,20380793,9.85E-05,none
Community Network Partners Inc,20372377,9.84E-05,none
Grand Council Treaty 3 Representative Services,20344509,9.83E-05,none
Haliburton Kawartha Pine Ridge District Health Unit,20323191,9.82E-05,none
Linamar Corporation,20315000,9.81E-05,none
St Joseph'S At Fleming,20275442,9.79E-05,none
Payukotayno James & Hudson Bay Family Services,20244952,9.78E-05,none
Southwestern Integrated Fibre Technology Inc,20232681,9.77E-05,none
Community Home Assistance To Seniors,20177335,9.75E-05,none
Proresp Inc.,20153524,9.74E-05,none
North West Ontario Local Health Integration Network,20092753,9.71E-05,none
Bellwoods Centres For Community Living Inc,20027070,9.67E-05,none
Youthdale Treatment Centres,20024958,9.67E-05,none
Scarborough Centre For Healthy Communities,19994065,9.66E-05,none
Dsv Road Inc,19993054,9.66E-05,none
Mama-Wes-Wen The North Shore Tribal Council Secretariat,19973332,9.65E-05,none
Children'S Aid Society Of The United Counties Of Stormont Dundas & Glengarry,19917235,9.62E-05,none
Marten Falls First Nation,19880286,9.60E-05,none
Thomas Cavanagh Construction Ltd,19850608,9.59E-05,none
Wellington-Dufferin-Guelph Health Unit,19838656,9.58E-05,none
Henley Place Limited,19768024,9.55E-05,none
Family And Children'S Services Of Lanark Leeds And Grenville,19753799,9.54E-05,none
Community Living Durham North,19703660,9.52E-05,none
Delcare Cawthra Gardens,19680540,9.51E-05,none
Kingston Frontenac And Lennox And Addington Health Unit,19619126,9.48E-05,none
Royal Ottawa Health Care Group,19570797,9.45E-05,none
Kunuwanimano Child And Family Services,19535419,9.44E-05,none
Assisted Living Southwestern Ontario,19528470,9.43E-05,none
Town Of Collingwood,19453477,9.40E-05,none
Ghd Limited,19382438,9.36E-05,none
Community Living North Bay,19305945,9.33E-05,none
Maplewood Nursing Home Ltd,19299357,9.32E-05,none
The Women'S Christian Association Of London (O/A Mccormick Care Group),19292545,9.32E-05,none
North Bay Parry Sound District Health Unit,19282097,9.31E-05,none
Crown Ridge Health Care Services Inc,19263441,9.31E-05,none
Blackbird Infrastructure 407 General Partnership,19229639,9.29E-05,none
Weechi-It-Te-Win Family Services Inc,19228620,9.29E-05,none
Kenora Association For Community Living,19192888,9.27E-05,none
Prince Edward Addictions And Mental Health Services,19173094,9.26E-05,none
Oneida Nation Of The Thames,19157938,9.25E-05,none
The Corporation Of The City Of North Bay,19082722,9.22E-05,none
Queen'S University At Kingston,19053320,9.20E-05,none
Anson General Hospital,19040895,9.20E-05,none
Atk Care Group Ltd,19022830,9.19E-05,none
Ices (Institute For Clinical Evaluative Sciences),19000000,9.18E-05,none
Town Of Kirkland Lake,18978380,9.17E-05,none
Wabun Tribal Council,18942486,9.15E-05,none
Canadian Mental Health Association Ottawa-Carleton Branch,18848081,9.10E-05,none
Glencore Canada Corp.,18810825,9.09E-05,none
Heritage Green Nursing Home,18801140,9.08E-05,none
Rygiel Supports For Community Living,18747393,9.06E-05,none
Wingham & District Hospital,18708136,9.04E-05,none
Hastings & Prince Edward Counties Health Unit (O/A Hasting Prince Edward Public Health),18680866,9.02E-05,none
Community Living Association For South Simcoe,18636649,9.00E-05,none
Board Of Health For The Northwestern Health Unit (O/A Northwestern Health Unit),18609449,8.99E-05,none
County Of Peterborough,18555474,8.96E-05,none
Ontario Soil & Crop Improvement Association,18491362,8.93E-05,none
Agnico Eagle Mines Ltd,18478938,8.93E-05,none
Registered Nurses Association Of Ontario,18436968,8.91E-05,none
Brant County Health Unit,18366161,8.87E-05,none
St Lawrence Parks Commission,18254701,8.82E-05,none
Canadian Mental Health Association - Windsor-Essex County Branch,18253050,8.82E-05,none
Porcupine Health Unit,18244866,8.81E-05,none
District Of Kenora Home For The Aged,18223429,8.80E-05,none
Md Charlton Co Ltd,18171610,8.78E-05,none
1000259584 Ontario Limited,18119567,8.75E-05,none
Pace Independent Living,18073315,8.73E-05,none
Vha Health & Home Support,17948092,8.67E-05,none
Medtronic Canada Ulc,17931004,8.66E-05,none
Community Living York South,17836501,8.62E-05,none
Town Of Bracebridge,17794259,8.60E-05,none
Reamined Systems Inc,17773958,8.59E-05,none
Aptus Treatment Centre,17765690,8.58E-05,none
Community Living Chatham-Kent,17744361,8.57E-05,none
West Haldimand General Hospital,17671913,8.54E-05,none
Northern College Of Applied Arts & Technology,17646255,8.52E-05,none
Treaty Three Police Services Inc,17618571,8.51E-05,none
Huron-Perth Children'S Aid Society,17609970,8.51E-05,none
Ottawa Carleton Lifeskills Inc,17575414,8.49E-05,none
Unionville Home Society,17569990,8.49E-05,none
Corporation Of Norfolk County,17512774,8.46E-05,none
Connectwell Community Health,17487356,8.45E-05,none
The Neighbourhood Group Community Services,17481498,8.44E-05,none
Lapointe Fisher Nursing Home Ltd,17474672,8.44E-05,none
Board Of Health For Oxford Elgin St. Thomas Health Unit (O/A Southwestern Public Health),17463819,8.44E-05,none
Thunder Bay District Health Unit,17380400,8.40E-05,none
Community Living Greater Sudbury,17244936,8.33E-05,none
Windsor Essex Community Health Centre,17242070,8.33E-05,none
Carefor Health And Community Services,17207088,8.31E-05,none
The Michener Institute Of Education At Uhn,17175741,8.30E-05,none
Advent Health Care Corporation,17173055,8.30E-05,none
Community Services Coordination Network (Ontario),17137514,8.28E-05,none
Canadian Tolling Company International Inc,17133298,8.28E-05,none
Rmis Claims,17110862,8.27E-05,none
Registered Practical Nurses Association Of Ontario,16996980,8.21E-05,none
Axon Public Safety Canada Inc,16995999,8.21E-05,none
Ontario Hiv Treatment Network,16954999,8.19E-05,none
Get A-Head Inc,16912805,8.17E-05,none
Ontario Teachers' Retirement Compensation Arrangement,16881635,8.15E-05,none
Eastern Ontario Health Unit,16846550,8.14E-05,none
"Tandem Diabetes Care Canada, Inc.",16845645,8.14E-05,none
Ican Independence Centre And Network,16840921,8.14E-05,none
Deafblind And Sensory Support Network Of Canada,16840514,8.13E-05,none
Westhills Care Centre Inc.,16829355,8.13E-05,none
Clh Developmental Support Services,16825360,8.13E-05,none
Canadian Mental Health Association - Cochrane Timiskaming Branch,16812215,8.12E-05,none
Mag Aerospace,16779049,8.11E-05,none
John Noble Home,16753196,8.09E-05,none
Villa Colombo Seniors Centre (Vaughan) Inc,16724709,8.08E-05,none
Wexford Residence Inc,16687343,8.06E-05,none
Lutheran Homes Kitchener-Waterloo,16654568,8.05E-05,none
Carleton Place District Memorial Hospital,16652373,8.04E-05,none
Kashechewan First Nation,16623079,8.03E-05,none
Norwest Community Health Centre,16504045,7.97E-05,none
Sioux Lookout First Nations Health Authority,16477844,7.96E-05,none
City Of Kitchener,16444426,7.94E-05,none
United Mennonite Home For The Aged,16429922,7.94E-05,none
Cvh (No 7) Gp Inc As General Partner Of Cvh (No 7) Lp,16413345,7.93E-05,none
Community Living Wallaceburg,16403599,7.92E-05,none
859530 Ontario Inc,16394324,7.92E-05,none
Consortium Centre Jules-Léger,16356835,7.90E-05,none
Board Of Management For The Home For The Aged West Nipissing,16351613,7.90E-05,none
Kenora-Rainy River Districts Child And Family Services,16351017,7.90E-05,none
Children'S Aid Society Of The County Of Dufferin (O/A Dufferin Child And Family Services),16305150,7.88E-05,none
Sarnia-Lambton Children'S Aid Society,16300931,7.87E-05,none
Grace Villa Limited,16202395,7.83E-05,none
Chippawa Creek Care Centre Ltd,16173152,7.81E-05,none
Initiative Media Canada Inc,16149961,7.80E-05,none
The Children'S Aid Society Of The District Of Thunder Bay,16141224,7.80E-05,none
Mississauga Italian Canadian Benevolent Association,16096996,7.78E-05,none
Raise Limited,16094941,7.77E-05,none
Sudbury Developmental Services,16092950,7.77E-05,none
Invest Ontario,16077182,7.77E-05,none
Banyan Community Services Inc,16073059,7.76E-05,none
Anishinabek Police Services,16029612,7.74E-05,none
Head Injury Rehabilitation Ontario,15988838,7.72E-05,none
Canadian Mental Health Association - Durham,15986254,7.72E-05,none
York Hills Centre For Children Youth And Families,15976649,7.72E-05,none
Nipigon District Memorial Hospital,15965855,7.71E-05,none
Community Living Brant,15964871,7.71E-05,none
The Henley House,15912624,7.69E-05,none
Matawa First Nations Management,15888993,7.68E-05,none
Rmis Mvac Claim,15859442,7.66E-05,none
Canadian Mental Health Association Haliburton Kawartha Pine Ridge Branch,15845306,7.65E-05,none
Craigwiel Gardens,15840179,7.65E-05,none
Muslim Welfare Canada (O/A Muslim Welfare Centre),15802000,7.63E-05,none
Peterborough County-City Health Unit,15767591,7.62E-05,none
Niijaansinaanik Child And Family Services,15650243,7.56E-05,none
Mill Creek Care Centre,15641090,7.56E-05,none
Community Living Elgin,15592730,7.53E-05,none
Leisureworld (2063415 Ontario Limited),15547191,7.51E-05,none
Spencer House Inc,15510652,7.49E-05,none
Community Living Dryden-Sioux Lookout,15484505,7.48E-05,none
Canadian Mental Health Association - North Bay And District,15457124,7.47E-05,none
Leacock Care Centre (Orillia),15453537,7.46E-05,none
Vitalaire Canada Inc.,15434919,7.46E-05,none
Hillcrest Village Inc,15403186,7.44E-05,none
Good Shepherd Centre Hamilton,15402549,7.44E-05,none
Sprint Senior People'S Resources In North Toronto,15391456,7.43E-05,none
Vision Loss Rehabilitation Canada,15368408,7.42E-05,none
Maryban Holdings Ltd,15348241,7.41E-05,none
Leeds-Grenville & Lanark,15297889,7.39E-05,none
Roberta Place,15291568,7.39E-05,none
Board Of Health For The Algoma Health Unit (O/A Algoma Health Unit),15203152,7.34E-05,none
Université De L'Ontario Francais,15178715,7.33E-05,none
Community Living Belleville And Area,15121309,7.30E-05,none
Cochrane Temiskaming Resource Centre,15082475,7.29E-05,none
City Of Brantford,15066770,7.28E-05,none
Friuli Long Term Care,15062748,7.28E-05,none
Sundry Payments,14963159,7.23E-05,none
Workplace Safety North,14930929,7.21E-05,none
Pediatric Oncology Group Of Ontario,14920600,7.21E-05,none
Somerset West Community Health Centre,14914594,7.20E-05,none
Canadian Mental Health Association Lambton Kent Branch,14869609,7.18E-05,none
County Of Lanark (Lanark Lodge),14862416,7.18E-05,none
Children'S Aid Society Of Oxford County,14828528,7.16E-05,none
Cvh (No.2) Lp,14808520,7.15E-05,none
Lambton County Developmental Services,14789894,7.14E-05,none
New Leaf Living & Learning Together Inc,14789016,7.14E-05,none
Board Of Health For The Huron Perth Health Unit,14743845,7.12E-05,none
Attawapiskat First Nation,14728507,7.11E-05,none
Forest Protection Ltd.,14682805,7.09E-05,none
Mclean Taylor Construction Limited,14661989,7.08E-05,none
Vision 74 Inc,14636560,7.07E-05,none
Shalom Manor Long Term Care Home,14608702,7.06E-05,none
Ukrainian Canadian Care Centre,14533170,7.02E-05,none
Wellfort Community Health Services,14495728,7.00E-05,none
The Corporation Of The City Of Vaughan,14464716,6.99E-05,none
"Ontario Corporation # 1986939, Hearinglife Canada Ltd.",14424271,6.97E-05,none
Geraldton District Hospital,14399211,6.96E-05,none
Carefirst Seniors And Community Services Association,14368458,6.94E-05,none
Sandy Hill Community Health Centre,14341360,6.93E-05,none
Community Living St Catharines,14331386,6.92E-05,none
Niagara Support Services,14329945,6.92E-05,none
Agricultural Adaptation Council (Aac),14290592,6.90E-05,none
Community Care Durham,14287083,6.90E-05,none
Metro Supply Chain Inc,14285877,6.90E-05,none
"Canadian Mental Health Association, Muskoka-Parry Sound Branch",14254124,6.89E-05,none
"Ontario Corporation # 487759, Hme Ltd.",14243468,6.88E-05,none
The O'Neill Centre,14231595,6.87E-05,none
Norfolk Association For Community Living,14218325,6.87E-05,none
London Intercommunity Health Centre,14171931,6.85E-05,none
Community Living Prince Edward,14123669,6.82E-05,none
Indwell Community Homes,14084558,6.80E-05,none
Community Living Sarnia-Lambton,13997984,6.76E-05,none
Toronto Foundation For Student Success,13996272,6.76E-05,none
Open Text Corporation,13988232,6.76E-05,none
Community Living Oakville,13987579,6.76E-05,none
St Francis Memorial Hospital,13983791,6.75E-05,none
Eastholme East District Of Parry Sound Home For The Aged,13922000,6.73E-05,none
Grey Bruce Health Unit,13920589,6.72E-05,none
Woodstock And District Developmental Services,13909040,6.72E-05,none
Alexander Place,13907816,6.72E-05,none
Canadian Mental Health Association Grey Bruce,13900672,6.71E-05,none
Central Canadian District Christian & Missionary Alliance - Cama Woodlands,13860153,6.70E-05,none
Med-Health Laboratories Ltd,13844815,6.69E-05,none
Lea Consulting Ltd,13823164,6.68E-05,none
Bonnechere Excavating Inc,13790508,6.66E-05,none
Atikokan Health And Community Services (O/A Atikokan General Hospital),13751862,6.64E-05,none
Centretown Community Health Centre,13710422,6.62E-05,none
Firefly (Physical Emotional Developmental And Community Services),13687533,6.61E-05,none
Total Communication Environment,13674572,6.61E-05,none
York Region Newmarket Health Centre,13663072,6.60E-05,none
Mennonite Brethern Senior Citizens Home,13638294,6.59E-05,none
Community Living Central York,13626459,6.58E-05,none
Belmont House,13586351,6.56E-05,none
E3 (Educate Enable Empower) Community Services Inc,13567538,6.55E-05,none
Township Of King,13546082,6.54E-05,none
Autism At Communicare Therapy Inc O/A Act Learning Centre,13492148,6.52E-05,none
Brantwood Residential Development Centre,13434527,6.49E-05,none
Peoplecare Not-For-Profit Homes Inc,13431485,6.49E-05,none
Innovative Community Support Services,13411420,6.48E-05,none
Medical Laboratories Of Windsor Ltd,13410709,6.48E-05,none
Durham Community Health Centre,13367059,6.46E-05,none
Richmond Terrace Limited,13342217,6.45E-05,none
The Mennonite Home Association Of York County,13340733,6.44E-05,none
Humber Valley Terrace Operating Inc (O/A Humber Valley Terrace),13300999,6.43E-05,none
Shouldice Hospital Limited,13299000,6.42E-05,none
Moncrief Construction Ltd,13289380,6.42E-05,none
The Corporation Of The Town Of Innisfil,13256348,6.40E-05,none
Omni Healthcare (Lambton) Limited Partnership,13212630,6.38E-05,none
Copper Terrace Limited,13194598,6.37E-05,none
Sickkids Centre For Community Mental Health,13182524,6.37E-05,none
Bob Rumball Canadian Centre Of Excellence For The Deaf,13178148,6.37E-05,none
Thresholds Homes And Supports Inc,13168682,6.36E-05,none
Innomar Specialty Pharmacy,13167284,6.36E-05,none
The Corporation Of The City Of St Catharines,13160664,6.36E-05,none
Shalom Village Nursing Home,13107606,6.33E-05,none
Langs Farm Village Association,13102782,6.33E-05,none
Ritz Lutheran Villa,13100505,6.33E-05,none
Grove Park Home For Senior Citizens Inc,13093901,6.33E-05,none
Kenora Chiefs Advisory Inc,13086761,6.32E-05,none
Lanark Leeds And Grenville Addictions And Mental Health,13063014,6.31E-05,none
Saint Luke'S Place,13048285,6.30E-05,none
Regina Gardens,13037788,6.30E-05,none
Landform Civil Infrastructures Inc,13001808,6.28E-05,none
Better Living At Thompson House,12963650,6.26E-05,none
Algoma University College,12925970,6.24E-05,none
Morrison Hershfield Ltd,12913849,6.24E-05,none
Circle Of Home Care Services (Toronto),12903948,6.23E-05,none
Canadian Institute For Health Info,12896002,6.23E-05,none
Family & Children'S Services Of St Thomas And Elgin,12875534,6.22E-05,none
Halton Industry Education Council,12854256,6.21E-05,none
Centennial Place Millbrook Inc,12844363,6.20E-05,none
Villa Marconi,12831986,6.20E-05,none
Valley East Long Term Care Centre Inc,12821654,6.19E-05,none
Park Lane Terrace Limited,12809685,6.19E-05,none
Transcanada Pipelines Ltd,12769563,6.17E-05,none
Community Living Owen Sound And District,12763930,6.17E-05,none
Spruce Lodge Home For The Aged,12749227,6.16E-05,none
Victoria Village Inc,12738804,6.15E-05,none
1245556 Ontario Inc,12733980,6.15E-05,none
City Of Guelph,12706765,6.14E-05,none
Bethany Lodge,12694111,6.13E-05,none
Canadian Red Cross Society/La Societe Canadienne De La Croix-Rouge,12684697,6.13E-05,none
Black Creek Community Health Center,12665211,6.12E-05,none
Ina Grafton Gage Home Toronto,12652415,6.11E-05,none
Community Living Grimsby Lincoln & West Lincoln,12639064,6.11E-05,none
Maltby Centre,12625654,6.10E-05,none
488491 Ontario Inc - Avalon Care Centre,12609497,6.09E-05,none
Walpole Island First Nation,12607273,6.09E-05,none
Kpmg Llp,12604641,6.09E-05,none
Community Living Dufferin,12585150,6.08E-05,none
Kindera Living Care Centres Gp Inc.,12549456,6.06E-05,none
Canadian Mental Health Association - Ontario Division,12528309,6.05E-05,none
Ernst & Young Llp,12518597,6.05E-05,none
Local 837 Nursing Home (Hamilton) Corp,12518025,6.05E-05,none
Choices Association Inc,12504459,6.04E-05,none
Belcrest Nursing Homes Ltd,12475749,6.03E-05,none
Four Counties Health Services,12465048,6.02E-05,none
County Of Wellington,12463366,6.02E-05,none
Cvh (No. 4) Gp Inc,12450009,6.01E-05,none
Ottawa Inner City Health Inc,12449288,6.01E-05,none
Sante Montfort,12424714,6.00E-05,none
Heidehof Home For The Aged,12400033,5.99E-05,none
Green First Forest Products Inc.,12374326,5.98E-05,none
John Howard Society,12345634,5.96E-05,none
Moira Place Ltc Home (Aon Inc),12309809,5.95E-05,none
Lady Dunn Health Centre,12304801,5.94E-05,none
Baywoods Place Operating Inc (O/A Baywoods Place),12279313,5.93E-05,none
Mind Forward Brain Injury Services Ontario,12247719,5.92E-05,none
Wyndham Manor,12241302,5.91E-05,none
The North Frontenac Telephone Corporation Limited,12219242,5.90E-05,none
Mills & Mills Llp,12218033,5.90E-05,none
Chippewas Of Rama First Nation,12163830,5.88E-05,none
Centre De Sante Communautaire De Timmins,12097835,5.84E-05,none
Association Pour L'Integration Sociale D'Ottawa,12092767,5.84E-05,none
Wiikwemikong Unceded Indian Reserve (Wuir),12092412,5.84E-05,none
Niagara Childrens Centre,12081199,5.84E-05,none
St Francis Advocates For The Autistic & Developmentally Disabled (Sarnia) Inc,12068550,5.83E-05,none
Perimeter Institute For Theoretical Physics,12053000,5.82E-05,none
Town Of Oakville,12052757,5.82E-05,none
Capo Sgro Llp,12051808,5.82E-05,none
Smooth Rock Falls Hospital,12016419,5.80E-05,none
Northern Nishnawbe Education Council,11964773,5.78E-05,none
Pikangikum First Nation,11944414,5.77E-05,none
Maxville Manor,11896249,5.75E-05,none
Casey House Hospice,11894554,5.75E-05,none
Community Living South Muskoka,11890242,5.74E-05,none
Town Of Cobourg,11806486,5.70E-05,none
Meadow Park (London) Inc,11780263,5.69E-05,none
Lutherwood,11779342,5.69E-05,none
Five Counties Children'S Centre,11775690,5.69E-05,none
Addiction Services Central Ontario,11769764,5.69E-05,none
Red Lake Margaret Cochenour Memorial Hospital Corp,11739555,5.67E-05,none
Goldblatt Partners Llp ,11716293,5.66E-05,none
Enbridge Gas Inc,11712172,5.66E-05,none
Capital Paving Inc,11708114,5.66E-05,none
Tamir Foundation,11662897,5.63E-05,none
Ottawa Jewish Home For The Aged,11650089,5.63E-05,none
County Of Perth,11648300,5.63E-05,none
Google Llc*,11640272,5.62E-05,none
Omni Healthcare (Country Terrace) Limited Partnership,11639107,5.62E-05,none
Algoma Family Services,11623319,5.61E-05,none
Lansdowne Children'S Centre,11623048,5.61E-05,none
Extendicare Central Ontario Inc,11613597,5.61E-05,none
"Alzheimer Society Of Brant, Haldimand Norfolk, Hamilton Halton",11573555,5.59E-05,none
Centre De Sante Communautaire De L'Estrie Ontario,11561074,5.58E-05,none
Primed Medical Products Incorporated,11524951,5.57E-05,none
Lynwood Charlton Centre,11519807,5.56E-05,none
Sherbourne Health Centre,11490476,5.55E-05,none
Lakeshore Area Multi-Services Project Inc (Lamp),11487224,5.55E-05,none
Six Nations Polytechnic Inc,11479061,5.55E-05,none
Community Head Injury Resource Services Of Toronto,11467975,5.54E-05,none
Services De Sante De Chapleau Health Services,11441465,5.53E-05,none
City Of Niagara Falls,11428709,5.52E-05,none
First Nations Technical Institute,11422852,5.52E-05,none
Finlandia Nursing Home Ltd,11391067,5.50E-05,none
"Developmental And Community Services For Children, Youth And Families",11364215,5.49E-05,none
City Of Cornwall,11363879,5.49E-05,none
Humana Community Services,11344981,5.48E-05,none
Ymca Of Greater Toronto,11341635,5.48E-05,none
Regent Park Community Health Centre,11339259,5.48E-05,none
Oakwood Park Lodge,11337041,5.48E-05,none
Webequie First Nation,11336372,5.48E-05,none
Children'S Centre Thunder Bay,11313038,5.46E-05,none
Trent Valley Lodge Ltd,11306703,5.46E-05,none
Pathstone Mental Health,11291334,5.45E-05,none
Parents For Community Living Kitchener Waterloo Inc,11208643,5.41E-05,none
Centre D'Accueil Roger Seguin,11202416,5.41E-05,none
Municipality Of Trent Hills,11187668,5.40E-05,none
Safehaven Project For Community Living,11180892,5.40E-05,none
"Royal Canadian Legion District ""D"" Care Centres",11169447,5.40E-05,none
Town Of Greater Napanee,11154567,5.39E-05,none
Cvh (No 5) Gp Inc,11133361,5.38E-05,none
Harold And Grace Baker Centre,11123800,5.37E-05,none
Seven Generations Education Institute,11107080,5.37E-05,none
North West Geomatics Ltd.,11102193,5.36E-05,none
Haldimand-Norfolk Resource Education And Counselling Help,11085955,5.36E-05,none
Town Of Milton,11046671,5.34E-05,none
York Region Maple Health Centre,11031234,5.33E-05,none
Town Of Parry Sound,11024403,5.33E-05,none
Community Living Hamilton,11016969,5.32E-05,none
Jewish Family & Child Service Of Greater Toronto,11009292,5.32E-05,none
Heartwood Operating Inc (O/A Heartwood),10988974,5.31E-05,none
2829602 Ontario Inc.,10954004,5.29E-05,none
The Corporation Of The City Of Sarnia,10953107,5.29E-05,none
Elm Grove Living Centre Inc,10941918,5.29E-05,none
Forward House Of London,10937863,5.28E-05,none
Contact North,10933329,5.28E-05,none
Touchstone Institute,10928900,5.28E-05,none
Town Of Fort Frances,10904988,5.27E-05,none
Ivan Franko Homes,10891268,5.26E-05,none
Canadian Blood Agency,10852710,5.24E-05,none
Mathematics Of Information Technology And Complex Systems (Mitacs) Inc,10800000,5.22E-05,none
Ontario Online Learning Consortium / Consortium Ontarien Pour L'Apprentissage En Linge,10782352,5.21E-05,none
Dale Brain Injury Services Inc,10765415,5.20E-05,none
Ottawa Salus Corp,10757634,5.20E-05,none
Agricultural Research And Innovation Ontario,10751750,5.19E-05,none
Centre Franco-Ontarien De Ressources Pedagogiques,10731299,5.18E-05,none
Algoma Manor Nursing Home,10722914,5.18E-05,none
Community Living Fort Frances And District,10704696,5.17E-05,none
Miziwe Biik Development Corporation,10704468,5.17E-05,none
"E Blyth, R Boddaert, R Craig, S Dean, Et Al (O/A Parkview Health Care Partnership)",10698586,5.17E-05,none
City Of Owen Sound,10698379,5.17E-05,none
Nisbet Lodge,10696434,5.17E-05,none
South Huron Hospital Association,10688732,5.16E-05,none
Guelph Community Health Centre,10677456,5.16E-05,none
Fred Victor Centre,10661586,5.15E-05,none
Friedmans Llp,10630643,5.14E-05,none
Magellan Community Care,10618000,5.13E-05,none
"  91 Members At 116,550.00",10606050,5.12E-05,none
Vmware International Unlimited Company,10602245,5.12E-05,none
Community Living Welland Pelham,10592634,5.12E-05,none
Community Living Stratford And Area,10578849,5.11E-05,none
New Visions Toronto,10558267,5.10E-05,none
North Lambton Community Health Centre,10546125,5.09E-05,none
Board Of Management For The District Of Parry Sound West Home For The Aged,10541859,5.09E-05,none
One Kids Place Children'S Medical Treatment Centre Of North East Ontario,10536172,5.09E-05,none
Kitchener-Waterloo Extend-A-Family Association,10531179,5.09E-05,none
Community Living Ajax-Pickering And Whitby,10512049,5.08E-05,none
Keystone Child Youth & Family Services,10508078,5.08E-05,none
Ontario Shipyards Inc.,10505748,5.07E-05,none
963,10500000,5.07E-05,none
Lumacare Services,10453037,5.05E-05,none
Sudbury Community Service Centre,10409897,5.03E-05,none
Mushkegowuk Council,10377459,5.01E-05,none
Child Development Institute,10366631,5.01E-05,none
Chatham-Kent Community Health Centres,10361362,5.01E-05,none
Town Of Kapuskasing,10350703,5.00E-05,none
Bingham Memorial Hospital,10272241,4.96E-05,none
1895357 Ontario Inc,10269639,4.96E-05,none
Wiigwas Elder And Senior Care,10265533,4.96E-05,none
Gibson Holdings (Ontario) Ltd,10261952,4.96E-05,none
Muskoka Landing (A Div Of Huntsville Long Term Care Centre Inc),10248481,4.95E-05,none
Ari Financial Services Inc.,10218704,4.94E-05,none
Sherwood Park Manor,10212480,4.93E-05,none
Carveth Nursing Home Ltd,10209486,4.93E-05,none
Community Living Upper Ottawa Valley,10127929,4.89E-05,none
The Hamilton Young Womens Christian Association (Ywca Hamilton),10127521,4.89E-05,none
Perfect Support Inc,10110708,4.88E-05,none
Wildcat Helicopters Inc.,10086366,4.87E-05,none
Services A La Famille Et A L'Enfance Du Nord-Est De L'Ontario,10086206,4.87E-05,none
Archives One Limited Partnership,10077701,4.87E-05,none
Municipality Of West Nipissing,10074239,4.87E-05,none
Community Care City Of Kawartha Lakes,10057906,4.86E-05,none
Computacenter Canada Inc.,10030585,4.85E-05,none
Vibrant Community Health,10008440,4.83E-05,none
Omniabio Inc.,10000000,4.83E-05,none
Kap Paper Inc.,10000000,4.83E-05,none
New Path Youth & Family Counselling Services Of Simcoe County,9985931,4.82E-05,none
Inspire - Community Support Services,9974835,4.82E-05,none
Goodmans Llp,9960334,4.81E-05,none
Brouillette Manor,9873349,4.77E-05,none
City Of Thunder Bay,9863042,4.76E-05,none
Osgoode Care Centre,9856419,4.76E-05,none
Town Of Tecumseh,9849795,4.76E-05,none
City Of Orillia,9783558,4.73E-05,none
Markhaven Incorporated,9773058,4.72E-05,none
Kristus Darzs Latvian Home,9726293,4.70E-05,none
Maple Park Lodge (1365853 Ont Ltd O/A),9715671,4.69E-05,none
D2L Corporation (O/A Desire2Learn),9714219,4.69E-05,none
Parkwood Mennonite Home Inc,9690606,4.68E-05,none
Eastern Ontario Regional Laboratory Association (Eorla),9678134,4.68E-05,none
Unger Nursing Homes Ltd,9667433,4.67E-05,none
Science North,9655765,4.66E-05,none
Montfort Renaissance Inc,9651881,4.66E-05,none
Lakeland Long Term Care Services Corporation,9648574,4.66E-05,none
Occupational Health Clinics For Ontario Workers Inc,9643022,4.66E-05,none
Centre De Sante Communautaire Pinecrest-Queensway,9624327,4.65E-05,none
Town Of Carleton Place,9621932,4.65E-05,none
Peel Senior Link,9593940,4.63E-05,none
Southampton Care Centre Inc,9591377,4.63E-05,none
Association Of Iroquois & Allied Indians (Aiai),9589766,4.63E-05,none
Mars Discovery District,9584300,4.63E-05,none
The Leamington United Mennonite Homes & Apts,9573161,4.62E-05,none
Thrive Child Development Centre Centre De Developpement De L'Enfant,9568071,4.62E-05,none
Sandy Lake First Nation,9561419,4.62E-05,none
Associated Youth Services Of Peel,9514314,4.60E-05,none
Pathways To Education Canada,9500000,4.59E-05,none
City Of Elliot Lake,9493081,4.59E-05,none
Tyndall Seniors Village Inc,9490299,4.58E-05,none
Durham Association For Family Resources And Support,9486424,4.58E-05,none
Mattawa General Hospital,9474139,4.58E-05,none
Centre De Sante Communautaire Hamilton-Niagara Inc,9430500,4.56E-05,none
Roberts / Smart Centre,9420694,4.55E-05,none
Rideau Community Health Services,9414378,4.55E-05,none
Woodview Mental Health And Autism Services,9396298,4.54E-05,none
Town Of Renfrew,9389369,4.54E-05,none
Airbus Helicopters Canada Ltd,9386720,4.53E-05,none
Geneva Centre For Autism,9372603,4.53E-05,none
M&H Llp,9362636,4.52E-05,none
Resolute Forest Products,9350150,4.52E-05,none
Community Living Port Colborne Wainfleet,9345435,4.51E-05,none
Central Toronto Youth Services,9340034,4.51E-05,none
Community Services For Independence North West,9299609,4.49E-05,none
Ricoh Canada Inc,9286112,4.49E-05,none
Hatch Corporation,9257007,4.47E-05,none
Canadian Mental Health Association - Niagara Branch,9242794,4.46E-05,none
Accessible Community Counselling And Employment Services (Acces),9234197,4.46E-05,none
Wesway Inc,9229933,4.46E-05,none
Workers Health And Safety Centre Federation Of Ontario (O/A Workers Health & Safety Centre),9227065,4.46E-05,none
Independent Living Services Simcoe County,9186515,4.44E-05,none
Wpd White Pines Wind Inc,9185594,4.44E-05,none
Ontario Finnish Resthome Association,9159608,4.42E-05,none
Douglas M Davidson,9144627,4.42E-05,none
Tlc Kitchener Nursing & Home Care,9127543,4.41E-05,none
Board Of Management Of The District Kenora,9092118,4.39E-05,none
Rayman Harris Llp,9084403,4.39E-05,none
Hardy Terrace Ltc Operating Limited,9066211,4.38E-05,none
Valley Manor Inc,9052636,4.37E-05,none
Publicis Canada Inc,9048831,4.37E-05,none
Pine River Institute,9027560,4.36E-05,none
Algoma Steel,9027313,4.36E-05,none
Hopewell Support Services,9024254,4.36E-05,none
Nishnawbe-Aski Legal Services Corporation,9020108,4.36E-05,none
City Of Quinte West,9008981,4.35E-05,none
Bloorview Macmillan School Authority,9004420,4.35E-05,none
Stonehenge Therapeutic Community,9001430,4.35E-05,none
Ontario One Call,9000000,4.35E-05,none
Seaway Valley Community Health Centre Inc,8989209,4.34E-05,none
Eabametoong First Nation,8989087,4.34E-05,none
Middlesex Community Living,8941775,4.32E-05,none
Brain Injury Services Of Northern Ontario,8908850,4.30E-05,none
Vector Institute,8900000,4.30E-05,none
Hellenic Care For Seniors Inc,8861043,4.28E-05,none
Compass Community Health (O/A North Hamilton Community Health Centre),8856277,4.28E-05,none
Cerebral Palsy Parent Council Of Toronto,8855837,4.28E-05,none
Indivior Uk Limited,8842087,4.27E-05,none
Friends Supporting Those With Long Term Health Care Needs,8808685,4.26E-05,none
Renfrew County And District Health Unit,8773706,4.24E-05,none
Duncor Enterprises Inc,8755789,4.23E-05,none
Anishnawbe Health Toronto,8754715,4.23E-05,none
Dtoc Iii Long Term Care Lp,8753039,4.23E-05,none
Mohawks Of The Bay Of Quinte,8750839,4.23E-05,none
Madame Vanier Children'S Services,8747673,4.23E-05,none
Black & Mcdonald Limited,8737917,4.22E-05,none
Tungasuvvingat Inuit,8720860,4.21E-05,none
Viva Distribution (Canada) Ltd,8697600,4.20E-05,none
Soar Community Services,8685780,4.20E-05,none
Town Of Whitby,8668285,4.19E-05,none
Knollcrest Lodge,8658570,4.18E-05,none
House Of Friendship,8654359,4.18E-05,none
Indigenous Primary Health Care Council,8653349,4.18E-05,none
Middlesex Terrace Limited,8649337,4.18E-05,none
Carat Canada Inc,8648267,4.18E-05,none
Sprucedale Care Centre Inc,8631115,4.17E-05,none
Municipality Of Lambton Shores,8623197,4.17E-05,none
Corporation Of The City Of Barrie (O/A City Of Barrie),8608587,4.16E-05,none
Children'S Community Network/Reseau Communautaire Pour Enfants,8582665,4.15E-05,none
Belleville And Quinte West Community Health Centre,8569971,4.14E-05,none
Mary Centre,8556284,4.13E-05,none
Canadian Mental Health Association (Thunder Bay),8550229,4.13E-05,none
Fast Canadian Enterprises Ltd,8532864,4.12E-05,none
Agnico Eagle Mines Limited/Mines Agnico Eagle Limitee,8500000,4.11E-05,none
Maple Leaf Foods Inc,8480858,4.10E-05,none
Universitaire De Hearst,8468268,4.09E-05,none
Labdara Lithuanian Nursing Home,8452740,4.08E-05,none
Brockville And Area Centre For Developmentally Handicapped Persons Inc (O/A Developmental Services Of Leeds Grenville),8448836,4.08E-05,none
South-East Grey Support Services,8438809,4.08E-05,none
Algonquin Nursing Home Of Mattawa,8430260,4.07E-05,none
Meadow Park (Chatham) Nursing Home,8418201,4.07E-05,none
Association Canadienne Pour La Sante Mentale-Sudbury/Manitoulin,8408073,4.06E-05,none
Rural Healthcare Innovations,8392497,4.05E-05,none
Mccarthy Tetrault Llp,8319775,4.02E-05,none
Community Healthcaring Kitchener-Waterloo,8307485,4.01E-05,none
The St Christopher House (O/A West Neighbourhood House),8306161,4.01E-05,none
Independent Living Waterloo Region,8301486,4.01E-05,none
Cmhc (Canada Mortgage & Housing Corp),8299311,4.01E-05,none
James Bay Lowlands Secondary School Board,8288834,4.00E-05,none
Hornepayne Community Hospital,8286431,4.00E-05,none
Corporation Of The City Of Belleville,8280860,4.00E-05,none
Community Living West Nipissing Integration Communautaire De Nipissing Ouest,8271009,4.00E-05,none
Fairview Mennonite Homes,8257238,3.99E-05,none
Contact Brant For Children'S And Developmental Services,8230050,3.98E-05,none
Four Counties Addiction Services Team Inc,8227644,3.97E-05,none
Nipissing First Nation,8225930,3.97E-05,none
Alice Saddy Association,8210531,3.97E-05,none
Operation Springboard,8209890,3.97E-05,none
Canadian Mental Health Association Brant-Haldimand-Norfolk Branch,8205965,3.96E-05,none
Inclusion Northumberland,8186487,3.95E-05,none
Corporation Of The Township Ofsouthwold,8182829,3.95E-05,none
John Mcgivney Children'S Centre,8154998,3.94E-05,none
Macdonald Dettwiler And Associates Inc,8140000,3.93E-05,none
Community Living Haldimand,8118747,3.92E-05,none
Tlc Alert Nursing And Home Care Service,8090739,3.91E-05,none
Greenflow Environmental Services Inc,8078039,3.90E-05,none
Ottawa West Community Support,8048354,3.89E-05,none
Moose Cree First Nation,8042013,3.88E-05,none
Giishkaandago'Ikwe Health Services,8041451,3.88E-05,none
One Care Home And Community Support Services,8040845,3.88E-05,none
Excelligent Care,8026000,3.88E-05,none
Rexdale Community Health Centre,8023936,3.88E-05,none
Constance Lake First Nation,8019833,3.87E-05,none
Oakville Senior Citizens Residence,8016652,3.87E-05,none
Pathways Health Centre For Children,8009317,3.87E-05,none
Algonquins Of Pikwakanagan First Nation,8004982,3.87E-05,none
Community Services Of Belleville And District,8003925,3.87E-05,none
George Hull Centre For Children & Families,7972965,3.85E-05,none
Deafblind Community Services,7953945,3.84E-05,none
Ontario Association Of Children'S Aid Societies (Oacas),7952012,3.84E-05,none
District Of Timiskaming Social Services Administration Board,7937018,3.83E-05,none
The Career Foundation,7905078,3.82E-05,none
Golden Years Nursing Homes (Cambridge) Inc,7896754,3.81E-05,none
Better Life Ltc Inc,7883155,3.81E-05,none
Taibu Community Health Centre,7845362,3.79E-05,none
St Joseph'S Home Care,7845247,3.79E-05,none
North Centennial Manor Inc,7809004,3.77E-05,none
Ywca Toronto,7804227,3.77E-05,none
City Of Dryden,7793761,3.76E-05,none
"Ontario Corporation # 001040278, Inspiair Inc.",7762007,3.75E-05,none
Wilderness Helicopters (2009) Ltd.,7751852,3.74E-05,none
Ottawa Foyers Partage,7745880,3.74E-05,none
Mills Community Support Corporation Inc,7721810,3.73E-05,none
Canadian Mental Health Association - Sault Ste Marie Branch,7719024,3.73E-05,none
George Jeffrey Children'S Centre,7711440,3.73E-05,none
Mirdem Nursing Homes Ltd,7696208,3.72E-05,none
Canada Masq Corporation,7634280,3.69E-05,none
Marsh Canada Ltd,7613294,3.68E-05,none
Beausoleil First Nation,7596233,3.67E-05,none
Sante Manitouwadge Health,7593505,3.67E-05,none
Town Of Smiths Falls,7581498,3.66E-05,none
Toronto Business Development Centre,7574382,3.66E-05,none
William W Creighton Youth Services,7543264,3.64E-05,none
Canada Revenue Agency,7542727,3.64E-05,none
Elmira District Community Living,7536958,3.64E-05,none
Kawartha Participation Projects,7531717,3.64E-05,none
Turning Point Youth Services,7503343,3.62E-05,none
Le Cap: Centre D'Appui Et De Prevention,7501571,3.62E-05,none
Thunder Bay Pulp And Paper Inc,7500510,3.62E-05,none
Loyalist Township,7492777,3.62E-05,none
Public Services Health & Safety Association,7476802,3.61E-05,none
Capability Support Services Inc,7474240,3.61E-05,none
Access Independent Living Services,7473034,3.61E-05,none
Traverse Independence Not For Profit,7471441,3.61E-05,none
Ontario Clean Water Agency,7468982,3.61E-05,none
Township Of South Stormont,7433788,3.59E-05,none
Community Living Walkerton And District,7428715,3.59E-05,none
Moosonee District School Area Board,7409175,3.58E-05,none
Access Alliance Multicultural Health And Community Services,7407724,3.58E-05,none
Brain Injury Community Re-Entry (Niagara) Inc,7407716,3.58E-05,none
Skyservice Business Aviation Inc,7399003,3.57E-05,none
Cochrane Temiskaming Children'S Treatment Centre,7398955,3.57E-05,none
Community Living Georgina,7387399,3.57E-05,none
Goldcorp Canada Ltd.,7382725,3.57E-05,none
Maryvale,7380464,3.57E-05,none
Vaughan Community Health Centre Corporation,7366736,3.56E-05,none
Community Living Tillsonburg,7351813,3.55E-05,none
Wabaseemoong Child Welfare Authority,7327361,3.54E-05,none
Alexman Contracting Inc,7319988,3.54E-05,none
Community Living Access Support Services,7315597,3.53E-05,none
Land O'Lakes Community Services,7308690,3.53E-05,none
Foyer Richelieu Welland Inc,7287586,3.52E-05,none
11913930 Canada Inc (O/A Jy Care),7257600,3.51E-05,none
Ontario Council On Articulation And Transfer (Oncat),7247500,3.50E-05,none
Kids Help Phone,7240766,3.50E-05,none
Town Of Whitchurch-Stouffville,7234190,3.49E-05,none
West Parry Sound Recreation And Cultural Centre,7215293,3.49E-05,none
Edgewater Gardens Long Term Care Centre,7212632,3.48E-05,none
Randstad Interim Inc,7194807,3.48E-05,none
Camino Wellbeing + Mental Health,7192386,3.47E-05,none
Six Nations Police Commision,7182333,3.47E-05,none
Camis Inc,7156177,3.46E-05,none
The Corporation Of The City Of Kenora (O/A: City Of Kenora),7145534,3.45E-05,none
Blue Water Rest Home,7137792,3.45E-05,none
Enaahtig Healing Lodge & Learning Centre,7130629,3.44E-05,none
Rogers Communications Inc,7114607,3.44E-05,none
De Havilland Aircraft Of Canada Ltd.,7091770,3.43E-05,none
Centre Francophone Du Grand Toronto,7091433,3.43E-05,none
Jean Tweed Treatment Centre,7082276,3.42E-05,none
Mississauga Integrated Care Centre,7078924,3.42E-05,none
Derbeckers Heritage House Ltd,7077573,3.42E-05,none
Surex Community Services,7062569,3.41E-05,none
Facebook Canada Ltd,7055258,3.41E-05,none
Tbt Engineering Limited,7050911,3.41E-05,none
Alectra Utilities Corporation,7047646,3.40E-05,none
West Elgin Community Health Centre,7038974,3.40E-05,none
Norfolk Hospital Nursing Home,7003622,3.38E-05,none
Shoppers Drugmart Specialty Health Network,7003076,3.38E-05,none
Timiskaming Health Unit,6988491,3.38E-05,none
Bridges Community Health Centre,6981206,3.37E-05,none
Participation House - Brantford,6977659,3.37E-05,none
King Nursing Home Ltd,6966674,3.37E-05,none
Barrie Community Health Centre,6960216,3.36E-05,none
"Brattys Llp, In Trust",6940519,3.35E-05,none
Pricewaterhousecoopers Llp,6937531,3.35E-05,none
Shanti Enterprises Ltd (O/A Royal Terrace),6932329,3.35E-05,none
Support House,6919812,3.34E-05,none
Foyer Des Pionniers,6908996,3.34E-05,none
Ingersoll Support Services Inc,6900002,3.33E-05,none
Resources For Exceptional Children And Youth -Durham Region,6897924,3.33E-05,none
Community Living-Central Huron,6891670,3.33E-05,none
Town Of Prescott,6865491,3.32E-05,none
1267932 Ontario Inc. (O/A Timber Wolf Air),6819713,3.29E-05,none
Eh!Tel Networks Inc,6816062,3.29E-05,none
Alamos Gold Inc,6807691,3.29E-05,none
Dillon Consulting Ltd,6801226,3.29E-05,none
City Of Barrie,6774947,3.27E-05,none
Community Living North Grenville,6770121,3.27E-05,none
Canadian Mental Health Association - Halton Branch,6769275,3.27E-05,none
Ontario Heritage Trust,6754740,3.26E-05,none
Southwest Ontario Aboriginal Health Access Centre (Soahac),6735586,3.25E-05,none
Tulloch Contract Administration Inc,6725862,3.25E-05,none
Legal Aid Ontario ,6692663,3.23E-05,none
Outdoor Outfits Ltd,6683551,3.23E-05,none
Community Living Huntsville,6682625,3.23E-05,none
Lac Seul First Nation,6666544,3.22E-05,none
City Of Sault Ste Marie,6659963,3.22E-05,none
Ontario Infrastructure And Lands Corp C/O Bgis,6654867,3.21E-05,none
"New Brunswick Corporation # 648035, Tw Group Canada Inc.",6652503,3.21E-05,none
Town Of Essex,6642921,3.21E-05,none
Carlington Community Health Centre,6637429,3.21E-05,none
Community Health Centres Of Northumberland,6633399,3.20E-05,none
Hanover Operating Inc (O/A The Village Seniors Community),6599899,3.19E-05,none
Ytn Telecom Network Inc,6596248,3.19E-05,none
City Of Clarence-Rockland,6593688,3.19E-05,none
Community Living Renfrew County South,6592518,3.18E-05,none
Penetanguishene Protestant Separate School Board,6586167,3.18E-05,none
Clurelea Ltd,6578303,3.18E-05,none
584482 Ontario Inc (O/A Manitoulin Lodge),6571815,3.17E-05,none
Community Living - Stormont County,6570148,3.17E-05,none
Cmha Huron Perth Addiction And Mental Health Service,6563883,3.17E-05,none
Royal Botanical Gardens,6555319,3.17E-05,none
Pt Healthcare Solutions Corp (O/A Atlas Physiotherapy),6550156,3.16E-05,none
Responsible Gambling Council (Ontario),6546500,3.16E-05,none
Centre De Sante Univi Health Centre,6529580,3.15E-05,none
Mariann Nursing Home And Residence,6524391,3.15E-05,none
Links2Care,6510697,3.15E-05,none
Corporation Of The City Of Welland,6505115,3.14E-05,none
Participation Lodge-Grey Bruce,6500707,3.14E-05,none
Woolwich Community Health Centre,6487355,3.13E-05,none
Kingsway Nursing Homes Limited,6485733,3.13E-05,none
Esit Canada Enterprise Services Co.,6461476,3.12E-05,none
Kitchenuhmaykoosib Inninuwug,6448199,3.11E-05,none
Town Of Espanola,6447459,3.11E-05,none
Community Living Kirkland Lake,6439715,3.11E-05,none
Bell Canada (Box 9000),6432228,3.11E-05,none
The Ontario Mission Of The Deaf Incorporated,6423399,3.10E-05,none
Brock Community Health Centre,6422939,3.10E-05,none
Peel Housing Corporation,6416717,3.10E-05,none
South-East Grey Community Health Centre,6412726,3.10E-05,none
Arcadis Professional Services (Canada) Inc,6405709,3.09E-05,none
B J Halow & Son Constructors Ltd,6393824,3.09E-05,none
United Chiefs & Councils Of Manitoulin Police Services Commission,6380023,3.08E-05,none
Crest Support Services (Meadowcrest) Inc,6371286,3.08E-05,none
Institute For Quality Management In Healthcare,6363874,3.07E-05,none
Manorcare Partners I,6362047,3.07E-05,none
Broadview Nursing Centre Ltd,6355313,3.07E-05,none
Ymca Of Three Rivers (Midwestern Ontario),6347271,3.07E-05,none
Csc Du Temiskaming,6315650,3.05E-05,none
Independent First Nations Alliance,6279919,3.03E-05,none
Summit Housing & Outreach Programs,6275677,3.03E-05,none
Bennett Village,6269948,3.03E-05,none
Shawanaga First Nation,6269458,3.03E-05,none
Slovenian Linden Foundation (O/A Dom Lipa),6267581,3.03E-05,none
Calian Ltd,6265261,3.03E-05,none
Town Of Lincoln,6260489,3.02E-05,none
Sanofi-Aventis Canada Inc,6257767,3.02E-05,none
North East Association For Community Living Association Pour Integration Communautaire Du Nord Est,6253848,3.02E-05,none
Pleasant Manor Retirement Village,6248154,3.02E-05,none
Niagara Ina Grafton Gage Village,6248114,3.02E-05,none
(Serving Children And Families In Hastings And Prince Edward Counties),6240484,3.01E-05,none
Brockville & Area Community Living Association,6233609,3.01E-05,none
Datafix Comprint Systems Inc.,6211819,3.00E-05,none
Garden River First Nation,6195734,2.99E-05,none
Madison Village Inc.,6193618,2.99E-05,none
Stepping Stones Support Services Program,6187208,2.99E-05,none
Pinecrest-Queensway Community Health Centre Centre De Sante Communautaire Pinecrest-Queensway,6184963,2.99E-05,none
Manorcare Partners Ii,6182302,2.99E-05,none
City Of Pembroke,6172480,2.98E-05,none
Graham Bros Construction Ltd,6143584,2.97E-05,none
Long Lake 58 First Nation,6143447,2.97E-05,none
Deloitte Inc,6135838,2.96E-05,none
Ontario Society For Crippled Children (Easter Seals Ont),6135354,2.96E-05,none
Royal Proresp Inc. /Ontario Corporation # 1365260,6122306,2.96E-05,none
Canadian Mental Health Association- Fort Frances Branch,6120035,2.96E-05,none
La Cite Collegiale,6119988,2.96E-05,none
Seqirus Canada Inc,6112918,2.95E-05,none
Norwood Nursing Home Ltd,6108016,2.95E-05,none
Lifemark Health Corporation,6103456,2.95E-05,none
The Corporation Of The Municipality Of Bluewater,6099339,2.95E-05,none
Community Living Association Of Lanark County,6083507,2.94E-05,none
Parkview Meadows Retirement Village,6082638,2.94E-05,none
Civil Arsa Engineering Inc,6081485,2.94E-05,none
Toyota Canada Inc,6080838,2.94E-05,none
Equifax Canada Inc,6061722,2.93E-05,none
Acclaim Health And Community Care Services,6061021,2.93E-05,none
Davenport-Perth Neighbourhood And Community Health Centre,6060752,2.93E-05,none
Participation House Project (Durham Region ) Inc,6053359,2.92E-05,none
Braemer Retirement Centre,6046852,2.92E-05,none
"Ontario Corporation # 1661660, Ontario Home Oxygen And Respiratory Services Inc.",6045454,2.92E-05,none
"Ontario Corporation # 1928553, Insulet Canada Corporation",6028490,2.91E-05,none
Dover Cliffs Operating Inc (O/A Dover Cliffs),6021547,2.91E-05,none
Omni Healthcare (Wildwood) Limited Partnership,6021321,2.91E-05,none
Ray Of Hope Inc,5993431,2.90E-05,none
Poweron Energy Solutions Lp,5986976,2.89E-05,none
Child & Community Resources,5965887,2.88E-05,none
"Canada Corporation # 1016653-7, National Hearing Services Inc.",5948799,2.87E-05,none
Community Living Dundas County,5947198,2.87E-05,none
Naotkamegwanning First Nation,5944590,2.87E-05,none
Qcc Corp (O/A Watford Quality Care Centre),5936008,2.87E-05,none
Maamwesying North Shore Community Health Services,5928313,2.86E-05,none
Solotech Inc,5926205,2.86E-05,none
Camphill Communities Ontario Inc,5911962,2.86E-05,none
Community Living Timmins Integration Communautaire,5897647,2.85E-05,none
Building Ontario Fund,5885728,2.84E-05,none
Shoppers Drug Mart Inc.,5882984,2.84E-05,none
Bay Haven Nursing Home,5879768,2.84E-05,none
Netagen Communication Technologies Inc,5876170,2.84E-05,none
Hilltop Manor Nursing Home Ltd,5875431,2.84E-05,none
Merit Openshop Contractors Association Of Ontario,5873983,2.84E-05,none
Arirang Age-Friendly Community Centre (Aafcc),5868389,2.83E-05,none
Kenjgewin Teg,5858018,2.83E-05,none
Clinton Public Hospital,5833408,2.82E-05,none
Community Living Glengarry Inc-Integration Communautaire Glengarry Inc,5831398,2.82E-05,none
Women'S Health In Womens Hands,5830456,2.82E-05,none
Hamilton Urban Core Community Health Centre,5830274,2.82E-05,none
Grand Bend Area Community Health Centre Inc,5828297,2.82E-05,none
Institute For Work & Health,5826482,2.81E-05,none
The Arthritis Society,5815361,2.81E-05,none
Home & Community Support Services Of Grey Bruce,5811283,2.81E-05,none
Lutheran Community Care Centre Of Thunder Bay,5798986,2.80E-05,none
Barrie Police Service,5790829,2.80E-05,none
Better Living Health And Community Services,5786611,2.80E-05,none
Eden House Care Facility Inc,5784861,2.79E-05,none
Town Of Amherstburg,5783633,2.79E-05,none
Cantex Distribution Inc,5753398,2.78E-05,none
Scale Hospitality Group Inc.,5751019,2.78E-05,none
International Union Of Operating Engineers Training Institute,5745650,2.78E-05,none
Oshki-Pimache-O-Win: The Wenjack Education Institute,5741689,2.77E-05,none
St Leonard'S Society Of London,5714645,2.76E-05,none
Toronto Public Library,5714187,2.76E-05,none
D M Wills Associates Ltd,5708871,2.76E-05,none
Chippewas Of Nawash First Nation (O/A Chippewas Of Nawash Unceded First Nation),5703896,2.76E-05,none
"Ontario Corporation # 1166505, Maggas Medical Inc.",5699501,2.75E-05,none
The Canada Life Assurance Company,5692782,2.75E-05,none
Babcock Community Care Centre Inc - Babcock Nursing And Rest Homes Ltc,5684039,2.75E-05,none
Metro Pavement Markings Ltd,5675024,2.74E-05,none
Phara - Physically Handicapped Adults Rehabilitation Assoc,5672283,2.74E-05,none
Purolator Inc,5664433,2.74E-05,none
The City Of Brantford,5656478,2.73E-05,none
Community Living St. Marys And Area,5647970,2.73E-05,none
Dryden Fibre Canada,5641044,2.72E-05,none
Mississauga Long Term Care Facility Ltc,5628549,2.72E-05,none
Canadian Helen Keller Centre (Chkc),5615454,2.71E-05,none
Almaguin Highlands Community Living,5610242,2.71E-05,none
District Of Manitoulin Board,5580015,2.70E-05,none
David Smith Youth Treatment Centre,5576428,2.69E-05,none
Wikwemikong Nursing Home,5566261,2.69E-05,none
Community Living Temiskaming South,5532570,2.67E-05,none
Keay Nursing Homes Inc,5526461,2.67E-05,none
Centre De Sante Communautaire Du Grand Sudbury,5525585,2.67E-05,none
Town Of Mattawa,5517419,2.67E-05,none
Ottawa Community Housing Corporation,5511528,2.66E-05,none
Produits Forestiers Greenfirst (Qc) Inc.,5509574,2.66E-05,none
Impala Canada Ltd.,5498122,2.66E-05,none
Iron Mountain Canada Operations Ulc. (O/A Iron Mountain Canada),5475313,2.64E-05,none
South Coast Wellness Addictions And Mental Health,5474784,2.64E-05,none
Human Rights Legal Support Centre,5467450,2.64E-05,none
Draeger Safety Canada Ltd,5463534,2.64E-05,none
Stayner Care Centre Inc,5460783,2.64E-05,none
Senior Persons Living Connected,5458636,2.64E-05,none
Collingwood Nursing Home Ltd,5449784,2.63E-05,none
Gartner Canada Co,5447169,2.63E-05,none
Hearst Kap S-R-F Counselling Services/Services De Counselling De Hearst Kap S-R-F,5440727,2.63E-05,none
City Of Pickering,5437466,2.63E-05,none
Superior Greenstone Association For Community Living,5423236,2.62E-05,none
Town Of Hanover,5418770,2.62E-05,none
458422 Ontario Ltd,5418420,2.62E-05,none
Quantum Valley Ideas Laboratories,5401675,2.61E-05,none
North-West Lines Ltd,5386147,2.60E-05,none
Waasegiizhig Nanaandawe'Iyewigamig Health Access Centre,5384693,2.60E-05,none
Quest Community Health Centre,5381486,2.60E-05,none
Grand Council Treaty #3,5375973,2.60E-05,none
Ontario Land Trust Alliance Inc,5374543,2.60E-05,none
Vpi Inc,5353976,2.59E-05,none
M'Chigeeng First Nation,5344083,2.58E-05,none
Novexco Inc,5314600,2.57E-05,none
County Of Northumberland,5288570,2.55E-05,none
Access Community Services Incorporated,5285023,2.55E-05,none
Ginoogaming First Nation,5262418,2.54E-05,none
Murray Mckinnon Foundation,5255123,2.54E-05,none
County Of Haliburton,5252208,2.54E-05,none
North Star Air Ltd.,5244348,2.53E-05,none
Pinecrest Nursing Home,5230411,2.53E-05,none
Madawaska Valley Association For Community Living,5227306,2.53E-05,none
Halton Alcohol Drug & Gambling Assessment Prevention Treatment - Adapt,5223396,2.52E-05,none
Town Of Bradford-West Gwillimbury,5221429,2.52E-05,none
Fife House Foundation,5207938,2.52E-05,none
Town Of Hawkesbury,5202795,2.51E-05,none
Hksc Developments Lp,5202002,2.51E-05,none
Google Llc,5193924,2.51E-05,none
Canadian Mental Health Assoc-Champlain East,5192544,2.51E-05,none
Genesis Gardens Inc,5177650,2.50E-05,none
Frontenac Youth Services,5169434,2.50E-05,none
East End Community Health Centre,5147023,2.49E-05,none
Wabano Centre For Aboriginal Health Inc,5136669,2.48E-05,none
Transferease Relocation Inc,5125484,2.48E-05,none
Communitech Corporation,5116500,2.47E-05,none
Intergraph Canada Ltd,5108520,2.47E-05,none
Municipality Of Leamington,5106979,2.47E-05,none
Foster Moore Canada Limited,5102048,2.46E-05,none
Town Of Lasalle,5100068,2.46E-05,none
Town Of South Bruce Peninsula,5098351,2.46E-05,none
Monarch Recovery Services,5097902,2.46E-05,none
Baycrest Academy For Research And Education,5094813,2.46E-05,none
Gerstein Centre,5083528,2.46E-05,none
Davies Howe Partners Llp,5072826,2.45E-05,none
Canadian Tooling & Machining Association,5031996,2.43E-05,none
Dixon Hall,5019407,2.42E-05,none
Iroquois Lodge Nursing Home,5013249,2.42E-05,none
Standardaero,5011330,2.42E-05,none
Canadian Mental Health Association - Hamilton-Wentworth,5009726,2.42E-05,none
Hydro One,5008421,2.42E-05,none
2629693 Ontario Inc,5001556,2.42E-05,none
Community Living Quinte West,4995776,2.41E-05,none
Wikwemikong Tribal Police,4987969,2.41E-05,none
Transcare Community Support Services,4978551,2.40E-05,none
Skills Canada Ontario,4964577,2.40E-05,none
Niagara Falls Community Health Centre Inc,4960901,2.40E-05,none
Looby Construction Ltd,4959653,2.40E-05,none
Multi-Generational Housing And Community Centres Toronto,4941000,2.39E-05,none
Golden Dawn Senior Citizens Home,4929964,2.38E-05,none
Avenue Ii Community Program Services Thunder Bay Inc,4925331,2.38E-05,none
Chimo Youth & Family Services Inc,4908413,2.37E-05,none
Northview Nursing Home,4897928,2.37E-05,none
Wsp E & I Canada Limited,4894084,2.36E-05,none
Yorktown Family Services,4891524,2.36E-05,none
Progressive Conservative Party Of Ontario.............................. ,4886909,2.36E-05,none
Atlohsa Family Healing Services Inc,4883967,2.36E-05,none
Centre De Sante Communautaire De Kapuskasing,4877304,2.36E-05,none
South Georgian Bay Community Health Centres,4869256,2.35E-05,none
Niagara Peninsula Children'S Centre School Authority,4847733,2.34E-05,none
Timiskaming Forest Alliance Inc.,4838226,2.34E-05,none
Law Society Of Ontario,4820240,2.33E-05,none
Stackpole International Powder Metal Limited,4820000,2.33E-05,none
Saugeen First Nation #29,4818512,2.33E-05,none
Social Service Bureau Of Sarnia - Lambton Incorporated,4815486,2.33E-05,none
St Clair Child & Youth Services,4809344,2.32E-05,none
Punjabi Community Health Services,4795764,2.32E-05,none
Kihl Construction Management Ltd.,4794269,2.32E-05,none
Wellkin-Child & Youth Mental Wellness,4787350,2.31E-05,none
Municipality Of Wawa,4781834,2.31E-05,none
Peterborough Community Health Centre,4776708,2.31E-05,none
City Of Oshawa,4765882,2.30E-05,none
Infosys Public Services Inc,4763967,2.30E-05,none
Keewaytinook Okimakanak (O/A Northern Chiefs Council),4760347,2.30E-05,none
L'Arche Daybreak,4758666,2.30E-05,none
Bio-Test Laboratory Inc,4756564,2.30E-05,none
Chippewas Of Kettle & Stony Point First Nation,4747273,2.29E-05,none
Mister Chemical Ltd,4744292,2.29E-05,none
Softchoice Canada Inc,4742166,2.29E-05,none
Tno - The Neighbourhood Organization,4731528,2.29E-05,none
Community Living - South Huron,4716200,2.28E-05,none
Gateway Community Health Centre,4716161,2.28E-05,none
Centre De Leadership Et D'Evaluation Inc,4715110,2.28E-05,none
Costi Immigrant Services,4710181,2.28E-05,none
Wine Marketing Association Of Ontario,4700000,2.27E-05,none
Ds Actimo Canada Inc. (O/A Ds C&K Inc.),4700000,2.27E-05,none
Seaforth Community Hospital,4699498,2.27E-05,none
Levaero Aviation,4680847,2.26E-05,none
Keewaywin First Nation,4677024,2.26E-05,none
Jewish Vocational Service Of Metropolitan Toronto,4668805,2.26E-05,none
"Ontario Corporation # 1997526, Complete Respiratory Care Inc.",4665467,2.25E-05,none
Municipality Of Clarington,4660155,2.25E-05,none
Municipality Of North Perth,4658893,2.25E-05,none
Oxford County Community Health Centre,4655724,2.25E-05,none
Alpha Court Non-Profit Housing Corp,4639439,2.24E-05,none
Municipality Of Greenstone,4639276,2.24E-05,none
Regional Hiv/Aids Connection,4638590,2.24E-05,none
North Renfrew Long-Term Care Services Inc,4622130,2.23E-05,none
Town Of Blind River,4613662,2.23E-05,none
Eacom Timber Corp.,4611531,2.23E-05,none
Storage Systems Construction Corp,4608496,2.23E-05,none
The Corporation Of The Town Of Hearst (O/A: Town Of Hearst),4604822,2.22E-05,none
The Canada Life Assurance Company ,4592031,2.22E-05,none
Thunder Bay Pulp And Paper Inc.,4587750,2.22E-05,none
Etobicoke Services For Seniors,4577131,2.21E-05,none
Ontario Fruit & Vegetable Growers' Association,4574945,2.21E-05,none
Ka Vanderzwaag Construction Inc (Kavc),4573674,2.21E-05,none
Pacific Safety Products,4570048,2.21E-05,none
Western Proresp Inc. / Ontario Corporation # 1312813,4568724,2.21E-05,none
Shepherds Of Good Hope,4565900,2.21E-05,none
Power-Tek Electrical Services Inc,4563793,2.20E-05,none
City Of Sarnia,4555843,2.20E-05,none
Country Roads Community Health Centre,4552886,2.20E-05,none
Western Ottawa Community Resource Centre,4552282,2.20E-05,none
Biinjitiwaabik Zaaging Anishinaabek First Nation,4549000,2.20E-05,none
City Of Belleville,4546796,2.20E-05,none
Toronto Bail Program,4540483,2.19E-05,none
City Of Cambridge,4536828,2.19E-05,none
City Of Temiskaming Shores,4534266,2.19E-05,none
City Of North Bay,4529240,2.19E-05,none
Municipality Of Lakeshore,4515091,2.18E-05,none
Lakhwinder Gill,4511448,2.18E-05,none
Kitchenuhmaykoosib Inninuwug First Nation,4506923,2.18E-05,none
Borden Ladner Gervais Llp,4496782,2.17E-05,none
Anova: A Future Without Violence,4489937,2.17E-05,none
Akwesasne Economic Development Agency,4486803,2.17E-05,none
Evolution Mining Ltd,4478125,2.16E-05,none
Brockville & District Association For Community Involvement/Special Needs,4477377,2.16E-05,none
Kennedy House,4464315,2.16E-05,none
Canadian Mental Health Association Kenora Branch,4456491,2.15E-05,none
Kidsability School Authority,4453719,2.15E-05,none
Crossroads Children'S Mental Health Centre,4444443,2.15E-05,none
Upper Canada Road Services Inc,4427935,2.14E-05,none
Mcmichael Canadian Art Collection,4421357,2.14E-05,none
Ganohkwa Sra Family Violence Program,4415391,2.13E-05,none
Rogers Payment Centre,4411251,2.13E-05,none
Ontario Infrastructure Projects Corporation,4404106,2.13E-05,none
Mppe,4403064,2.13E-05,none
Btnx Inc,4380000,2.12E-05,none
Family Services Perth-Huron,4378849,2.12E-05,none
Governing Council Of The University Of Toronto,4369803,2.11E-05,none
Support Ontario Youth,4362471,2.11E-05,none
Eiffage Gc Canada Inc,4357156,2.10E-05,none
Progress Place Rehabilitation Centre (Metropolitan Toronto) Inc,4352425,2.10E-05,none
1902514 Ontario Corporation (O/A Spector Construction Administration),4347559,2.10E-05,none
Meals On Wheels London,4342439,2.10E-05,none
City Of Burlington,4337917,2.10E-05,none
Durham Regional Police Services Board,4332056,2.09E-05,none
Renascent Foundation Inc,4326585,2.09E-05,none
Wendat Community Programs,4325980,2.09E-05,none
Community Living Mattawa/Integration Communautaire De Mattawa,4314938,2.08E-05,none
Daniels Sharpsmart Canada Limited,4313765,2.08E-05,none
"Family Respite Services (Windsor, Essex)",4313201,2.08E-05,none
Centre De Sante Communautaire Chigamik Chc Inc,4308720,2.08E-05,none
Sagamok Anishnawbek First Nation,4305012,2.08E-05,none
St Lawrence Youth Association,4304817,2.08E-05,none
Children'S Mental Health Of Leeds And Grenville,4282931,2.07E-05,none
Caledon Community Services,4269536,2.06E-05,none
Town Of Tillsonburg,4264143,2.06E-05,none
Achev,4256869,2.06E-05,none
Town Of Wasaga Beach,4256503,2.06E-05,none
Corporation Of The Town Of Ajax,4251720,2.05E-05,none
Northern Ontario Regional Tourism Organization (Rto) 13,4208917,2.03E-05,none
Canadian Sport Institute Ontario,4203816,2.03E-05,none
Shoal Lake 40 First Nation,4203554,2.03E-05,none
Ontario 211 Services,4199900,2.03E-05,none
Municipality Of Arran-Elderslie,4194807,2.03E-05,none
Iskatewizaagegan No 39 Independent First Nation,4194200,2.03E-05,none
Gwekwaadziwin Miikan,4190945,2.02E-05,none
Town Of Halton Hills,4190429,2.02E-05,none
St Marys Memorial Hospital,4186964,2.02E-05,none
Town Of Goderich,4177278,2.02E-05,none
The Corporation Of The Township Of Huron-Kinloss,4170744,2.01E-05,none
Town Of Aylmer,4168234,2.01E-05,none
Beendigen Incorporated,4168057,2.01E-05,none
Mppe-Mag-Csd,4152455,2.01E-05,none
Union Hearing Aid Centre Ltd,4151662,2.01E-05,none
Alzheimer Society Of London And Middlesex,4143787,2.00E-05,none
College Of Carpenters And Allied Trades Inc,4116070,1.99E-05,none
Stonegate Community Association,4109535,1.99E-05,none
Triton Canada Inc,4106684,1.98E-05,none
Town Of Gananoque,4106329,1.98E-05,none
The Higher Education Quality Council Of Ontario,4100000,1.98E-05,none
City Of Port Colborne,4094008,1.98E-05,none
Cheshire Homes,4092229,1.98E-05,none
Community Living Hanover And Area Harc Inc,4085361,1.97E-05,none
Scott Petrie Llp,4083129,1.97E-05,none
Helping Hands Orillia,4080497,1.97E-05,none
Community Living Lennox & Addington,4075458,1.97E-05,none
Fort Albany First Nation,4071176,1.97E-05,none
City Of Woodstock,4064982,1.96E-05,none
Parkland Corporation,4063898,1.96E-05,none
Guelph Independent Living,4062535,1.96E-05,none
Bruce Peninsula Association For Community Living,4062212,1.96E-05,none
Craigwood Youth Services,4061304,1.96E-05,none
Maximus Canada Services Inc,4059862,1.96E-05,none
Pic Mobert First Nation,4059594,1.96E-05,none
Alzheimer Society Of The Niagara Region,4046122,1.95E-05,none
John Mcgivney Children'S Centre School Authority,4032508,1.95E-05,none
Hanover Care Centre,4024973,1.94E-05,none
Nordia Inc,4023424,1.94E-05,none
Thunder Bay Counselling Centre,4014015,1.94E-05,none
Mother Parker'S Tea & Coffee Inc,4000000,1.93E-05,none
Exp Services Inc,3995441,1.93E-05,none
I B E W Local Union 353,3991116,1.93E-05,none
The Ottawa Rotary Home,3986274,1.93E-05,none
Community Living Parry Sound,3978325,1.92E-05,none
Ka-Na-Chi-Hih Specialized Solvent Abuse Treatment Centre,3958244,1.91E-05,none
Canadian Reformed Society For A Home For The Aged Inc,3952567,1.91E-05,none
Societe Alzheimer Sudbury-Manitoulin North Bay Et Districts,3949640,1.91E-05,none
Invasive Species Centre ,3940441,1.90E-05,none
Carpenters District Council Of Ontario,3937926,1.90E-05,none
Community Living & Respite Northumberland,3936913,1.90E-05,none
Peterborough Child And Family Centres,3924030,1.90E-05,none
Atikokan Equipment Rentals Sand & Gravel (1204738 Ontario Ltd O/A),3915117,1.89E-05,none
Town Of Georgina,3910475,1.89E-05,none
Assaulted Women'S Helpline,3900202,1.88E-05,none
1103458 Ontario Inc (O/A The Sharp Group),3897731,1.88E-05,none
North York Seniors Centre,3895993,1.88E-05,none
Timiskaming Home Support/Soutien A Domicile,3895882,1.88E-05,none
Ontario Caregiver Organization,3886320,1.88E-05,none
Community Living North Perth,3878747,1.87E-05,none
Indus Community Services,3860397,1.86E-05,none
Youth Employment Services (Yes),3860228,1.86E-05,none
Walkerton Clean Water Centre,3860000,1.86E-05,none
Ojibways Of Onigaming,3859604,1.86E-05,none
Lake Shore Gold Corp.,3855258,1.86E-05,none
Community Living Wingham & District,3853294,1.86E-05,none
Steed & Evans Ltd,3853230,1.86E-05,none
National Capital Children'S Oncology Care Inc.(O/A Ronald Mcdonald House-Ottawa),3850000,1.86E-05,none
Canadian Agency For Drugs And Technologies In Health,3845474,1.86E-05,none
North Park Nursing Home,3824956,1.85E-05,none
Staples Canada Ulc. (O/A Staples Canada),3811826,1.84E-05,none
Williams Communication Services,3809863,1.84E-05,none
Osteoporosis Canada/Osteoporose Canada,3801600,1.84E-05,none
Gowling Wlg (Canada) Llp,3793920,1.83E-05,none
St Catharines Mainstream Non-Profit Housing Project,3791954,1.83E-05,none
The Corporation Of The Township Of Middlesex Centre (O/A Middlesex Centre),3785838,1.83E-05,none
Embrave Agency To End Violence (O/A Interim Place Second House),3785140,1.83E-05,none
Central Community Health Centre,3781581,1.83E-05,none
Curve Lake First Nation,3775625,1.82E-05,none
Town Of Cochrane,3775323,1.82E-05,none
Iamgold Corp.,3772864,1.82E-05,none
Swish Maintenance Ltd,3765461,1.82E-05,none
Wounded Warriors Canada,3762510,1.82E-05,none
Gardiner Miller Arnold Llp,3753000,1.81E-05,none
Ontario Library Service,3749279,1.81E-05,none
Rsa Holdings Ltd,3727106,1.80E-05,none
Wabaseemoong Independent Nations,3724921,1.80E-05,none
Township Of St Clair,3716723,1.80E-05,none
Spinal Cord Injury Ontario,3714442,1.79E-05,none
Belanger Construction (1981) Inc,3713890,1.79E-05,none
City Of St Catharines,3711125,1.79E-05,none
Misiway Milopemahtesewin Community Health Centre,3707312,1.79E-05,none
Closing The Gap Healthcare Group Inc,3685731,1.78E-05,none
Kasabonika Lake First Nation,3683767,1.78E-05,none
City Of Brockville,3671888,1.77E-05,none
Fort William First Nation,3665907,1.77E-05,none
Corporation Of The Town Of Caledon,3655103,1.77E-05,none
Tayside Community Residential & Support Options,3652072,1.76E-05,none
Barrie Area Native Advisory Circle,3650690,1.76E-05,none
Community Living Manitoulin,3641383,1.76E-05,none
"Ontario Corporation # 55609, Medical Pharmacies Group Limited",3640379,1.76E-05,none
Anishinabe Of Wauzhushk Onigum First Nation,3640361,1.76E-05,none
Unite Here Local 75,3636428,1.76E-05,none
Mishkeegogamang First Nation,3617813,1.75E-05,none
Community Counselling Centre Of Nipissing,3600293,1.74E-05,none
Triovest Realty Advisors Inc. ,3600000,1.74E-05,none
Williams Operating Corp,3595142,1.74E-05,none
Hq Health Hub,3595000,1.74E-05,none
St Clair O'Connor Community Inc,3594607,1.74E-05,none
Valoris For Children And Adults Of Prescott-Russell,3590180,1.73E-05,none
Mohawk Medbuy Corporation,3589018,1.73E-05,none
Abiona Centre For Infant & Early Mental Health,3587124,1.73E-05,none
2744925 Ontario Inc,3583059,1.73E-05,none
Lloyd Libke Law Enforcement Sales Inc,3581003,1.73E-05,none
Town Of Iroquois Falls,3574899,1.73E-05,none
Town Of Moosonee,3564603,1.72E-05,none
Ibm Canada Ltd.,3559500,1.72E-05,none
Town Of Ajax,3559037,1.72E-05,none
Arnason Industries Ltd,3557925,1.72E-05,none
North Of Superior Community Mental Health Program Corp,3552073,1.72E-05,none
Northam Ccpf Tenco (Bts) Limited,3550744,1.72E-05,none
Open Doors For Lanark Children & Youth,3546647,1.71E-05,none
Township Of Malahide,3546454,1.71E-05,none
Morriston Park Nursing Home,3546298,1.71E-05,none
Enterprise Canada Inc,3543175,1.71E-05,none
"Shoal Lake Mcl, Lp",3540161,1.71E-05,none
Abilities Centre,3535323,1.71E-05,none
Huron Lodge Community Service Board Inc,3533786,1.71E-05,none
Estonian Relief Committee In Canada,3527401,1.70E-05,none
Municipality Of South Bruce,3525480,1.70E-05,none
Community Support Connections-Meals On Wheels & More,3525205,1.70E-05,none
Sovereign Sportsman Solutions,3519139,1.70E-05,none
Miracle Ear Canada Ltd.,3518150,1.70E-05,none
Northwestern Ontario Innovation Centre Inc,3513247,1.70E-05,none
Paawidigong First Nations Forum,3505149,1.69E-05,none
Nimble Information Strategies Inc.,3503094,1.69E-05,none
King City Lodge Nursing Home,3499065,1.69E-05,none
Shubh Engineering And Project Management Inc,3493186,1.69E-05,none
Community Living - North Frontenac,3492967,1.69E-05,none
Peel Addiction Assessment & Referral Centre (Paarc),3491039,1.69E-05,none
Township Of Pelee,3490979,1.69E-05,none
Positive Living Niagara,3489122,1.69E-05,none
Boundary Waters Forest Management Corp.,3488735,1.69E-05,none
L'Arche Toronto Homes,3485879,1.68E-05,none
Dalton Associates,3480525,1.68E-05,none
Hearinglife Canada Ltd,3475451,1.68E-05,none
Planned Parenthood Toronto,3474393,1.68E-05,none
Grassy Narrows First Nation,3467779,1.68E-05,none
Telus,3460341,1.67E-05,none
Municipality Of Central Huron,3456661,1.67E-05,none
Tillsonburg & District Multi-Service Centre,3453002,1.67E-05,none
Anishinaabe Wiisookodaadiwin Treaty No 3 Corporation (O/A Grand Council Treaty #3),3449702,1.67E-05,none
Viking Air Ltd.,3437310,1.66E-05,none
"Medigas, Division Of Praxair Inc.",3437209,1.66E-05,none
Victim Services Toronto,3435549,1.66E-05,none
Municipality Of Brighton,3432131,1.66E-05,none
Municipality Of Grey Highlands,3426596,1.66E-05,none
Women'S Crisis Services Of Waterloo Region,3421804,1.65E-05,none
Hamilton Health Sciences Corporation,3407976,1.65E-05,none
Asf Associates Inc,3404244,1.64E-05,none
Telus Health (Canada) Ltd.,3403949,1.64E-05,none
Ravi Dhaliwal Professional Corporation,3401953,1.64E-05,none
2533595 Ontario Inc (O/A Blue Branch),3400000,1.64E-05,none
Toronto Finnish Canadian Senior Centre,3397932,1.64E-05,none
Natco Pharma (Canada) Inc,3397290,1.64E-05,none
Denis Gratton Construction Ltd,3385760,1.64E-05,none
Windigo First Nations Council,3380314,1.63E-05,none
Interpreter & Translator Networks Inc.,3378113,1.63E-05,none
Corporation Of The Town Of The Blue Mountains,3377669,1.63E-05,none
Horticultural Trades Association Inc (O/A Landscape Ontario),3367763,1.63E-05,none
Brook Restoration Ltd,3364053,1.63E-05,none
Municipality Of West Perth,3363139,1.62E-05,none
Esri Canada,3354141,1.62E-05,none
Kiikenomaga Kikenjigewen Employment & Training Services (Kkets) Inc,3350000,1.62E-05,none
Nawiinginokiima Forest Management Corp.,3346137,1.62E-05,none
The Phoenix Centre For Children And Families,3345434,1.62E-05,none
Concentra Financial,3342765,1.61E-05,none
Hogan Lovells Us Llp,3338049,1.61E-05,none
Town Of Bancroft,3335104,1.61E-05,none
Municipality Of Thames Centre,3334035,1.61E-05,none
Construction Demathieu & Bard Inc.,3322457,1.60E-05,none
12490625 Canada Institute,3317238,1.60E-05,none
Aboriginal Legal Services Inc.,3316107,1.60E-05,none
Union Hearing Aid Centre Limited,3314048,1.60E-05,none
Town Of Fort Erie,3313608,1.60E-05,none
Northwest Angle 33 First Nation,3310470,1.60E-05,none
Quinan Construction Limited,3307930,1.60E-05,none
Ontario Bioscience Industry Organization (O/A Ontario Bioscience Innovation Organization),3303315,1.60E-05,none
1488245 Ontario Ltd.,3300689,1.59E-05,none
Matawa Health Co-Operative Inc,3278453,1.58E-05,none
Mississaugas Of The Credit First Nation,3276420,1.58E-05,none
Affiliated Services For Children & Youth Inc,3261053,1.58E-05,none
Gull Bay First Nation,3260420,1.57E-05,none
Youthlink Of Metropolitan Toronto,3258857,1.57E-05,none
"Ontario Corporation # 1000200085, Align Central Inc.",3258495,1.57E-05,none
Municipality Of Brockton,3256193,1.57E-05,none
Huron-Perth Centre For Children And Youth,3254540,1.57E-05,none
Dream Legacy Foundation,3254420,1.57E-05,none
Van Pelt Construction Inc,3253541,1.57E-05,none
Armtec Inc,3249554,1.57E-05,none
Nipissing West Community Health Centre (Cscno-Wnchc),3240408,1.57E-05,none
Blackadar Continuing Care Centre,3233033,1.56E-05,none
Unifor,3232741,1.56E-05,none
Ozz Electric Inc.,3232167,1.56E-05,none
Bernt Gilbertson Enterprises Ltd (O/A Gilbertson Enterprises),3225500,1.56E-05,none
Cat Lake First Nation,3224946,1.56E-05,none
Toronto And Region Conservation Authority,3223116,1.56E-05,none
Extend-A-Family (Kingston),3222252,1.56E-05,none
Entrust Ltd,3213038,1.55E-05,none
Municipality Of Sioux Lookout,3203364,1.55E-05,none
Tourism Partnership Of Niagara,3202896,1.55E-05,none
Metis Nation Of Ontario,3199612,1.55E-05,none
Hong Fook Mental Health Association,3198043,1.54E-05,none
Huronia Transition Homes,3192381,1.54E-05,none
Willowbridge Community Services Inc (O/A Family Counselling Centre Of Brant),3190242,1.54E-05,none
Tom Jones Corp.,3190073,1.54E-05,none
Deer Lake First Nation,3180683,1.54E-05,none
Fort Severn First Nation,3179405,1.54E-05,none
Kirkland Lake Gold Inc.,3172701,1.53E-05,none
Campbell Children'S School Authority,3164491,1.53E-05,none
Elizabeth Fry Society Of Greater Toronto,3163540,1.53E-05,none
Town Of Minto,3158341,1.53E-05,none
Township Of Central Frontenac,3155088,1.52E-05,none
Northern Youth Services Inc,3142188,1.52E-05,none
Guelph-Wellington Women In Crisis,3141138,1.52E-05,none
Bj Kapush Contracting Ltd,3137980,1.52E-05,none
Hiatus House,3131414,1.51E-05,none
Moose Factory Island District School Area Board,3127405,1.51E-05,none
The Corporation Of Municipality Of Strathroy-Caradoc,3103473,1.50E-05,none
North Hastings Community Integration Association,3102712,1.50E-05,none
Nibinamik First Nation,3100757,1.50E-05,none
Ontario Aids Network,3096747,1.50E-05,none
Durham Medical (1983) Ltd.,3092424,1.49E-05,none
Canada Royal Milk Ulc,3085149,1.49E-05,none
The Corporation Of The Town Of Kingsville,3076069,1.49E-05,none
Access Better Living Inc / Vie Independante Et Enrichie Inc,3075631,1.49E-05,none
Provincial Building & Construction Trades Council Ontario,3071924,1.48E-05,none
Ontario Corporation # 002845191 - Align Niagara Inc.,3066118,1.48E-05,none
Novexco,3062402,1.48E-05,none
Toronto Festival Of Arts Culture And Creativity,3050000,1.47E-05,none
Vineland Research And Innovations Centre Inc,3046920,1.47E-05,none
Abitibi River Forest Management Inc.,3043818,1.47E-05,none
Chippewas Of The Thames First Nation,3043802,1.47E-05,none
Computronix (Canada) Ltd.,3042741,1.47E-05,none
Town Of Caledon,3041019,1.47E-05,none
Association Of Native Child & Family Services Agencies Of Ontario,3037700,1.47E-05,none
Wisk-Air Helicopters,3033335,1.47E-05,none
Alzheimer Society Of York Region,3025668,1.46E-05,none
Clifford Restoration Ltd. ,3023369,1.46E-05,none
House Of Sophrosyne,3020760,1.46E-05,none
Geriatric Psychiatry Community Services Of Ottawa,3015928,1.46E-05,none
Project Hostel (O/A Yellow Brick House),3012858,1.46E-05,none
The Corporation Of The Township Of Red Rock,3007165,1.45E-05,none
Office Of The Public Guardian & Trustee,3000967,1.45E-05,none
Nova Chemicals Corporation,3000000,1.45E-05,none
Beth Tikvah Foundation Of Hamilton,2998214,1.45E-05,none
Township Of Tiny,2991615,1.45E-05,none
L'Arche-Ottawa,2987189,1.44E-05,none
Town Of Arnprior,2980902,1.44E-05,none
New Democratic Party Of Ontario................................................... ,2972818,1.44E-05,none
Municipality Of South Huron,2972147,1.44E-05,none
Cedarvale Terrace Ltc Limited Partnership,2970129,1.43E-05,none
Community Addiction Services Of Niagara,2969418,1.43E-05,none
County Of Bruce,2964940,1.43E-05,none
Rogers Cable Communications Inc,2955924,1.43E-05,none
Glass House Systems Inc,2955147,1.43E-05,none
Mary Berglund Community Health Centre,2951985,1.43E-05,none
Corporation Of The Town Of Gore Bay (O/A Town Of Gore Bay),2951016,1.43E-05,none
Newcomer Women'S Services Toronto,2947329,1.42E-05,none
De Dwa Da Dehs Nye'S Aboriginal Health Centre,2946935,1.42E-05,none
Ontario Liberal Party......................................................................... ,2941931,1.42E-05,none
Keydata Associates Inc,2940085,1.42E-05,none
Unified Llp,2939377,1.42E-05,none
Toronto Hydro Electric Systems Ltd,2938689,1.42E-05,none
The Ontario Electrical League,2929126,1.41E-05,none
Missinaibi Forest Management Inc.,2924942,1.41E-05,none
Clinical Trials Ontario,2924000,1.41E-05,none
Rogers Communications Inc.,2922931,1.41E-05,none
Victim Services Of Peel,2919143,1.41E-05,none
Alzheimer Society Of Chatham-Kent,2916339,1.41E-05,none
Street Haven At The Crossroads,2915179,1.41E-05,none
Grand River Employment And Training Inc,2915163,1.41E-05,none
Corporation Of The Town Of Newmarket,2912460,1.41E-05,none
Edcore Enterprises (1987) Ltd (O/A Bee Clean Northwest),2909358,1.41E-05,none
Lac Seul Police Services Board Corp (O/A Lac Seul Police Service),2901636,1.40E-05,none
Poplar Hill First Nation,2896485,1.40E-05,none
Forum Research Inc,2895384,1.40E-05,none
John Howard Society Of Ottawa,2895258,1.40E-05,none
Pitney Bowes Of Canada Ltd,2893987,1.40E-05,none
Centre For Effective Practice,2892750,1.40E-05,none
Biigtigong Nishnaabeg,2889690,1.40E-05,none
Invest Ottawa (2013),2885300,1.39E-05,none
Dell Computer Corporation ,2884222,1.39E-05,none
Automotive Industries Association Of Canada,2874880,1.39E-05,none
Township Of Mapleton,2874820,1.39E-05,none
The Pines Long Term Care Facility District Municipality Of Muskoka,2870157,1.39E-05,none
Corporation Of The Municipality Of French River,2869494,1.39E-05,none
Caribbean African Canadian (Cafcan) Social Services,2866716,1.38E-05,none
Community Visions And Networking (Quinte),2865008,1.38E-05,none
Charity House (Windsor),2862684,1.38E-05,none
Elizabeth Fry Society,2861756,1.38E-05,none
Highway Construction Inspection Ontario Inc,2857957,1.38E-05,none
Community Care Concepts Of Woolwich Wellesley & Wilmot,2847233,1.38E-05,none
Tm3 Inc,2844546,1.37E-05,none
Children First In Essex County,2839224,1.37E-05,none
Superior Airways,2838539,1.37E-05,none
"Community & Primary Health Care-Lanark, Leeds & Grenville",2834245,1.37E-05,none
Hydro One Inc,2833021,1.37E-05,none
Municipality Of Kincardine,2830476,1.37E-05,none
"Jaggaer, Llc",2822946,1.36E-05,none
Ontario Corporation Number 1871372,2819453,1.36E-05,none
Township Of Tay,2816807,1.36E-05,none
Tropicana Community Services Organization Of Scarborough,2816581,1.36E-05,none
Cartel Communication Systems Inc,2815189,1.36E-05,none
Town Of Huntsville,2810234,1.36E-05,none
L'Arche London,2808338,1.36E-05,none
Hdr Corporation,2803781,1.35E-05,none
Hunt'S Healtcare Inc.,2799487,1.35E-05,none
Riipen Networks Inc,2798607,1.35E-05,none
Community Living Iroquois Falls L'Integration Communautaire D'Iroquois Falls,2797266,1.35E-05,none
Alzheimer Society Of Toronto,2792414,1.35E-05,none
St Jude Community Homes,2792314,1.35E-05,none
Barbra Schlifer Commemorative Clinic,2787846,1.35E-05,none
Aroland First Nation,2785636,1.35E-05,none
Friends Of The Greenbelt Foundation,2780774,1.34E-05,none
L'Arche (Stratford),2779645,1.34E-05,none
Fairfax Imaging Inc,2778828,1.34E-05,none
Township Of Selwyn,2777488,1.34E-05,none
Group Home For Deaf-Blind Persons (Brantford) Inc,2766981,1.34E-05,none
Pwi-Di-Goo-Zing-Ne-Yaa-Zhing Advisory Services,2765173,1.34E-05,none
L'Arche Sudbury Inc,2755769,1.33E-05,none
Adoption Council Of Ontario,2752953,1.33E-05,none
Town Of New Tecumseth,2752442,1.33E-05,none
Hockey Canada,2750000,1.33E-05,none
Community Living Atikokan,2744218,1.33E-05,none
Wsp Global Inc.,2743866,1.33E-05,none
Municipality Of Dysart Et Al,2740845,1.32E-05,none
Ke Electrical Ltd,2738925,1.32E-05,none
L'Arche Hamilton,2736747,1.32E-05,none
Ch2M Hill Canada Ltd,2734106,1.32E-05,none
Ottawa Convention Centre (O/A Shaw Centre),2731901,1.32E-05,none
Kinoomaadziwin Education Body Inc,2729953,1.32E-05,none
Community Living Espanola,2729506,1.32E-05,none
Halton Women'S Place,2729148,1.32E-05,none
"Filevine, Inc.",2726327,1.32E-05,none
The Corporation Of The Town Of Kingsville*,2720174,1.31E-05,none
Englobe Corporation,2719062,1.31E-05,none
Women In Crisis (Algoma) Inc,2718243,1.31E-05,none
Medline Canada Corporation (O/A Medical Mart),2712000,1.31E-05,none
Corporation Of The City Of Pickering (O/A City Of Pickering),2708855,1.31E-05,none
Surgically Clean Air Inc,2704994,1.31E-05,none
Township Of Centre Wellington,2703698,1.31E-05,none
Execulink Telecom Inc*,2701349,1.30E-05,none
Bellai Alliance Civil Inc.,2699780,1.30E-05,none
Vista Centre,2699355,1.30E-05,none
Across Boundaries,2693606,1.30E-05,none
Township Of Scugog,2691935,1.30E-05,none
Multilingual Community Interpreter Services (Ontario),2687164,1.30E-05,none
Family Services York Region,2687097,1.30E-05,none
Township Of Champlain,2685193,1.30E-05,none
Alzheimer Society Of Windsor & Essex County,2684598,1.30E-05,none
West Toronto Community Health Services (O/A Storefront Humber Home Support Services),2684426,1.30E-05,none
Breakaway,2679082,1.29E-05,none
Township Of North Glengarry,2678253,1.29E-05,none
The Corporation Of The Municipality Of West Elgin,2677582,1.29E-05,none
Venasse Building Group Inc.,2675719,1.29E-05,none
Ptp-Adult Learning And Employment Programs,2668044,1.29E-05,none
Dominion Voting Systems,2667635,1.29E-05,none
Town Of Grimsby,2662734,1.29E-05,none
Community Living Kincardine And District,2657288,1.28E-05,none
Ontario Aboriginal Hiv/Aids Strategy,2654482,1.28E-05,none
Township Of Wellington North,2651996,1.28E-05,none
London Hydro,2647634,1.28E-05,none
Chiefs Of Ontario,2647037,1.28E-05,none
Eagle Lake First Nation,2646412,1.28E-05,none
Town Of Thessalon,2640224,1.28E-05,none
Mitel Networks Corporation,2639615,1.28E-05,none
Bellwood Health Services Inc,2633900,1.27E-05,none
Epiq Class Action Services Canada Inc. ,2629140,1.27E-05,none
Cogeco Connexion Inc,2626596,1.27E-05,none
299340 Ontario Ltd (O/A Muskoka Ambulance Service),2624877,1.27E-05,none
Ywca Peterborough Haliburton,2624794,1.27E-05,none
Sound Times Support Services,2619988,1.27E-05,none
Municipality Of North Middlesex,2618331,1.26E-05,none
Township Of Seguin,2618014,1.26E-05,none
Community Living Meaford,2609736,1.26E-05,none
Robert J Bourgon & Associates Ltd (O/A Bourgon Construction),2608409,1.26E-05,none
Township Of North Frontenac,2606550,1.26E-05,none
Vitalhub Corp,2602149,1.26E-05,none
Ontario Genomics Institute,2600000,1.26E-05,none
North Caribou Lake First Nation,2599497,1.26E-05,none
J W Macintosh Community Support Services,2593214,1.25E-05,none
Airbus Helicopters Canada Ltd.,2590739,1.25E-05,none
Municipality Of Northern Bruce Peninsula,2587369,1.25E-05,none
Township Of The Archipelago,2585218,1.25E-05,none
Rig Logistics Inc,2584684,1.25E-05,none
Township Of Oro-Medonte,2553159,1.23E-05,none
City Of Kenora,2552216,1.23E-05,none
Municipality Of Tweed,2547154,1.23E-05,none
Municipality Of Meaford,2542593,1.23E-05,none
Corporation Of The Township Of Larder Lake,2539591,1.23E-05,none
Skills For Change Of Metro Toronto,2536561,1.23E-05,none
Novexco Inc.,2532832,1.22E-05,none
Civiconnect Youth Community Engagement Organization,2530000,1.22E-05,none
A. J. Nagora Logging Ltd.,2515770,1.22E-05,none
Resolute Fp Canada Inc./Pf Résolu Canada Inc,2515481,1.22E-05,none
Woodgreen Red Door Family Shelter,2511233,1.21E-05,none
Centre De Reeducation Cor Jesu De Timmins Inc,2509146,1.21E-05,none
Family Services Of Peel,2508331,1.21E-05,none
Blade Filters Inc,2507628,1.21E-05,none
Compucom,2506485,1.21E-05,none
Corporation Of The Town Of Rainy River,2505151,1.21E-05,none
Evoq Architecture Inc. ,2504738,1.21E-05,none
Hatch Ltd,2501849,1.21E-05,none
St Leonard'S Community Support Prevention And Residential Services,2501397,1.21E-05,none
Francis De Sena Professional Corporation (O/A Francis De Sena Law Office),2501000,1.21E-05,none
Town Of Orangeville,2500909,1.21E-05,none
Gta Region Investment Attraction (O/A Toronto Global),2500000,1.21E-05,none
Municipality Of North Grenville,2499239,1.21E-05,none
Reliance Offshore Canada Inc,2494962,1.21E-05,none
Spark Power Corp,2488887,1.20E-05,none
Northwestern Ontario Metis Child & Family Services,2488566,1.20E-05,none
Family Services A La Famille Ottawa,2487148,1.20E-05,none
Cima Canada Inc,2485909,1.20E-05,none
Ogwiidachiwaning Sustainable Forest Management Inc.,2484444,1.20E-05,none
Food And Beverage Ontario,2484050,1.20E-05,none
Nokia Canada Inc,2482800,1.20E-05,none
Rideauwood Addiction And Family Services,2479330,1.20E-05,none
Township Of Addington Highlands,2477141,1.20E-05,none
Ibi Group,2473683,1.19E-05,none
Merrymount Children'S Centre,2472670,1.19E-05,none
Town Of Perth,2472502,1.19E-05,none
Helix Hearing Inc,2472048,1.19E-05,none
Community Care Northumberland,2465877,1.19E-05,none
Protexxa Inc.,2465001,1.19E-05,none
Temagami First Nation,2462358,1.19E-05,none
Township Of South Frontenac,2454144,1.19E-05,none
Fisher Scientific Company,2451988,1.18E-05,none
Shingwauk Teaching Lodge,2449506,1.18E-05,none
World Fuel Services Corp.,2441327,1.18E-05,none
Labourers International Union Of North America Local 1059 Training Fund Management Inc (Liuna),2436360,1.18E-05,none
Mission Services Of Hamilton Inc,2433649,1.18E-05,none
Maison D'Amitie,2432730,1.18E-05,none
Sandgate Women'S Shelter Of York Region Inc,2425397,1.17E-05,none
Family Transition Place,2423440,1.17E-05,none
Bearskin Lake First Nation,2420378,1.17E-05,none
Community Care For Central Hastings,2417551,1.17E-05,none
Lake Nipigon Forest Management Inc.,2416907,1.17E-05,none
Hwytec Construction Contracts Administration Inc,2416255,1.17E-05,none
Upper Thames River Conservation Authority,2413886,1.17E-05,none
Walker Construction Limited,2410236,1.16E-05,none
6524443 Canada Inc C/O Brookfield Properties M.C.,2408182,1.16E-05,none
Town Of Atikokan,2407605,1.16E-05,none
Clarion Nursing Home,2406115,1.16E-05,none
Town Of Aurora,2403857,1.16E-05,none
Ymca Of Hamilton/Burlington/Brantford,2402769,1.16E-05,none
Halton Region Conservation Authority,2401549,1.16E-05,none
Township Of Chapleau,2398370,1.16E-05,none
Consor Engineers Llc,2396792,1.16E-05,none
Wunnumin Lake First Nation,2394671,1.16E-05,none
Corporation Of The Town Of Gravenhurst,2390778,1.15E-05,none
Gateway Residential And Community Support Services Of Niagara Inc,2390560,1.15E-05,none
"Ontario Corporation # 1305626, Lakeridge Health",2385864,1.15E-05,none
Family Services Windsor-Essex,2384672,1.15E-05,none
Hope Place Centres,2376310,1.15E-05,none
Brunswick House First Nation,2375956,1.15E-05,none
Thurber Engineering Ltd,2375391,1.15E-05,none
Toronto Fire Services,2361951,1.14E-05,none
Mississauga First Nation,2352605,1.14E-05,none
Rosalie Hall,2350731,1.14E-05,none
Alzheimer Society Of Durham Region,2345284,1.13E-05,none
Municipality Of West Grey,2343694,1.13E-05,none
The Corporation Of The Town Of Milton,2341115,1.13E-05,none
Global Beverage & Logistics Centre Inc,2340045,1.13E-05,none
Salesforce Inc.,2338725,1.13E-05,none
26 Prince Andrew Place Gp Inc,2338102,1.13E-05,none
Township Of Muskoka Lakes,2336354,1.13E-05,none
Wesley Urban Ministries Inc,2334029,1.13E-05,none
Community Support Services Of Niagara Region (Cssn),2332197,1.13E-05,none
"Ontario Corporation # 260316, Canada Care Medical Inc.",2324742,1.12E-05,none
Mission Services Of London,2323920,1.12E-05,none
Wapekeka First Nation,2322002,1.12E-05,none
Ontario Electrical Industry Training Trust Fund,2320396,1.12E-05,none
Connections An Early Years Family Centre Inc,2320087,1.12E-05,none
Kairos Community Resource Centre,2319334,1.12E-05,none
Sistering,2319010,1.12E-05,none
Ottawa Network For Education/ Reseau D' Ottawa Pour L'Education,2315498,1.12E-05,none
Municipality Of Markstay-Warren,2314102,1.12E-05,none
Indigenous Diabetes Health Circle,2312807,1.12E-05,none
Lambton Elderly Outreach Inc,2310226,1.12E-05,none
Township Of Woolwich,2309678,1.12E-05,none
Parkdale Activity - Recreation Centre,2309541,1.12E-05,none
Teranet Enterprises Inc.,2304543,1.11E-05,none
Municipal Property Assessment Corporation,2300457,1.11E-05,none
Sas Institute (Canada) Inc,2300249,1.11E-05,none
Hornepayne Lumber Lp.,2298364,1.11E-05,none
St Michael'S Homes,2291896,1.11E-05,none
Health And Supportive Care Providers Oversight Authority,2277500,1.10E-05,none
Jewish Family Services Of Ottawa,2276959,1.10E-05,none
Chippewas Of Georgina Island,2271564,1.10E-05,none
Grand River Conservation Authority,2270684,1.10E-05,none
Ontario Colleges Library Service (Ocls),2270000,1.10E-05,none
William Osler Proresp Inc. / Ontario Corporation # 002082964,2266711,1.09E-05,none
Richview Community Care Services Corporation,2263871,1.09E-05,none
Sachigo Lake First Nation,2257353,1.09E-05,none
World Wide Electric Inc,2256464,1.09E-05,none
Neoprene Canada Inc,2256233,1.09E-05,none
Mental Health Program Services,2247936,1.09E-05,none
360Kids Support Services,2245735,1.08E-05,none
Blue Door Support Services,2245621,1.08E-05,none
Ymca Of Southwestern Ontario,2241012,1.08E-05,none
Callon Dietz Inc,2240388,1.08E-05,none
"Ontario Corporation # 1374120, R.T. Respiratory Services Inc.",2233633,1.08E-05,none
Nova Vita Women'S Shelter Incorporated,2231138,1.08E-05,none
Township Of Madawaska Valley,2229807,1.08E-05,none
Township Of Algonquin Highlands,2228871,1.08E-05,none
Ontario Lung Association,2228300,1.08E-05,none
Weldexperts Inc,2226508,1.08E-05,none
Municipality Of Central Elgin,2223348,1.07E-05,none
Tham Surveying Ltd,2223025,1.07E-05,none
Sudbury Finnish Rest Home Society Inc,2222260,1.07E-05,none
Mercury Disability Board,2220000,1.07E-05,none
Alus Canada Inc,2219305,1.07E-05,none
Town Of Marathon,2218324,1.07E-05,none
Serenity House Inc,2215694,1.07E-05,none
Ainley Graham & Associates Ltd,2214649,1.07E-05,none
The Corp Of The Town Of Pelham,2211217,1.07E-05,none
Aboriginal Sport And Wellness Council Of Ontario,2209563,1.07E-05,none
Ontario First Nations Economic Developers Association (Ofneda),2207424,1.07E-05,none
Participation House Toronto,2206309,1.07E-05,none
Hearst Forest Management Inc.,2205082,1.07E-05,none
Township Of Puslinch,2204948,1.07E-05,none
The Corporation Of The Township Of Plympton-Wyoming,2203687,1.06E-05,none
Mnp Digital Inc,2201842,1.06E-05,none
Noojmowin Teg Health Centre,2199440,1.06E-05,none
Mennonite New Life Centre Of Toronto,2198459,1.06E-05,none
Mnp Digital Inc.,2198420,1.06E-05,none
Brain Injury Association Of Durham Region,2196282,1.06E-05,none
Empowered Kids Ontario / Enfants Avenir Ontario,2194722,1.06E-05,none
Crisis Homes Inc,2191022,1.06E-05,none
Kbm Resources Group,2189349,1.06E-05,none
Y'S Owl Maclure Cooperative Centre Inc,2185702,1.06E-05,none
Township Of Springwater,2181610,1.05E-05,none
Procom Consultants Group Ltd,2180949,1.05E-05,none
1082753 Ontario Inc (O/A Riegling Brothers Truck & Equipment Sales),2180000,1.05E-05,none
Dentec Safety Specialists Inc,2177735,1.05E-05,none
Youth Habilitation Quinte Inc,2177508,1.05E-05,none
Aviva Canada Inc,2177416,1.05E-05,none
Hornepayne Power Inc.,2174586,1.05E-05,none
Alzheimer Society Of Sault Ste Marie & Algoma District,2172674,1.05E-05,none
Township Of Greater Madawaska,2172027,1.05E-05,none
Municipality Of Killarney,2171595,1.05E-05,none
Canada Bread Company Ltd,2171152,1.05E-05,none
Harmony Centre For Community Living,2170793,1.05E-05,none
Township Of Asphodel,2170430,1.05E-05,none
Dsv Solutions Inc. (O/A Vdi Healthcare Logistics),2167202,1.05E-05,none
Town Of Saugeen Shores,2163666,1.05E-05,none
Interval House Of Hamilton,2161776,1.04E-05,none
Docudavit Solutions Inc,2161172,1.04E-05,none
Batchewana First Nation Of Ojibways,2159954,1.04E-05,none
Upper Canada Leger Centre For Education And Training,2157620,1.04E-05,none
A&B Courier,2156406,1.04E-05,none
Crisis Centre North Bay,2154967,1.04E-05,none
Jupiter Aluminum Corporation,2153635,1.04E-05,none
Hamilton Program For Schizophrenia Inc,2149869,1.04E-05,none
College Sector Committee For Adult Upgrading,2148660,1.04E-05,none
Homeward Family Shelter,2147774,1.04E-05,none
Hiawatha First Nation,2145040,1.04E-05,none
Catholic Family Services Of Peel-Dufferin,2139481,1.03E-05,none
Bingwi Neyaashi Anishinaabek,2138691,1.03E-05,none
Municipality Of Huron East,2132772,1.03E-05,none
Claimspro Lp. (O/A Granite Claims Solutions),2130481,1.03E-05,none
Mackay Manor Inc,2130418,1.03E-05,none
Mustang Helicopters Inc.,2125754,1.03E-05,none
Zone 6 Regional Tourism Organization,2125301,1.03E-05,none
Municipality Of Centre Hastings,2125286,1.03E-05,none
Municipality Of Highlands East,2124264,1.03E-05,none
Municipality Of South Dundas,2121688,1.02E-05,none
Township Of Clearview,2121087,1.02E-05,none
International Brotherhood Of Electrical Workers Local 105 Home Association Inc,2117274,1.02E-05,none
Wayside House Of Hamilton,2117179,1.02E-05,none
Ernestine'S Women'S Shelter,2117086,1.02E-05,none
Municipality Of Marmora And Lake,2113349,1.02E-05,none
Evans De Vries Higgins Llp,2110400,1.02E-05,none
Algonquin Forestry Authority,2110100,1.02E-05,none
Jakes House For Autistic Children,2109794,1.02E-05,none
Township Of Minden Hills,2105248,1.02E-05,none
Society Of St Vincent De Paul Toronto Central Council,2104320,1.02E-05,none
Automotive Parts Manufacturers Association,2103584,1.02E-05,none
Alzheimer Society Waterloo Wellington,2103279,1.02E-05,none
Quad County Support Services,2102678,1.02E-05,none
2256032 Ontario Inc,2102322,1.02E-05,none
Marie Holdings Ltd,2102056,1.02E-05,none
Indigenous Advanced Education And Skills Coucil,2100000,1.01E-05,none
Whitefish River First Nation,2099212,1.01E-05,none
Waldale Manufacturing Ltd,2095760,1.01E-05,none
Corporation Of The Township Of Sables-Spanish Rivers,2095089,1.01E-05,none
Municipality Of Bayham,2094732,1.01E-05,none
North Simcoe Muskoka Hospice Palliative Care Network,2093098,1.01E-05,none
United Chiefs & Councils Of Mnidoo Mnising,2089726,1.01E-05,none
Alternatives Community Program Services (Peterborough) Inc,2088978,1.01E-05,none
Ari Financial Services Inc. T46163,2081810,1.01E-05,none
Dementia Society Of Ottawa And Renfrew County,2077982,1.00E-05,none
Optimus Sbr Inc (O/A Seg Management Consultants),2076476,1.00E-05,none
North Spirit Lake First Nation,2075535,1.00E-05,none
Survivors' Secretariat,2074750,1.00E-05,none
Town Of Niagara-On-The-Lake,2074013,1.00E-05,none
Refrigeration Workers Of Ontario U A Local 787,2072925,1.00E-05,none
Roth Iams Ltd,2071013,1.00E-05,none
New Frontiers Support Services - London Middlesex,2065239,9.98E-06,none
Mackinnon And Bowes Ltd,2065077,9.98E-06,none
Canadian Printing Resources Inc,2064992,9.98E-06,none
Paterson Group Inc,2063262,9.97E-06,none
Youturn-Youth Support Services/Services D'Appui A La Jeunesse,2063004,9.97E-06,none
The Corporation Of The Township Of Mcgarry,2058589,9.94E-06,none
Ontario Hospital Association,2054770,9.93E-06,none
Fair Chance Learning Inc,2053835,9.92E-06,none
Corbrook-Awakening Abilities,2052735,9.92E-06,none
Canadian National Railway Company,2050516,9.91E-06,none
Maison D'Hebergement Pour Femmes Francophones,2049730,9.90E-06,none
Hammer Heads Program,2048823,9.90E-06,none
Delta Family Resource Centre,2045327,9.88E-06,none
Buildwell Consulting Inc.,2045182,9.88E-06,none
Thorold Municipal Non-Profit Housing Corporation,2043249,9.87E-06,none
City Of Welland,2041111,9.86E-06,none
Township Of Hilliard,2035012,9.83E-06,none
Corp Of The Town Of Shelburne,2034454,9.83E-06,none
Peterborough Youth Services,2031741,9.81E-06,none
Oasis Centre Des Femmes Inc,2029970,9.81E-06,none
Pollard Distribution Inc,2024017,9.78E-06,none
"Ontario Corporation # 1559607, Homestead Oxygen & Medical Equipment Inc.",2021940,9.77E-06,none
L'Arche Arnprior,2020287,9.76E-06,none
Municipality Of Oliver Paipoonge,2018456,9.75E-06,none
Municipality Of Hastings Highlands,2017689,9.75E-06,none
Blake Cassels & Graydon Llp,2017472,9.75E-06,none
Community Care Peterborough,2015695,9.74E-06,none
Carahsoft Technology Corp,2013601,9.73E-06,none
Corporation Of The City Of Richmond Hill,2012794,9.72E-06,none
Merative Canada Holdco Unlimited Liability Company,2012781,9.72E-06,none
Township Of Laurentian Valley,2009980,9.71E-06,none
Capable Hands Inc,2009815,9.71E-06,none
L'Equipe D'Hygiene Mentale Pour Francophones De S D & G Inc,2003374,9.68E-06,none
Greenmantle Forest Inc.,2001222,9.67E-06,none
Fields Institute For Research In Math Sciences,2000000,9.66E-06,none
Ontario Cultural Attractions Fund,2000000,9.66E-06,none
Futurpreneur Canada,2000000,9.66E-06,none
Windsor Regional Proresp Inc. / Ontario Corporation # 1815659,1999479,9.66E-06,none
Minwaashin Lodge - Indigenous Women'S Support Centre (O/A Minwaashin Lodge-Aboriginal Women'S Support Centre),1990346,9.61E-06,none
(O/A: Mckesson Canada Corporation),1987145,9.60E-06,none
Town Of St Marys,1986075,9.59E-06,none
Native Canadian Centre Of Toronto,1981950,9.57E-06,none
Ymca Of The National Capital Region (O/A National Capital Region Ymca-Ywca),1978009,9.55E-06,none
Township Of Bonnechere Valley,1977576,9.55E-06,none
1089907 Ontario Inc (O/A Keewatin Contracting),1976679,9.55E-06,none
Medical Innovation Xchange,1975488,9.54E-06,none
Corporation Of The Town Of Englehart,1974350,9.54E-06,none
Sigfusson Northern Ltd,1973519,9.53E-06,none
Fernie Youth Services,1973237,9.53E-06,none
Ubisoft Toronto Inc,1972969,9.53E-06,none
North York Women'S Shelter Inc,1969892,9.52E-06,none
Keewaytinook Okimakanak Board Of Education,1964469,9.49E-06,none
Seniors Life Enhancement Centres,1962897,9.48E-06,none
Township Of Whitewater Region,1961069,9.47E-06,none
First Resource Management Group Inc,1960014,9.47E-06,none
2509752 Ontario Limited (O/A Derrick Johnstone Construction),1959673,9.47E-06,none
Priority Dispatch Corporation,1958936,9.46E-06,none
St Joseph'S Infirmary,1957800,9.46E-06,none
Gilmore Global Logistics Services Inc,1957631,9.46E-06,none
Les Centres D'Accueil Heritage,1957546,9.46E-06,none
Anishinaabeg Of Kabapikotawangag Resources Council Inc,1957115,9.45E-06,none
Alpine Helicopters Ltd.,1956775,9.45E-06,none
Township Of Lucan Biddulph,1955271,9.45E-06,none
Priority Healthcare Staffing Solutions Inc.,1953358,9.44E-06,none
Other Accounts ,1951522,9.43E-06,none
The Corporation Of The Municipality Of Southwest Middlesex,1950933,9.42E-06,none
Gamble Transportation Group Inc,1948641,9.41E-06,none
Compass Minerals Canada,1946199,9.40E-06,none
Hutton House Association For Adults With Disabilities,1945126,9.40E-06,none
Sra Staffing Solutions Ltd.,1941049,9.38E-06,none
The Corporation Of The Municipality Of Red Lake,1939581,9.37E-06,none
Chemise Empire Ltee,1939495,9.37E-06,none
Southlake Proresp Inc./Ontario Corporation Number 002455981,1938054,9.36E-06,none
Madison Community Services,1936953,9.36E-06,none
City Of Thorold,1936325,9.35E-06,none
2460918 Ontario Inc,1934463,9.34E-06,none
Algonquin Treaty Negotiations Funding Trust,1933844,9.34E-06,none
Township Of Rideau Lakes,1933622,9.34E-06,none
Interior Finishing Systems Training Centre,1930630,9.33E-06,none
Liveworkplay,1929476,9.32E-06,none
Maison Interlude House Inc,1927746,9.31E-06,none
Peel Cheshire Home (Brampton) Inc,1927614,9.31E-06,none
Regional Tourism Organization 7,1927563,9.31E-06,none
The Redwood Shelter,1921599,9.28E-06,none
"Ontario Corporation # 77912, Carruthers Drugs Limited",1917165,9.26E-06,none
2336845 Ontario Inc. (O/A Vasant Veerasuntharam),1916984,9.26E-06,none
Aids Committee Of Thunder Bay,1916287,9.26E-06,none
Investissements Gest-E Inc.,1915200,9.25E-06,none
"  18 Member At 106,143.75",1910588,9.23E-06,none
Shibogama First Nations Council,1910573,9.23E-06,none
"Ontario Corporation # 002468808, Align Brm Enterprises Inc.",1908411,9.22E-06,none
Waterloo Region Nurse Pracititioner Led Clinic,1907690,9.22E-06,none
Hospice Niagara,1904137,9.20E-06,none
Supported Training & Rehabilitation In Diverse Environments (Stride),1903084,9.19E-06,none
Toronto Council Fire Native Cultural Centre,1902732,9.19E-06,none
Roadpost Inc T46274,1902382,9.19E-06,none
Iisd Experimental Lakes Area,1900000,9.18E-06,none
The Corporation Of The City Of Cambridge,1898517,9.17E-06,none
Coding4Veterans,1898204,9.17E-06,none
4K Engineers Ltd,1898091,9.17E-06,none
Eastern Ottawa Resource Centre,1896697,9.16E-06,none
W.S. Morgan Construction Limited,1895083,9.15E-06,none
Anaplan Inc,1894500,9.15E-06,none
Rexall/Pharma Plus Pharmacies Ltd,1893944,9.15E-06,none
London Family Court Clinic Incorporated,1891650,9.14E-06,none
Branch 133 Legion Village Inc,1890465,9.13E-06,none
Township Of Perth East,1889621,9.13E-06,none
Canadian National Institute For The Blind (Cnib),1889404,9.13E-06,none
Atikameksheng Anishnawbek (Whitefish Lake First Nation),1887723,9.12E-06,none
Bioenterprise Canada Corp,1886054,9.11E-06,none
Town Of Innisfil,1884675,9.10E-06,none
Rogers Communications,1884445,9.10E-06,none
9487158 Canada Inc.,1878911,9.08E-06,none
Town Of Northeastern Manitoulin & The Islands,1877120,9.07E-06,none
Township Of North Huron,1876704,9.07E-06,none
Amazon,1876224,9.06E-06,none
Integrity Tool & Mold Inc,1874121,9.05E-06,none
Softchoice Corporation ,1872861,9.05E-06,none
Youth Opportunities Unlimited,1869875,9.03E-06,none
Lambton Proresp Inc. /Ontario Corporation # 876753,1869385,9.03E-06,none
Women'S Place (St Catharines & District) Inc,1867592,9.02E-06,none
Fast Track Community Centre For Skills Development & Training,1867375,9.02E-06,none
Transworld Systems Inc,1862723,9.00E-06,none
Lake Simcoe Region Conservation Authority,1861767,8.99E-06,none
Right Management Canada Inc,1859839,8.98E-06,none
Ontario Power Generation Inc,1859056,8.98E-06,none
Bda Inc.,1857892,8.97E-06,none
993699 Ontario Ltd (O/A Wholesale Utilities),1857038,8.97E-06,none
Banctec (Canada) Inc,1854714,8.96E-06,none
Township Of Alfred & Plantagenet,1853412,8.95E-06,none
Peer Support South East Ontario,1852794,8.95E-06,none
Wabigoon Lake Ojibway Nation,1850012,8.94E-06,none
Planview Inc,1846188,8.92E-06,none
Sedna Women'S Shelter & Support Services Inc,1844955,8.91E-06,none
Microsoft Canada Inc.,1835290,8.87E-06,none
Credit Valley Conservation Authority,1832332,8.85E-06,none
Burgess Engineering Inc,1832071,8.85E-06,none
Aliments Nortera Inc. Nortera Foods Inc.,1831629,8.85E-06,none
Skills Council Of Canada Inc,1830050,8.84E-06,none
10480797 Canada Inc,1827629,8.83E-06,none
Shore Consulting Group Inc,1826710,8.82E-06,none
Arauco Canada Ltd.,1824912,8.82E-06,none
The Reverend Tommy Beardy Memorial Wee Che He Wayo-Gamik Family Treatment Centre,1822846,8.81E-06,none
2859824 Ontario Limited,1821082,8.80E-06,none
Township Of North Dundas,1820139,8.79E-06,none
Colleges Ontario,1819500,8.79E-06,none
Sunnybrook Research Institute,1818780,8.79E-06,none
Public Trustee Province Of Ontario,1816965,8.78E-06,none
Durham Family Court Clinic,1815118,8.77E-06,none
Haldimand Norfolk Community Senior Support Services Inc,1812858,8.76E-06,none
1036332 Ontario Inc.,1811655,8.75E-06,none
Owen Sound Highway Maintenance Ltd,1811203,8.75E-06,none
Women'S Resources Of Kawartha Lakes,1807101,8.73E-06,none
Quickstart Early Years Partnership Inc,1806902,8.73E-06,none
Horizon Proresp Inc. / Ontario Corporation # 1162526,1806820,8.73E-06,none
New Beginnings Essex County,1804482,8.72E-06,none
Haldimand & Norfolk Women'S Services,1804137,8.72E-06,none
Dana Canada Corporation,1800000,8.70E-06,none
Oshawa Senior Citizens Centre,1798948,8.69E-06,none
Momiji Seniors Residence,1798283,8.69E-06,none
Community Support Centre Of Essex County,1798000,8.69E-06,none
Municipality Of Huron Shores,1792013,8.66E-06,none
Corporation Of The Township Of Severn,1788763,8.64E-06,none
Am Pain And Wellness Inc,1787401,8.63E-06,none
Right To Play International,1782241,8.61E-06,none
Jeffrey Goldstein (O/A Wheel Walker Inc),1778778,8.59E-06,none
Women'S Place Of South Niagara Inc,1778627,8.59E-06,none
Neskantaga First Nation,1778270,8.59E-06,none
Services Communautaires De Prescott-Russell,1777350,8.59E-06,none
Sudbury Young Women'S Christian Association,1774034,8.57E-06,none
Aspire For Higher Elite Basketball,1773039,8.56E-06,none
Jonluca Enterprises Inc,1772567,8.56E-06,none
Ari Financial Services Inc T46163,1772274,8.56E-06,none
First Step Women'S Shelter,1769605,8.55E-06,none
Weirfoulds Llp,1768141,8.54E-06,none
Ellwood Robinson Inc,1767726,8.54E-06,none
Lake Ridge Community Support Services,1757044,8.49E-06,none
Canada Post,1752783,8.47E-06,none
Sleep Management Group Ltd.,1752457,8.47E-06,none
"Corporation Of The United Counties Of Stormont, Dundas & Glengarry ",1749467,8.45E-06,none
1446705 Ontario Inc,1747606,8.44E-06,none
1232397 Ontario Ltd,1746942,8.44E-06,none
Dogwood Animal Sanctuary Inc,1745838,8.43E-06,none
Portage Ontario,1745132,8.43E-06,none
Hr Associates Incorporated,1744166,8.43E-06,none
Serpent River First Nation,1743362,8.42E-06,none
Township Of Lanark Highlands,1737655,8.39E-06,none
Auvenir Technologies Ulc,1733517,8.37E-06,none
Ontario Association Of Adult And Continuing Education School Board Administrators (Cesba),1732920,8.37E-06,none
Sault Ste Marie & District Group Health Association,1727801,8.35E-06,none
Total Credit Recovery Ltd,1726400,8.34E-06,none
The Corporation Of The Township Of Havelock-Belmont-Methuen,1726008,8.34E-06,none
Woundpedia,1723900,8.33E-06,none
Alzheimer Society Lanark Leeds Grenville,1721908,8.32E-06,none
Westover Treatment Centre,1720176,8.31E-06,none
Taykwa Tagamou Nation,1720104,8.31E-06,none
Bernadette Mccann House For Women Inc,1719801,8.31E-06,none
Hastings And Prince Edward Learning Foundation,1716608,8.29E-06,none
National Electrical Trade Council,1711800,8.27E-06,none
Lgi Solutions Santé Inc./Lgi Healthcare Solutions Inc.,1704259,8.23E-06,none
National Hearing Services Inc (O/A Connect Hearing),1703151,8.23E-06,none
Coalition Ontarienne De Formation Des Adultes,1699500,8.21E-06,none
Municipality Of Strathroy-Caradoc,1698743,8.21E-06,none
Township Of Norwich,1697063,8.20E-06,none
Triovest Realty Advisors Inc,1696263,8.19E-06,none
Alzheimer Society Of Timmins-Porcupine District Inc.,1694460,8.19E-06,none
Starcom Canada,1693750,8.18E-06,none
Niiwin Wendaanimok Limited Partnership,1693436,8.18E-06,none
Big Grassy River First Nation,1691231,8.17E-06,none
Ondaadiziwin Forest Management Inc.,1685272,8.14E-06,none
Mornington Communications Co-Operative Ltd,1681088,8.12E-06,none
Ontario Masonry Training Centre,1680552,8.12E-06,none
Firan Technology Group Corporation,1680079,8.12E-06,none
"Compass, Boussole, Akii-Izhinoogan Mental Health, Developmental And Community Services For Children, Youth And Families",1679651,8.11E-06,none
Bausch Health Canada Inc,1678395,8.11E-06,none
Township Of West Lincoln,1674999,8.09E-06,none
Township Of Otonabee-South Monaghan,1673890,8.09E-06,none
Pni Contracting Ltd,1673505,8.08E-06,none
Point In Time Centre For Children Youth And Parents,1665259,8.04E-06,none
Geotab Inc,1663006,8.03E-06,none
Hr Associates Inc.,1661909,8.03E-06,none
Law Firm Of Aminah Rafique,1661339,8.03E-06,none
Women'S House Serving Bruce & Grey,1660904,8.02E-06,none
Provincial Road Markings Inc,1659110,8.01E-06,none
Action Medical Home Health (Woodstock) Inc.,1658060,8.01E-06,none
St. Joseph'S Proresp Inc./2045897 Ontario Corporation Number,1655324,8.00E-06,none
South Asian Autism Awareness Centre,1652981,7.98E-06,none
Aids Committee Of Cambridge Kitchener Waterloo & Area,1651555,7.98E-06,none
Alzheimer Society Of Sarnia-Lambton,1650548,7.97E-06,none
Township Of Cramahe,1648627,7.96E-06,none
Sioux-Hudson Literacy Council,1646242,7.95E-06,none
T W Marsh Well Drilling & Servicing Inc.,1638708,7.92E-06,none
Kingston Interval House,1637437,7.91E-06,none
Municipality Of Central Manitoulin,1635619,7.90E-06,none
Ne-Chee Friendship Centre,1635099,7.90E-06,none
Day Communications Group Inc,1633025,7.89E-06,none
Toronto Zenith Contracting Ltd,1631949,7.88E-06,none
The Ontario Community Centre For The Deaf Inc,1629451,7.87E-06,none
Township Of Schreiber,1627997,7.86E-06,none
Komutel Inc,1627488,7.86E-06,none
Essex Region Conservation Authority,1627359,7.86E-06,none
T G Carroll Cartage Ltd,1622949,7.84E-06,none
Expedition Helicopters Inc.,1620924,7.83E-06,none
Noveen Engineering Inc,1619846,7.82E-06,none
Traffic Survey Analysis Inc,1616761,7.81E-06,none
Hospice Of Windsor & Essex County Inc,1616555,7.81E-06,none
Nature Conservancy Of Canada,1615468,7.80E-06,none
Township Of Stirling-Rawdon,1614549,7.80E-06,none
Aphasia Institute,1608685,7.77E-06,none
Softchoice Corp,1608324,7.77E-06,none
Dr Roz'S Healing Place,1608260,7.77E-06,none
Municipality Of Dutton-Dunwich,1601372,7.74E-06,none
Women & Children'S Shelter (Barrie),1601244,7.73E-06,none
Compass Community Services,1601042,7.73E-06,none
Township Of Wellesley,1600922,7.73E-06,none
Glenn Douglas Duclos & Rebecca Duclos,1600000,7.73E-06,none
Ownbackup Inc,1594991,7.70E-06,none
Care Centre For Internationally Educated Nurses,1594273,7.70E-06,none
Township Of Frontenac Islands,1586704,7.66E-06,none
The Oaks Revitalization Association,1586694,7.66E-06,none
Township Of Southgate,1586448,7.66E-06,none
1159385 Ontario Limited (O/A Tim Hortons),1584376,7.65E-06,none
Don Mills Surgical Unit Ltd,1580000,7.63E-06,none
The Ajax-Pickering Women'S Centre Inc,1579659,7.63E-06,none
Wasauksing First Nation,1576017,7.61E-06,none
Township Of Georgian Bay,1574993,7.61E-06,none
Corporation Of The City Of Kitchener (O/A City Of Kitchener),1574962,7.61E-06,none
Life Technologies Inc,1574940,7.61E-06,none
Family Service Kent/Services A La Famille-Kent,1567580,7.57E-06,none
Brain Injury Services Of Simcoe County,1564862,7.56E-06,none
Canadian Niagara Hotels Inc,1563751,7.55E-06,none
"Ontario Corporation # 002089722, Design Prosthetic Appliance Co.",1561729,7.54E-06,none
717249 Ontario Limited,1558888,7.53E-06,none
Township Of Leeds And The Thousand Islands,1558738,7.53E-06,none
North Cochrane Addiction Services Inc,1557499,7.52E-06,none
Black Coalition For Aids Prevention,1555411,7.51E-06,none
"Inuuqqatigiit Centre For Inuit Children, Youth And Families",1555384,7.51E-06,none
Whitesand First Nation,1554811,7.51E-06,none
Region 9 Regional Tourism Organization,1554500,7.51E-06,none
Canadian Cyber Threat Exchange (Cctx),1553364,7.50E-06,none
"2178703 Ontario Inc., O/A Niagara Prosthetics & Orthotics Corp.",1552784,7.50E-06,none
Alderville First Nation,1549408,7.48E-06,none
Sprinkler Fitters Of Ontario Ua Local 853,1548433,7.48E-06,none
Neighbours Allied For Better Opptns In Res Support (Nabors),1547402,7.47E-06,none
Vfa Canada Corporation,1545232,7.46E-06,none
Township Of Ignace,1545085,7.46E-06,none
Centre For Opportunities Respect & Empowerment (Core),1545060,7.46E-06,none
Southwest Ontario Tourism Corporation,1543583,7.46E-06,none
Bass Associates Professional Corporation,1542873,7.45E-06,none
The Corporation Of City Of Woodstock (O/A: City Of Woodstock),1542340,7.45E-06,none
Momiji Health Care Society,1541399,7.45E-06,none
Reseau Access Network,1541212,7.44E-06,none
Teknion Limited,1541114,7.44E-06,none
Metro Labour Education Centre,1539600,7.44E-06,none
13910733 Canada Inc.,1539428,7.44E-06,none
Royal Life Saving Society Canada - Ontario Branch (O/A Lifesaving Society),1537289,7.43E-06,none
Ontario Public School Boards Association,1532158,7.40E-06,none
Women'S Habitat Of Etobicoke,1531601,7.40E-06,none
Township Of Ramara,1531556,7.40E-06,none
Gp North Woods Lp,1531212,7.40E-06,none
The Aids Network,1527335,7.38E-06,none
"Northern Respiratory Centre Inc., 2648281 Ontario Inc.",1526869,7.38E-06,none
Chatham Kent Women'S Centre Inc,1523609,7.36E-06,none
Miitigoog General Partner Inc.,1523574,7.36E-06,none
Uline,1523316,7.36E-06,none
Spacex Canada Corp,1523071,7.36E-06,none
Township Of Warwick,1521090,7.35E-06,none
Cornerstone Family Violence Prevention Centre,1519819,7.34E-06,none
Aids Committee Of Toronto,1517646,7.33E-06,none
Accenture Inc,1516912,7.33E-06,none
Levitt Safety Ltd,1515744,7.32E-06,none
The Hamilton/Burlington Society For The Prevention Of Cruelty To Animals,1512944,7.31E-06,none
Timmins And Area Women In Crisis,1511219,7.30E-06,none
Labourers' International Union Of North America Local 506,1508677,7.29E-06,none
Meltwater News Canada Inc,1508608,7.29E-06,none
"Wellness & Mobility Inc., Ontario Corporation No. 5030418",1508186,7.29E-06,none
Mazco Licensing Group Ltd.,1507571,7.28E-06,none
Thunder Air,1504988,7.27E-06,none
Celestica International Inc,1500000,7.25E-06,none
Dalton Chemical Laboratories Inc (O/A Dalton Pharma Services),1500000,7.25E-06,none
1749348 Ontario Inc (O/A Tillsonburg Custom Foods),1500000,7.25E-06,none
Green Savoree Toronto,1500000,7.25E-06,none
Brandt Tractor Ltd,1499872,7.25E-06,none
D.M. Wills Associates Ltd.,1499507,7.24E-06,none
Thermo Fisher Scientific,1495298,7.22E-06,none
Tulloch Geomatics Inc,1494584,7.22E-06,none
The Women'S Centre Grey Bruce,1492905,7.21E-06,none
Micronostyx Inc.,1490963,7.20E-06,none
Township Of Ashfield-Colborne-Wawanosh,1486598,7.18E-06,none
Big Brothers Big Sisters Of Canada,1486500,7.18E-06,none
"Community Living Six Nations ""Ronatahskats""",1485464,7.18E-06,none
Biidaaban Healing Lodge Inc,1482114,7.16E-06,none
934022 Ontario Inc (O/A Financial Debt Recovery),1480585,7.15E-06,none
Le Centre Moi J'Apprends Inc,1478802,7.14E-06,none
Women'S Shelter Second Stage Housing And Counselling Services Of Huron,1478548,7.14E-06,none
John Howard Society Of Kawartha Lakes & Haliburton,1478079,7.14E-06,none
Boost Child & Youth Advocacy Centre,1474691,7.12E-06,none
The Corporation Of The Township Of Terrace Bay,1474537,7.12E-06,none
"Ontario Corporation # 1241297, Enhanced Hearing Corporation",1474526,7.12E-06,none
Mediate393 Inc.,1468189,7.09E-06,none
Township Of Blandford-Blenheim,1465325,7.08E-06,none
Beamish Construction Inc,1463832,7.07E-06,none
Counselling Centre Of East Algoma,1462277,7.06E-06,none
Meadow House Investments Inc,1461000,7.06E-06,none
Ergocentric Seating Systems Inc,1460793,7.06E-06,none
Ontario Harness Horse Association,1460458,7.05E-06,none
Commercial Bioenergy Inc.,1459257,7.05E-06,none
Cavalluzzo Llp,1458680,7.05E-06,none
Canada Post Corporation Payment Processing,1457656,7.04E-06,none
Trans Capital Air Ltd,1457125,7.04E-06,none
Alzheimer Society Of Peterborough Kawartha Lakes Northumberland And Haliburton,1456785,7.04E-06,none
Carahsoft Technology Corp.,1455808,7.03E-06,none
"Wellness & Mobility Inc., Ontario Corp No. 1775900",1455284,7.03E-06,none
Kongsberg Maritime Inc,1453982,7.02E-06,none
Nellie'S Women'S Hostel Inc,1453522,7.02E-06,none
Oya Black Arts Coalition,1450000,7.00E-06,none
John Howard Society Of Hamilton Burlington & Area,1449950,7.00E-06,none
Adopt4Life,1448895,7.00E-06,none
Corporation Of The Municipality Of Mississippi Mills,1448490,7.00E-06,none
Alzheimer Society Of Grey-Bruce,1447987,6.99E-06,none
Municipality Of Trent Lakes,1446200,6.99E-06,none
1468792 Ontario Inc. (O/A Gdb Constructeurs),1445880,6.98E-06,none
Township Of Brock,1445558,6.98E-06,none
Township Of Black River-Matheson,1445553,6.98E-06,none
Township Of South Glengarry,1443821,6.97E-06,none
Lenczner Slaght Llp,1440989,6.96E-06,none
Weyerhaeuser Company Ltd,1440447,6.96E-06,none
Scarborough Proresp Inc./ 1815658 Ontario Corporation #,1439919,6.96E-06,none
Children'S Mental Health Ontario,1438000,6.95E-06,none
Seine River First Nation,1437961,6.95E-06,none
Township Of Perth South,1433060,6.92E-06,none
Findhelp Information Services,1432692,6.92E-06,none
Six Nations Health Service,1432540,6.92E-06,none
Ontario Sleep Care Inc./002470096 Ontario Corporation Number,1430823,6.91E-06,none
Dryden District Senior Services Inc.,1430751,6.91E-06,none
Obashkaandagaang First Nation,1426373,6.89E-06,none
Ontario Modern Language Teacher'S Association,1425528,6.89E-06,none
Lawson Research Institute,1423104,6.87E-06,none
Sunnybrook Centre For Independent Living,1422884,6.87E-06,none
Axis Family Mediation Inc.,1422865,6.87E-06,none
Community Home Support - Lanark County,1422719,6.87E-06,none
Ontario Association Of Chiefs Of Police,1421539,6.87E-06,none
Canadian Aids Treatment Information Exchange,1421337,6.87E-06,none
Muskoka Women'S Advocacy Group,1419871,6.86E-06,none
Township Of Stonemills,1416050,6.84E-06,none
Ontario Native Welfare Administrator'S Association,1415665,6.84E-06,none
Samuel Sarrick Limited And Graduate Holdings Ltd.,1414972,6.84E-06,none
Wsp,1413337,6.83E-06,none
Chi Mino Ozhitoowin General Partner Inc,1413328,6.83E-06,none
Jewell Engineering Inc,1413079,6.83E-06,none
Adult Recreation Therapy Centre,1412096,6.82E-06,none
Municipality Of Magnetawan,1410529,6.81E-06,none
Municipality Of Port Hope,1410384,6.81E-06,none
Pinball Clemons Foundation,1406160,6.79E-06,none
Amd Medicom Inc,1405846,6.79E-06,none
Canadian Mental Health Association,1405618,6.79E-06,none
Town Of Petrolia,1405600,6.79E-06,none
Women'S Interval Home Of Sarnia Lambton Inc,1405491,6.79E-06,none
Bombardier Inc.,1403412,6.78E-06,none
Back2Feet Inc.,1401521,6.77E-06,none
Urbanlink Civil Ltd.,1401497,6.77E-06,none
1191252 Ontario Inc.,1400985,6.77E-06,none
Hamilton Jewish Home For The Aged,1399434,6.76E-06,none
Centre Pour Femmes Ellevive (O/A Villa Renouvellement),1398995,6.76E-06,none
South Simcoe Police Service,1398352,6.75E-06,none
Bdo Canada Llp,1398063,6.75E-06,none
Three Oaks Foundation,1392728,6.73E-06,none
Hicks Morley Hamilton Stewart Storie Llp,1392459,6.73E-06,none
Township Of North Kawartha,1392307,6.73E-06,none
Oxford Proresp Inc. / Ontario Corporation # 1079302,1389741,6.71E-06,none
Township Of Wilmot,1389339,6.71E-06,none
Animakee Wa Zhing 37,1388281,6.71E-06,none
1719503 Ontario Ltd.,1387511,6.70E-06,none
Bayshore Home Care Solutions Ltd,1387414,6.70E-06,none
Access Able Health Care Inc.,1386551,6.70E-06,none
Hydro One Broadband Solutions Inc,1386510,6.70E-06,none
Building Up,1385963,6.69E-06,none
Algoma Tubes Inc.,1385852,6.69E-06,none
Municipalite De La Nation Municipality,1384425,6.69E-06,none
2498226 Ontario Inc.,1384048,6.69E-06,none
Township Of Edwardsburgh-Cardinal,1381040,6.67E-06,none
Altis Recruitment & Technology Inc.,1380709,6.67E-06,none
Ottawa Public Library,1380328,6.67E-06,none
1468792 Ontario Inc (O/A Gdb Constructeurs),1379679,6.66E-06,none
Robert Loudon & Harold Sterling (O/A Loudon & Sterling Llp.),1377371,6.65E-06,none
Kindera Living Care Centres Ii Gp Inc.,1374414,6.64E-06,none
Violence Against Women Services Elgin County,1374026,6.64E-06,none
Golden Horseshoe Services Ltd,1372721,6.63E-06,none
Numesh Ontario Inc,1370671,6.62E-06,none
Trans-Mit Steel Inc.,1370362,6.62E-06,none
Alzheimer Society Of Cornwall & District,1369885,6.62E-06,none
"Ontario Corp. 002696747, Inspiair Nepean Incorporated",1367789,6.61E-06,none
Toronto Ironworkers Training & Rehabilitation Centre,1367590,6.61E-06,none
Finishing Trades Institute Of Ontario Inc,1367088,6.60E-06,none
Darta Enterprises Inc,1364900,6.59E-06,none
Joint Training & Apprenticeship Committee Local 46 Training Centre,1364256,6.59E-06,none
"Ontario Corporation # 1935909, Medpro Respiratory Care Ltd.",1363818,6.59E-06,none
Labourers Local 625 Training Trust,1361042,6.57E-06,none
Provincial Sheet Metal Workers Training Corporation,1360706,6.57E-06,none
Township Of Matachewan,1359988,6.57E-06,none
Town Of Deseronto,1358252,6.56E-06,none
First Robotics Canada,1355917,6.55E-06,none
2807598 Ontario Ltd.,1355478,6.55E-06,none
Hamilton Prosthetics And Orthotics Of London Inc.,1352037,6.53E-06,none
Township Of Brudenell Lyndoch & Raglan,1350247,6.52E-06,none
Municipality Of Powassan,1350214,6.52E-06,none
The Corporation Of The Township Of Essa,1349888,6.52E-06,none
V2Innovations Ltd,1349423,6.52E-06,none
Boys' & Girls' Club Of London,1348476,6.51E-06,none
Uline Canada Corporation,1345169,6.50E-06,none
Agta Home Care & Medical Supplies Inc.,1344772,6.50E-06,none
Town Of Smooth Rock Falls,1344470,6.49E-06,none
Integration Communautaire Hearst Community Living,1343871,6.49E-06,none
Wipro Solutions Canada Limited,1342533,6.49E-06,none
Isa Cybersecurity Inc,1342039,6.48E-06,none
World Fuel Services Corporation,1340993,6.48E-06,none
Le Centre Victoria Pour Femmes (Sudbury),1340966,6.48E-06,none
Marat Gorbut (O/A Namer Contracting),1339321,6.47E-06,none
Resolve Counselling Services Canada,1338829,6.47E-06,none
Sexual Assault Crisis Centre Of Essex County Inc,1338364,6.47E-06,none
K-W Working Centre For The Unemployed,1333385,6.44E-06,none
Township Of Killaloe Hagarty & Richards,1331358,6.43E-06,none
Naicatchewenin First Nation,1329970,6.42E-06,none
Medics Mobility Inc.,1328872,6.42E-06,none
Telus Communications Inc.,1328167,6.42E-06,none
Animbiigoo Zaagi'Igan Anishinaabek,1327986,6.41E-06,none
Gilbert Centre For Social And Support Services,1327786,6.41E-06,none
Morgan Fuels,1327664,6.41E-06,none
The Corporation Of The Municipality Of St-Charles,1327025,6.41E-06,none
Township Of St Joseph,1326677,6.41E-06,none
J & P Leveque Bros. Haulage Ltd,1326315,6.41E-06,none
2551634 Ontario Limited,1325881,6.40E-06,none
Centralsquare Technologies Llc,1325186,6.40E-06,none
Warden Woods Community Centre,1318613,6.37E-06,none
Hospice Of Waterloo Region,1316477,6.36E-06,none
Campaign Research Inc ,1316450,6.36E-06,none
Sudbury Better Beginnings Better Futures Association,1315678,6.36E-06,none
Groupe Action Pour L'Enfant La Famille Et La Communaute,1314762,6.35E-06,none
Lanark County Interval House,1313904,6.35E-06,none
Washaho Socio Economic Development Corporation Inc,1313645,6.35E-06,none
R.E.Gilmore Investments Corp.,1313172,6.34E-06,none
Marberg Ltd,1311965,6.34E-06,none
Bardon Supplies Limited,1310484,6.33E-06,none
Osler Hoskin & Harcourt Llp,1309208,6.32E-06,none
"Ontario Corporation # 1994412, Canada Care Medical Inc.",1307669,6.32E-06,none
Ra Malatest & Associates Ltd,1307556,6.32E-06,none
Family Service Thames Valley,1306587,6.31E-06,none
Municipality Of Brooke-Alvinston,1305931,6.31E-06,none
Royal Ottawa Health Care Group/Services De Sante Royal Ottawa,1305317,6.31E-06,none
Barry'S Bay & Area Senior Citizens Home Support Services,1304010,6.30E-06,none
Peninsula Construction Inc,1303621,6.30E-06,none
Opcmia Local 598 Training Centre,1302679,6.29E-06,none
Asubpeeschoseewagong Netum Anishnabek First Nation,1300670,6.28E-06,none
City Housing Hamilton,1300497,6.28E-06,none
Toronto People With Aids Foundation,1300096,6.28E-06,none
Child Development Resource Connection Peel,1296705,6.26E-06,none
Woodland Cultural Centre,1295800,6.26E-06,none
Hospice Care Ottawa/La Maison De Soins Palliatifs D'Ottawa,1295099,6.26E-06,none
Dr Michelle Cutler Veterinary Professional Corporation,1294149,6.25E-06,none
Parkhill Meats Limited,1289202,6.23E-06,none
Unemployed Help Centre Of Windsor,1288905,6.23E-06,none
Aamjiwnaang First Nation,1288608,6.22E-06,none
Intelligent Imaging Systems Inc (O/A Thermal Eye Technologies),1287298,6.22E-06,none
City Of Waterloo,1286252,6.21E-06,none
Ducks Unlimited Canada,1282495,6.20E-06,none
International Association Of Heat & Frost Insulators & Allied Workers Local 95,1282365,6.19E-06,none
John Howard Society Of Niagara,1278797,6.18E-06,none
Quinte Economic Development Commission,1277149,6.17E-06,none
True Patriot Love Foundation,1276765,6.17E-06,none
Millson Forestry Services,1274788,6.16E-06,none
Township Of East Zorra Tavistock (O/A The Corporation Of The Township Of East Zorra Tavistock),1274357,6.16E-06,none
Data Communications Management Corporation,1273616,6.15E-06,none
Fasken Martineau Dumoulin Llp,1273144,6.15E-06,none
Regional Geriatric Program Of Toronto,1271816,6.14E-06,none
Alzheimer Society Huron Perth,1271563,6.14E-06,none
Haldimand County,1270582,6.14E-06,none
Township Of Elizabethtown-Kitley,1270482,6.14E-06,none
Restaurants Canada,1270039,6.14E-06,none
Village Of South River,1269870,6.13E-06,none
Interval House Of Ottawa-Maison Interval D'Ottawa,1268646,6.13E-06,none
Toromont Industries Ltd/ Industries Toromont Ltee,1268617,6.13E-06,none
1000367123 Ontario Ltd. (O/A Heli-Worx Aviation),1268529,6.13E-06,none
Local 2309 U B Of C & J Of A,1268188,6.13E-06,none
Local 120 Internat Brotherhoodof Electrical Workers,1267118,6.12E-06,none
Ontario Non-Union Education Trust (One-T)/,1263617,6.10E-06,none
Huron Central Railway Inc,1259539,6.08E-06,none
Victim Services Of Durham Region,1259096,6.08E-06,none
2255790 Ontario Inc.,1258750,6.08E-06,none
North Yorkers For Disabled Persons Inc,1258604,6.08E-06,none
Township Of North Algona-Wilberforce,1257213,6.07E-06,none
Ontario Federation Of Snowmobile Clubs,1256300,6.07E-06,none
Teranet Inc,1255756,6.07E-06,none
Dme Medequip Inc.,1253887,6.06E-06,none
Callibreeze Kennels,1252156,6.05E-06,none
Global Risk Institute In Financial Services,1250000,6.04E-06,none
Women'S Shelter Saakaate House Inc,1248692,6.03E-06,none
Canadian Pacific Railway Company,1247483,6.03E-06,none
Royal Stone Landscaping & Design Ltd.,1246957,6.02E-06,none
Eclipse Technology Solutions Inc,1245330,6.02E-06,none
Wawakapewin First Nation,1244517,6.01E-06,none
Thrive Counselling Services Halton Inc,1242833,6.00E-06,none
Warrior Engineering Ltd.,1242585,6.00E-06,none
Sierra Systems Group Inc.,1239469,5.99E-06,none
Windmill Microlending,1239053,5.99E-06,none
Town Of Mono,1238885,5.98E-06,none
2001493 Ontario Inc. (O/A North York D&V),1237786,5.98E-06,none
Joyce Scott Non-Profit Homes Inc,1237693,5.98E-06,none
Rainy River District Women'S Shelter Of Hope,1237139,5.98E-06,none
2557159 Ontario Ltd,1235926,5.97E-06,none
John Howard Society Of Waterloo-Wellington,1235357,5.97E-06,none
Thunder Woman Healing Lodge Society,1234255,5.96E-06,none
Marantz And Son Ltd,1234180,5.96E-06,none
"1961216 Ontario Inc., Kawartha Prosthetics & Orthotics Corp.",1233030,5.96E-06,none
G W Anglin Manufacturing Inc,1232425,5.95E-06,none
1850769 Ontario Inc,1227685,5.93E-06,none
Longgrey Group Limited,1226655,5.93E-06,none
Dorothy Ley Hospice Inc,1226056,5.92E-06,none
Municipality Of Neebing,1225213,5.92E-06,none
Urban Rez Solutions Social Enterprise,1223960,5.91E-06,none
Canadian Cancer Society,1222600,5.91E-06,none
Four Counties Brain Injury Association,1222407,5.90E-06,none
"Andy Wadsworth, Amber Wadsworth",1219679,5.89E-06,none
The Corporation Of The Township Of Hornepayne,1219522,5.89E-06,none
Township Of Georgian Bluffs,1219416,5.89E-06,none
Innovation Factory,1219275,5.89E-06,none
Interval House,1213789,5.86E-06,none
Township Of Chatsworth,1213381,5.86E-06,none
Niagara Training & Employment Agency Inc,1211907,5.85E-06,none
Mib Consumer Services Corporation,1211272,5.85E-06,none
Research St Joseph'S - Hamilton (O/A The Research Institute Of St. Joe'S Hamilton),1208500,5.84E-06,none
Township Of North Dumfries,1207932,5.83E-06,none
Vitanova Foundation,1206924,5.83E-06,none
2080061 Ontario Inc. (O/A Skycare Charters),1206743,5.83E-06,none
878291 Ontario Inc. (O/A North Brampton Driver And Vehicle License Office),1206052,5.83E-06,none
Lexisnexis Canada Inc.,1203291,5.81E-06,none
1316023 Ontario Inc (O/A Pandor Productions),1203245,5.81E-06,none
Indian Associations Coordinating Committee Of Ontario Inc,1201430,5.80E-06,none
Jarlian Construction Inc,1200682,5.80E-06,none
Good Shepherd Refuge Social Ministries,1200193,5.80E-06,none
Alliance Of Manufacturers & Exporters Canada (O/A Canadian Manufacturers & Exporters),1200177,5.80E-06,none
Clover Tool Manufacturing Ltd,1200000,5.80E-06,none
Hospice Of Mississauga Inc. (O/A Hearthouse Hospice),1198387,5.79E-06,none
Women'S Enterprise Skills Training Of Windsor Inc,1197731,5.79E-06,none
Sumac Geomatics Inc.,1197631,5.79E-06,none
Hamilton-Wentworth Chapter Of Native Women Inc (O/A Native Women'S Centre),1197440,5.78E-06,none
Indian Youth Friendship Society (O/A Thunder Bay Indian Friendship Centre),1197184,5.78E-06,none
Computacenter Canada Inc,1195943,5.78E-06,none
Miracle-Ear Canada Ltd (O/A Amplifon),1195094,5.77E-06,none
Venturelab Innovation Centre,1194000,5.77E-06,none
Cbc Électrique Inc,1192509,5.76E-06,none
Floyd Wood Medicine Professional Corp.,1191797,5.76E-06,none
Mediation Centre Of Halton And Hamilton Inc.,1190950,5.75E-06,none
Alzheimer Society Of Simcoe County,1190931,5.75E-06,none
Township Of Douro-Dummer,1189344,5.75E-06,none
Henvey Inlet First Nation,1188666,5.74E-06,none
Good Companions,1184898,5.72E-06,none
John Howard Society Of Durham Region,1184838,5.72E-06,none
The Hospital For Sick Children,1183884,5.72E-06,none
Enhanced Hearing Corporation (O/A Hearing Solutions),1183354,5.72E-06,none
Xpera Risk Mitigation & Investigation Lp,1182649,5.71E-06,none
Canadian Tire,1181597,5.71E-06,none
Delco Automation Inc,1181146,5.71E-06,none
Assoc Francophone A L'Education Des Services A L'Enfance De L'Ontario (Afeseo),1180500,5.70E-06,none
Township Of Uxbridge,1179418,5.70E-06,none
Municipality Of Whitestone,1179250,5.70E-06,none
The St. Thomas-Elgin General Hospital,1178816,5.69E-06,none
Amsi Inc Applied Modern System Integration,1178537,5.69E-06,none
1704712 Ontario Limited,1177687,5.69E-06,none
Town Of Erin,1177367,5.69E-06,none
Autism Society Ontario,1177300,5.69E-06,none
1965404 Ontario Limited,1176802,5.68E-06,none
Windsor Salt Ltd/Sel Windsor Ltee,1175933,5.68E-06,none
Elexicon Energy Inc,1175697,5.68E-06,none
New Starts For Women Inc.,1174546,5.67E-06,none
Township Of Adjala-Tosorontio,1174030,5.67E-06,none
Nokiiwin Tribal Council Inc,1171700,5.66E-06,none
Ontario Disability Employment Network,1170360,5.65E-06,none
Gannett Fleming Canada Ulc,1168639,5.65E-06,none
The Canada Life Assurance Co,1168604,5.65E-06,none
Mcmillan Llp,1168358,5.64E-06,none
Liuna Local 183 Training And Rehabilitation Fund,1167921,5.64E-06,none
Rampart International Corp,1166846,5.64E-06,none
Centre Of Arthritis Excellence (Care),1165584,5.63E-06,none
Pays Plat First Nation,1164837,5.63E-06,none
Lower Trent Region Conservation Authority,1164109,5.62E-06,none
Bernard Betel Centre For Creative Living,1163556,5.62E-06,none
Delaware Nation Council Moravian Of The Thames Band,1162933,5.62E-06,none
Gk Chemical Specialties,1162555,5.62E-06,none
Regional Tourism Organization Four Inc,1161136,5.61E-06,none
Psychiatric Survivors Of Ottawa-Carleton,1157517,5.59E-06,none
8024499 Canada Association (O/A Helmets To Hardhats Canada),1156390,5.59E-06,none
Shoulder To Shoulder Nursing Inc.,1155195,5.58E-06,none
Cm Inc,1154714,5.58E-06,none
Invictus Analytics And Strategy Inc,1154570,5.58E-06,none
Community Living Ontario,1152908,5.57E-06,none
Blumetric Environmental Inc,1151228,5.56E-06,none
Youth Resources Niagara,1150639,5.56E-06,none
Wal-Mart Canada Corporation,1149202,5.55E-06,none
Aids Committee Of Ottawa,1148651,5.55E-06,none
Regional Tourism Organization 12 Parry Sound/Muskoka,1148107,5.55E-06,none
Blue Sky Economic Growth Corporation,1148054,5.55E-06,none
Township Of South-West Oxford,1146750,5.54E-06,none
Northshore Forest Inc.,1146314,5.54E-06,none
Red Rock First Nation,1145801,5.53E-06,none
2274084 Ontario Ltd (O/A Gmp Contracting),1145060,5.53E-06,none
Township Of Perry,1144935,5.53E-06,none
Domestic Abuse Services Oxford,1143127,5.52E-06,none
Haliburton Forest Biochar Ltd.,1143100,5.52E-06,none
Municipality Of East Ferris,1142682,5.52E-06,none
Township Of Hamilton,1138113,5.50E-06,none
Anduhyaun Inc,1137382,5.49E-06,none
Brechin & Huffman In Trust,1137157,5.49E-06,none
Alzheimer Society Of Dufferin County,1137032,5.49E-06,none
St John'S Retirement Homes,1136879,5.49E-06,none
Meeting Place Adult Drop-In Program,1134357,5.48E-06,none
The Corporation Of The Municipality Of Temagami,1132443,5.47E-06,none
Township Of Adelaide-Metcalfe,1132415,5.47E-06,none
Olin Canada Ulc,1131788,5.47E-06,none
Township Of Howick,1130346,5.46E-06,none
Association Of Ontario Road Supervisors,1129206,5.45E-06,none
1609271 Ontario Inc,1128125,5.45E-06,none
Altis Recruitment & Technology Inc,1127282,5.45E-06,none
John Howard Society Of Toronto,1125546,5.44E-06,none
Canadian Bank Note Company Ltd,1125181,5.44E-06,none
Emtec Infrastructure Services Canada Corporation,1122764,5.42E-06,none
Margaret'S Housing And Community Support Services Inc (O/A Margaret Fraser House),1121857,5.42E-06,none
Forest Helicopters Inc.,1121737,5.42E-06,none
Quadro Communications Co-Operative Inc,1121158,5.42E-06,none
Coaches Association Of Ontario,1117406,5.40E-06,none
Moose Deer Point First Nation,1114824,5.39E-06,none
Municipality Of Mcdougall,1114649,5.38E-06,none
Bay Of Quinte,1113048,5.38E-06,none
Telus Communications Company,1112241,5.37E-06,none
Boys And Girls Club Of Durham,1111725,5.37E-06,none
1000046575 Ontario Incorporated,1110408,5.36E-06,none
Ford Motor Company,1109375,5.36E-06,none
Corporation Of The Township Of Ear Falls,1105660,5.34E-06,none
Canadian Parents For French Ontario,1103764,5.33E-06,none
Uniqpol Inc,1103322,5.33E-06,none
Brooke Telecom Co-Operative Ltd,1102514,5.33E-06,none
Township Of Alnwick/Haldimand,1101779,5.32E-06,none
Atkinsréalis Canada Inc,1101279,5.32E-06,none
Hospice Peterborough,1100819,5.32E-06,none
The Oshawa Young Women'S Christian Association,1100021,5.31E-06,none
First Nations Agriculture And Financing Of Ontario,1100000,5.31E-06,none
Hr Doornekamp Construction Ltd,1097392,5.30E-06,none
Aecom,1097249,5.30E-06,none
South Essex Community Council,1097045,5.30E-06,none
Pace Law Firm Professional Corporation (O/A Pace Law Firm),1096501,5.30E-06,none
"Ontario Corporation # 1503872, Promotion Orthotics Inc.",1094969,5.29E-06,none
Lennox & Addington Interval House,1093876,5.28E-06,none
Corporation Of The Township Of Moonbeam,1092825,5.28E-06,none
Bombardier Recreational Products Inc,1092518,5.28E-06,none
Ursel Phillips Fellows Hopkinson Llp ,1091250,5.27E-06,none
Aids Committee Of North Bay & Area,1090661,5.27E-06,none
Niagara District Homes Comm Phys,1090074,5.27E-06,none
Rmus Canada,1089404,5.26E-06,none
Ontario Teachers' Insurance Plan (Otip),1087342,5.25E-06,none
Leeds & Grenville Interval House,1087281,5.25E-06,none
Toronto Dominion Bank,1086966,5.25E-06,none
Goodwill Industries Ontario Great Lakes Career Centre,1084742,5.24E-06,none
Township Of Carling,1083962,5.24E-06,none
"Ontario Corporation # 1937268, Respiratory Homecare Solutions Canada Inc.",1082338,5.23E-06,none
Women'S Rural Resource Centre Of Strathroy & Area,1081979,5.23E-06,none
1980119 Ontario Inc,1081911,5.23E-06,none
Four-O-One Electric Ltd,1081392,5.22E-06,none
Voyzant Inc,1081354,5.22E-06,none
Safe Roads Engineering Inc ( O/A Sre ),1080780,5.22E-06,none
Mnaamodzawin Health Services Inc,1079895,5.22E-06,none
Munsee-Delaware Nation,1079523,5.21E-06,none
2817109 Ontario Inc (O/A First Nations Cable),1078552,5.21E-06,none
Hoshizaki House Dryden District Crisis Shelter,1078552,5.21E-06,none
Micba Forum Italia Community Services,1078512,5.21E-06,none
Wesdome Gold Mines Ltd.,1078092,5.21E-06,none
Orthoproactive Consultants Inc.,1076899,5.20E-06,none
White River Forest Products Lp,1076642,5.20E-06,none
Leica Geosystems Ltd,1076617,5.20E-06,none
Laurencrest Youth Services Inc,1074418,5.19E-06,none
Parya Trillium Foundation,1074388,5.19E-06,none
Health Sciences North Research Institute,1073663,5.19E-06,none
John Howard Society Of Ontario,1071515,5.18E-06,none
Adb Safegate Canada Inc,1069601,5.17E-06,none
Securiguard Services Limited,1069286,5.17E-06,none
Dalton Practice Management Ltd,1068980,5.16E-06,none
Town Of Cobalt,1067992,5.16E-06,none
Couchiching First Nation,1064861,5.14E-06,none
Fgf Brands Inc,1064500,5.14E-06,none
Aegent Energy Advisors Inc,1064477,5.14E-06,none
Amik Construction Lp,1064346,5.14E-06,none
Victim Services Of Middlesex County,1064336,5.14E-06,none
Ecometrix Incorporated,1062847,5.13E-06,none
Edge Factor Inc,1062819,5.13E-06,none
Lotek Wireless Inc.,1062608,5.13E-06,none
Nipissing Forest Resource Management Inc.,1062336,5.13E-06,none
North York Proresp Inc./Ontario Corporation # 002325092,1058952,5.12E-06,none
Perth County Transition Home For Women,1058850,5.11E-06,none
Sexual Assault & Violence Intervention Services Of Halton,1058582,5.11E-06,none
Corporation Of The Township Of South Algonquin,1057775,5.11E-06,none
C.F. Webb Limited,1055808,5.10E-06,none
Mnp Llp,1054164,5.09E-06,none
Canadian Tire Jumpstart Charities,1054000,5.09E-06,none
Ymca Of Northeastern Ontario,1053968,5.09E-06,none
Hamilton Halton Brant Regional Tourism Association,1053820,5.09E-06,none
Southern Frontenac Community Services Corporation,1052684,5.09E-06,none
Eacom Timber Corporation,1052110,5.08E-06,none
Council Of Ministers Of Education (Cmec) / ,1051434,5.08E-06,none
Ymca Of Simcoe/Muskoka,1050808,5.08E-06,none
Esmia Consultants Inc,1050208,5.07E-06,none
Algoma University,1050000,5.07E-06,none
Neshama Hospice,1050000,5.07E-06,none
Victorian Order Of Nurses Durham Region Community Corporation,1050000,5.07E-06,none
Telus Corp.,1049352,5.07E-06,none
Gatestone & Co Inc,1049287,5.07E-06,none
Davidson Hearing Aid Centre Limited,1048719,5.07E-06,none
Eastern Oilfield Services Ltd.,1047577,5.06E-06,none
Yes Employment Services Inc (Nipissing),1047474,5.06E-06,none
Buttinger Enterprises Inc,1045697,5.05E-06,none
London Abused Women'S Centre,1045684,5.05E-06,none
Law Foundation Of Ontario ,1045081,5.05E-06,none
Quinte Conservation Association,1044608,5.05E-06,none
Ontario General Contracting Inc,1043943,5.04E-06,none
Morgan Fuels Inc,1042486,5.04E-06,none
Dana Hospitality Limited Partership (O/A Dana Hospitality Lp),1042459,5.04E-06,none
Pozitive Pathway Community Services,1039751,5.02E-06,none
"Amazon.Com, Inc.",1038742,5.02E-06,none
Encore Field Marketing Solutions Inc,1038632,5.02E-06,none
Township Of Augusta,1036715,5.01E-06,none
Municipality Of Shuniah,1035745,5.00E-06,none
Markham Stouffville Proresp Inc. / Ontario Corporation # 002319855,1035439,5.00E-06,none
Wilco Contractors Superior Inc,1033352,4.99E-06,none
Victim Services Of Stormont Dundas Glengarry And Akwesasne,1032920,4.99E-06,none
1798515 Ontario Inc,1032380,4.99E-06,none
Awc Manufacturing Lp,1031571,4.98E-06,none
Town Of Midland,1031102,4.98E-06,none
Indo Canada Chamber Of Commerce,1030055,4.98E-06,none
Community Resources For People In Conflict With The Law,1029458,4.97E-06,none
Conval Aid Inc.,1028369,4.97E-06,none
Township Of Zorra,1026885,4.96E-06,none
St Mary'S Home,1026311,4.96E-06,none
Mediation Centre Ontario Inc..,1024720,4.95E-06,none
Royal Canadian Golf Association,1023750,4.95E-06,none
City Of Markham,1023388,4.94E-06,none
La Maison Renaissance Inc,1021762,4.94E-06,none
Kingfisher Lake First Nation,1020173,4.93E-06,none
Variety Village,1018000,4.92E-06,none
Receiver General For Canada,1016198,4.91E-06,none
Corporation Of The Town Of Penetanguishene (O/A Town Of Penetanguishene),1015817,4.91E-06,none
The Corporation Of Tay Valley Township,1015429,4.91E-06,none
Jd Barnes Ltd,1014782,4.90E-06,none
Aide Aux Seniors De Sudbury-Est/Sudbury East Seniors Support Inc,1014396,4.90E-06,none
Red Sky Metis Independent Nation,1012025,4.89E-06,none
Laurysen Kitchens Ltd,1011709,4.89E-06,none
Gfl Environmental Inc,1010575,4.88E-06,none
Nigig Nibi Ki-Win Gamik Society,1008638,4.87E-06,none
Jennifer Maddox And Anita Kew,1006194,4.86E-06,none
Amethyst Women'S Addiction Centre,1005677,4.86E-06,none
Centre De Counselling De Sudbury/Sudbury Counselling Centre,1004965,4.85E-06,none
The Corporation Of The Township Of Guelph/Eramosa,1004211,4.85E-06,none
Northern Communication Services Inc (O/A True Steel Security),1003213,4.85E-06,none
Peterborough Aids Resource Network (Parn),1002677,4.84E-06,none
Teresa Group Child & Family Aid,1000954,4.84E-06,none
Boys & Girls Club Of Ottawa,1000480,4.83E-06,none
Township Of Tehkummah,1000406,4.83E-06,none
Kingston Employment And Youth Services Inc (Keys),1000192,4.83E-06,none
Roots Of Empathy,1000000,4.83E-06,none
Anishinabek/Ontario Fisheries Resource Centre,1000000,4.83E-06,none
Canadian Film Centre,1000000,4.83E-06,none
Eurofins Cdmo Alphora Inc,1000000,4.83E-06,none
Kenvue Canada Inc. (O/A Johnson & Johnson Inc.),1000000,4.83E-06,none
Corporation Of The Town Of Petawawa,999321,4.83E-06,none
Rexdale Women'S Centre,998537,4.82E-06,none
Niche Technology Inc,995654,4.81E-06,none
Kwayaciiwin Education Resource Centre,995133,4.81E-06,none
Addus,994547,4.80E-06,none
Ochiichagwe'Babigo'Ining Ojibway Nation,992721,4.80E-06,none
Camnet Solutions Inc,991948,4.79E-06,none
Electrical Contractors Assoc Of Ontario,990793,4.79E-06,none
Mayo Health & Community Services,990205,4.78E-06,none
Immigrant Women Services Ottawa,990182,4.78E-06,none
Custom Orthotics Of London Inc.,990073,4.78E-06,none
Nipissing Transition House Inc,989941,4.78E-06,none
Advanced Rehabilitation Centres,989689,4.78E-06,none
Applause Community Development Corporation (O/A A-Way Express),988347,4.77E-06,none
Bethesda-House Of Mercy (Bowmanville),988086,4.77E-06,none
Milton Hydro Distribution Inc,987830,4.77E-06,none
Two Rivers Community Development Centre,987500,4.77E-06,none
Pavilion Women'S Centre,987190,4.77E-06,none
Insight Canada Inc. ,985839,4.76E-06,none
Tnt Security Inc,983695,4.75E-06,none
Here North America Llc,983555,4.75E-06,none
Covenant House Toronto,983090,4.75E-06,none
Corporation Of The Township Of Wollaston,981150,4.74E-06,none
The Corporation Of The Township Of North Stormont (O/A Township Of North Stormont),980983,4.74E-06,none
Conseil Des Ecoles Catholiques Du Centre Est De L'Ontario (Cecce),980757,4.74E-06,none
Wood Canada Ltd (O/A Wood Environment & Infrastructure Solutions Canada Limited),980074,4.73E-06,none
Anishinabek Employment & Training Services,979676,4.73E-06,none
Jobson Consulting Inc.,979421,4.73E-06,none
Cbi Limited,978919,4.73E-06,none
St Demetrius Supportive Care Services,978339,4.73E-06,none
Madoc C O P E Corporation,977883,4.72E-06,none
Mcdougall Energy Inc.,976034,4.71E-06,none
Town Of Kearney,975621,4.71E-06,none
Ingersoll Services For Seniors,975052,4.71E-06,none
Street Health Community Nursing Foundation,973891,4.70E-06,none
Slate Falls Nation,973228,4.70E-06,none
Andlauer Healthcare Group Inc,972868,4.70E-06,none
Muskoka Seniors Home Assistance,971412,4.69E-06,none
Young Womens Christian Association Of Greater Toronto (Ywca),971319,4.69E-06,none
Mnaasged Child And Family Services,970190,4.69E-06,none
304316 Ontario Ltd (O/A Van Valkenburg Communications),970132,4.69E-06,none
Interpaving Ltd,967768,4.67E-06,none
Call Removal Service,966578,4.67E-06,none
Aboriginal Legal Services Inc,966451,4.67E-06,none
"Peter Thorning, Peter Brauti & Peter Zibarras (O/A Brauti Thorning Llp.)",966066,4.67E-06,none
Town Of Spanish,964231,4.66E-06,none
Boghosian + Allen Llp,963272,4.65E-06,none
Queen'S University,961933,4.65E-06,none
Krasman Centre (The Lance Krasman Memorial Centre For Community Mental Health),961652,4.65E-06,none
West Fraser Timber Co Ltd.,960436,4.64E-06,none
3270679 Nova Scotia Company,959134,4.63E-06,none
Purolator Inc.,958834,4.63E-06,none
Canadian Elevator Industry Educational Program (Ceiep),958538,4.63E-06,none
Ambashi Engineering And Management Inc,954721,4.61E-06,none
1259366 Ontario Ltd,954185,4.61E-06,none
Visiontec (2008) Limited,952888,4.60E-06,none
Creatium Inc,952531,4.60E-06,none
People In Transition (Alliston) Inc,951934,4.60E-06,none
Minodahmun Development Inc,949683,4.59E-06,none
Hamilton Public Library,949451,4.59E-06,none
Access For Parents & Children In Ontario,945516,4.57E-06,none
Corporation Of The Township Of Russell,945182,4.57E-06,none
Toronto Community Benefits Network,945000,4.56E-06,none
Taking It Global Youth Association (O/A Takingitglobal),945000,4.56E-06,none
Trellis Hiv & Community Care,944867,4.56E-06,none
Joseph N Solomon,944146,4.56E-06,none
Ats Traffic Ltd,942264,4.55E-06,none
Manitoulin Family Resources Inc,940667,4.54E-06,none
Canadian Mental Health Association - Huron-Perth Branch,938916,4.54E-06,none
Cornwall Gravel Company Limited,937343,4.53E-06,none
Gro-Bark (Ontario) Ltd.,937085,4.53E-06,none
Niagara Home Builders Association,935577,4.52E-06,none
Intelligent Business Machines Canada Corporation,935520,4.52E-06,none
Peel Family Mediation Services,935308,4.52E-06,none
Indigenous Institutes Consortium,935213,4.52E-06,none
695768 Ontario Ltd,934804,4.52E-06,none
Victim Services Of York Region Incorporated,933139,4.51E-06,none
Trans East Management Ltd,932850,4.51E-06,none
Cloud Software Operations (Ireland) Limited,932638,4.51E-06,none
Nelson House Of Ottawa-Carleton,932439,4.50E-06,none
Airborne Imaging Inc.,931564,4.50E-06,none
City Of Vaughan,930789,4.50E-06,none
Conectado Solutions Inc,930284,4.49E-06,none
Milton,929263,4.49E-06,none
Township Of Sioux Narrows-Nestor Falls,927565,4.48E-06,none
Scl Instrumentation Inc,926526,4.48E-06,none
Aids Committee Of Durham,926426,4.48E-06,none
Miller Thomson Llp,925334,4.47E-06,none
J W K Utilities & Site Services Ltd,924884,4.47E-06,none
Magnet Forensics,924831,4.47E-06,none
Centre For Equitable Library Access,924511,4.47E-06,none
Dr Bob Kemp Hospice Foundation Inc,923253,4.46E-06,none
New Endeavours Inc (O/A Flightline Training Services ),922528,4.46E-06,none
Prisoners With Hiv/Aids Support Action Network,921467,4.45E-06,none
Valley Associates Global Security Corporation,921169,4.45E-06,none
Caritas School Of Life,921108,4.45E-06,none
2301149 Ontario Inc,920731,4.45E-06,none
Helicopter Transport Services (Canada) Inc.,920583,4.45E-06,none
St Josephs Health Care Society,920000,4.44E-06,none
Ontario Agri-Food Education Inc,918963,4.44E-06,none
David Mark Musyj,917354,4.43E-06,none
Windsor Textiles Limited,917261,4.43E-06,none
Shkagamik-Kwe Health Centre,917059,4.43E-06,none
Canadian Printing Resources Inc. ,916688,4.43E-06,none
Ari Financial Services Inc ,916184,4.43E-06,none
Catholic Cross Cultural Services,916065,4.43E-06,none
Peel Adult Learning Centre,915701,4.42E-06,none
Island Light Inc,915000,4.42E-06,none
Aird & Berlis Llp,914139,4.42E-06,none
1000560816 Ontario Inc.,914041,4.42E-06,none
407 Etr Concession Company Ltd,913956,4.41E-06,none
Cedar Centre,912975,4.41E-06,none
Metis Voyageur Development Fund Inc,912500,4.41E-06,none
Lmc Diabetes & Endocrinology Ltd,909586,4.39E-06,none
Valangel Licensing Inc,909504,4.39E-06,none
Aerodrome International Maintenance Inc O/A A I M,909158,4.39E-06,none
Regional Tourism Organization 8,907449,4.38E-06,none
Green Haven Shelter For Women,906513,4.38E-06,none
Prosthetic Energy Inc.,906488,4.38E-06,none
Eden Community Homes,903756,4.37E-06,none
Microart Services Inc,903294,4.36E-06,none
1068679 Ontario Limited,902103,4.36E-06,none
Meridian Fuels,901552,4.36E-06,none
2763605 Ontario Limited,900000,4.35E-06,none
Canadian Support Workers Association,900000,4.35E-06,none
Riverside Natural Foods Ltd,900000,4.35E-06,none
Vuteq Canada Inc,900000,4.35E-06,none
Cellebrite Inc,899602,4.35E-06,none
Catholic Family Services Of Durham,897681,4.34E-06,none
"Nayen ""They Are Protecting The Seeds At The Bay Of Quinte""",896273,4.33E-06,none
A New Day Youth And Adult Services,895620,4.33E-06,none
2131748 Ontario Inc.,893732,4.32E-06,none
Nigigoonsiminikaaning First Nation,893373,4.32E-06,none
Tuckersmith Communications Co-Operative Limited,892449,4.31E-06,none
Samuel Son & Co Ltd,891963,4.31E-06,none
Quinte Vitality And Social Support,891935,4.31E-06,none
Day-View Electric Inc,891002,4.30E-06,none
Jessie'S The June Callwood Centre For Young Women,889317,4.30E-06,none
Darch Fire Inc,889251,4.30E-06,none
Greenfirst Forest Products (Qc) Inc.,888705,4.29E-06,none
Midaynta Community Services,887365,4.29E-06,none
Brant Arts Dispensary-Laboratory Limited,887043,4.28E-06,none
2656514 Ontario Ltd,886564,4.28E-06,none
Ontario Physical & Health Education Association (Ophea),885777,4.28E-06,none
Leonnova Inc,885754,4.28E-06,none
Upskill Trainers Inc,884203,4.27E-06,none
Community Care For South Hastings,883935,4.27E-06,none
Kemptville Campus Education And Community Centre,882568,4.26E-06,none
Commissionaires (Great Lakes),881918,4.26E-06,none
Ampos Orthopaedics Inc.,881785,4.26E-06,none
Township Of Enniskillen,881031,4.26E-06,none
8265836 Canada Inc (O/A Falcon Security Services),879539,4.25E-06,none
Hatch Ltd.,878830,4.25E-06,none
Antec Appraisal Group Inc,877313,4.24E-06,none
Seven South Street Treatment Centre,876922,4.24E-06,none
Aundeck-Omni-Kaning,876849,4.24E-06,none
Cision Canada Inc,876674,4.23E-06,none
Native Horizons Treatment Centre,876385,4.23E-06,none
Mca Contracting Ltd.,874447,4.22E-06,none
Orthopedic Bracing Solutions Inc.,874045,4.22E-06,none
Ontario Federation Of Anglers & Hunters ,873884,4.22E-06,none
First Base Solutions Inc.,873003,4.22E-06,none
The Corporation Of The Township Of Dawson,870032,4.20E-06,none
Cowell Home Health Care & Fitness Supplies Inc.,867741,4.19E-06,none
"Ontario Corporation # 2108264, Novodvorets Inc.",867117,4.19E-06,none
Local 303 International Brotherhood Of Electrical Workers,867073,4.19E-06,none
Spectris Canada Inc,866792,4.19E-06,none
Global Learning Solutions Inc,866659,4.19E-06,none
Elder Abuse Prevention Ontario,866397,4.19E-06,none
Township Of Assiginack,865822,4.18E-06,none
James Bay Association For Community Living,865030,4.18E-06,none
Kenalex Construction Company Ltd,862713,4.17E-06,none
Nishnawbe Aski Development Fund,862500,4.17E-06,none
Tecumseh Community Development Corporation,862500,4.17E-06,none
Yurek Pharmacy Limited,862468,4.17E-06,none
Friends & Advocates-Peel,862244,4.17E-06,none
Victim Services Of Hastings Prince Edward Lennox & Addington Counties,861905,4.16E-06,none
Marjorie House,861608,4.16E-06,none
Kenora Chiefs Advisory Inc.,861600,4.16E-06,none
Marriott International Inc.,860728,4.16E-06,none
Lambton-Kent-Middlesex,860714,4.16E-06,none
Habitat For Humanity Halton-Mississauga-Dufferin,860648,4.16E-06,none
United Association Of Journeymen And Apprentices Of Plumbing And Pipefitting Industry Local 71 Training Trust Fund,860000,4.15E-06,none
Extend-A-Family (Toronto),859009,4.15E-06,none
Tri-Mach Group Inc,859000,4.15E-06,none
Leads Employment Services London Inc,858298,4.15E-06,none
Hd Supply Canada Inc,858200,4.15E-06,none
Almon Equipment Ltd,857817,4.14E-06,none
Agency One First Nations Lands Limited Partnership,857591,4.14E-06,none
Onkwehon:We Midwives Collective,856301,4.14E-06,none
Child Welfare Political Action Committee Canada,856231,4.14E-06,none
Mental Health Connections,855908,4.13E-06,none
Sexual Assault Centre For Quinte And District,855672,4.13E-06,none
Waubetek Business Development Corporation,855521,4.13E-06,none
Highland Ridge Inc,855376,4.13E-06,none
Biodesign Prosthetics & Orthotics Inc.,854905,4.13E-06,none
Pilot Place Society,853804,4.12E-06,none
Temagami Forest Management Corporation,853217,4.12E-06,none
Township Of Beckwith,852112,4.12E-06,none
Philip Aziz Centre For Hospice Care,851889,4.12E-06,none
"Boundless Biomechanical Bracing Inc., Ontario Corporation #000784247.",851435,4.11E-06,none
Animal Care Centre Lobo,851152,4.11E-06,none
Ville De Casselman,850060,4.11E-06,none
Hamilton Sports Group Partnership O/A Hamilton Tiger-Cats,850000,4.11E-06,none
Radius Child And Youth Services,850000,4.11E-06,none
Ottawa Valley Forest Inc.,849804,4.11E-06,none
Conavi Medical Inc,849500,4.10E-06,none
Counselling And Family Service Ottawa,849211,4.10E-06,none
Healthtech Inc,849112,4.10E-06,none
Second Mile Club Of Toronto,848141,4.10E-06,none
Moore Canada Corporation,848035,4.10E-06,none
Idemia Identity & Security Usa Llc,847500,4.09E-06,none
Abrigo Centre,847377,4.09E-06,none
Jane/Finch Community & Family Centre,845307,4.08E-06,none
Adpearl Inc,844961,4.08E-06,none
I B E W Local 804 Members Building Corporation,844959,4.08E-06,none
Changing Ways (London) Inc.,844860,4.08E-06,none
Whitefeather Forest Community Resource Management Authority,843835,4.08E-06,none
Kevi Technologies Inc,843371,4.07E-06,none
2729624 Ontario Inc.,843269,4.07E-06,none
Plenary Properties Des Lp,842455,4.07E-06,none
2274741 Ontario Inc,841861,4.07E-06,none
Counselling And Family Service Ottawa / Service Familial Et Counseling Ottawa,841212,4.06E-06,none
Etbo Tool & Die Inc,839250,4.05E-06,none
Catholic Centre For Immigrants Ottawa Centre Catholique Pour Immigrants Ottawa,837297,4.04E-06,none
2829654 Ontario Inc,837111,4.04E-06,none
Eastern Ontario Training Board,836797,4.04E-06,none
Village Of Burk'S Falls,836464,4.04E-06,none
South Nation River Conservation Authority,835355,4.04E-06,none
Esii Canada Inc,834226,4.03E-06,none
People Advocating For Change Through Empowerment Inc,834026,4.03E-06,none
"Ontario Corporation # 2568802, Atos Medical Canada Inc.",833733,4.03E-06,none
Working For Change,833525,4.03E-06,none
North Toronto Drivers And Vehicles License Issuing Office Inc,832859,4.02E-06,none
Mobility 1St Ltd.,832474,4.02E-06,none
Salesforce Canada Corp.,832378,4.02E-06,none
Timber Wolf Air,832312,4.02E-06,none
Mercedes Textiles Ltd.,831966,4.02E-06,none
Town Of Grand Valley,831771,4.02E-06,none
Tbaytel,830094,4.01E-06,none
Mitsui High-Tec Canada Inc,830000,4.01E-06,none
Alzheimer Society Of Ontario,828533,4.00E-06,none
Kinburn Kennels Inc,828322,4.00E-06,none
2Isolutions Inc,825778,3.99E-06,none
Eduxcite Inc (O/A Canadian College Of Healthcare And Pharmaceutics),825000,3.99E-06,none
Lac Seul Band,824147,3.98E-06,none
Sprucedale Ltc Lp (O/A Kindera Living (Sprucedale) Ltc Lp),823532,3.98E-06,none
Decora Powder Coatings Ltd.,822150,3.97E-06,none
Owen Sound & North Grey Union Public Library,821109,3.97E-06,none
Davtech Analytical Services (Canada) Inc,820543,3.96E-06,none
Regional Signs Inc,820432,3.96E-06,none
Sudbury Prosthetic And Orthotic Design Ltd,820339,3.96E-06,none
Council Of Ministers Of Education (Cmec) La Corporation Du Conseil Des Ministres De L'Education Canada,820030,3.96E-06,none
Eagle Orthopaedics,819848,3.96E-06,none
Township Of Lake Of Bays,818325,3.95E-06,none
Grandbridge Energy Inc,816740,3.95E-06,none
2655678 Ontario Ltd,816066,3.94E-06,none
Charles H Best Diabetes Centre,815397,3.94E-06,none
Pineland Timber Company Ltd.,814112,3.93E-06,none
Pinterest Inc,813493,3.93E-06,none
Bariatric Medical Institute Inc,812300,3.92E-06,none
Hospice Northwest,812292,3.92E-06,none
Victim Services Of Leeds & Grenville,810953,3.92E-06,none
"Ontario Corporation # 002034802, Canadian Home Healthcare Inc.",810102,3.91E-06,none
Kimesskanemenow Limited Partnership,808919,3.91E-06,none
Whit Supply,808684,3.91E-06,none
Northern Centre For Advanced Technology Inc (Norcat),807536,3.90E-06,none
674725 Ontario Ltd (O/A Agilec),807533,3.90E-06,none
Shoreline Restoration Ltd.,806543,3.90E-06,none
Council Of The Federation Secretariat,805256,3.89E-06,none
Sexual Assault Support Centre Of Waterloo Region,804647,3.89E-06,none
Parkway House,804125,3.88E-06,none
Muskrat Dam First Nation,803663,3.88E-06,none
Vaughan Wheelchair & Home Health Supplies Inc.,802460,3.88E-06,none
Pegasus Community Project For Adults With Special Needs,802234,3.88E-06,none
Township Of Fauquier-Strickland,801920,3.87E-06,none
Handi-House Limited,801867,3.87E-06,none
Advanced Orthotic Designs Inc.,801659,3.87E-06,none
Golden Windows Limited,801096,3.87E-06,none
Shad Canada,800000,3.86E-06,none
Sandbox Centre For Shared Entrepreneurship & Innovation (O/A Sandbox Centre),800000,3.86E-06,none
Township Of White River,799906,3.86E-06,none
Xerox Canada Ltd,799824,3.86E-06,none
Stinson Equipment Ltd,798554,3.86E-06,none
Contact Niagara For Children'S & Developmental Services,798136,3.86E-06,none
Utimus Incorporated,797177,3.85E-06,none
Hia Harmony In Action Windsor,797109,3.85E-06,none
Vipond Systems Group (Vipond Fire Protection Inc),796889,3.85E-06,none
Ontario Catholic School Trustees' Association,796533,3.85E-06,none
"Agilent Technologies, Inc.",796333,3.85E-06,none
Lac La Croix First Nation,796192,3.85E-06,none
Miziwe Biik Aboriginal Employment Training,795818,3.84E-06,none
1481979 Ontario Inc,795617,3.84E-06,none
Municipality Of Morris-Turnberry,794998,3.84E-06,none
1955767 Ontario Ltd,794696,3.84E-06,none
New Haven Learning Centre For Children,794092,3.84E-06,none
1000512225 Ontario Limited (O/A Service Ontario Mount Forest),793055,3.83E-06,none
Columbus House (Pembroke) Inc,793052,3.83E-06,none
Corporation Of The Town Of Deep River,792860,3.83E-06,none
Town Of East Gwillimbury,791719,3.82E-06,none
Mckinsey & Company Canada,791000,3.82E-06,none
Township Of Mckellar,790900,3.82E-06,none
Swiss Print International,790271,3.82E-06,none
Causeway Work Centre,790111,3.82E-06,none
Independent First Nation,789900,3.82E-06,none
Township Of Emo,789700,3.81E-06,none
Consoltec Inc,788818,3.81E-06,none
Learning Enrichment Foundation,787985,3.81E-06,none
Collingwood Crisis Centre,787099,3.80E-06,none
Aamjiwnaang First Nation Chippewas Of Sarnia,786501,3.80E-06,none
Unit Park,785435,3.79E-06,none
Pharmascience Inc (O/A Pendopharm),785209,3.79E-06,none
Slalom Consulting Ulc,784489,3.79E-06,none
Shoppers Drug Mart,783293,3.78E-06,none
Cayr Community Connections (O/A Aids Committee Of York Region),783000,3.78E-06,none
Hospice Toronto,781443,3.77E-06,none
Bruno'S Contracting (Thunder Bay) Ltd,780479,3.77E-06,none
Cscd Des Grandes Rivieres,780325,3.77E-06,none
Dr Michael Schweigert Medicine Professional Corporation,779019,3.76E-06,none
Brain Injury Association Of Chatham-Kent,775312,3.75E-06,none
Batchewana First Nation,774600,3.74E-06,none
Township Of Admaston/Bromley,774517,3.74E-06,none
University-Rosedale,773839,3.74E-06,none
Christian Labour Association Of Canada (Clac) Education & Assistance Training Department,773643,3.74E-06,none
Carpenters & Joiners Local 494 Benefit,773566,3.74E-06,none
Gordon Food Service Canada Ltd ,772716,3.73E-06,none
Noraxx Inspections Inc,772480,3.73E-06,none
Natural Resource Solutions Inc,771572,3.73E-06,none
Spadina-Fort York,771108,3.72E-06,none
Ontario Association Of Residents' Councils,771100,3.72E-06,none
Rainy River First Nation,770312,3.72E-06,none
Township Of Tudor And Cashel,768559,3.71E-06,none
Aegus Inc.,768531,3.71E-06,none
770573 Ontario Inc.,768459,3.71E-06,none
Parents Of Technologically Dependent Children Of Ontario (O/A Kids Country Club),768397,3.71E-06,none
Breslau North Developments Inc,768263,3.71E-06,none
Ontario'S Highlands Tourism Organization,766426,3.70E-06,none
Sault Community Health Centre,766250,3.70E-06,none
Ontario Building Officials Association,766126,3.70E-06,none
Wahta Mohawks Council,766049,3.70E-06,none
"Ontario Corporation # 1879516, Hear Well Be Well Inc.",765500,3.70E-06,none
Grand Valley Construction Association,764312,3.69E-06,none
Inspiration Medic Inc.,764204,3.69E-06,none
Municipality Of Gordon/Barrie Island,764175,3.69E-06,none
Cgs Contractors Ltd.,763987,3.69E-06,none
The Corporation Of The Township Of Madoc,763575,3.69E-06,none
Township Of Mcmurrich-Monteith,763450,3.69E-06,none
Britannia Woods Community House,763070,3.69E-06,none
Ontario Craft Cider Association,763000,3.69E-06,none
Forest Helicopters Inc,762612,3.68E-06,none
Leslie Karen Donaldson,762390,3.68E-06,none
Luke'S Place Support And Resource Centre For Women And Children,761802,3.68E-06,none
L'Accueil Francophone De Thunder Bay,760380,3.67E-06,none
Aboriginal Experiences Arts & Culture (Aeac),759712,3.67E-06,none
Google Canada Corporation*,759105,3.67E-06,none
Oakville Hospital Volunteer Association,758903,3.67E-06,none
Kawartha Family Court Assessment Mediation Service,757969,3.66E-06,none
Ottawa Victim Services Inc/Services Aux Victimes D'Ottawa Inc,757452,3.66E-06,none
Knowsys Group Ltd,757073,3.66E-06,none
Care-Med Ltd./002253637 Ontario Corporation Number,756653,3.66E-06,none
Ewos Canada Ltd.,755605,3.65E-06,none
John Howard Society Of Thunder Bay & District,755336,3.65E-06,none
Arbor Memorial Inc,755059,3.65E-06,none
Michipicoten First Nation,754053,3.64E-06,none
Algoma Substance Abuse Rehabilitation Centre,753083,3.64E-06,none
Canada Post Corp.,752570,3.64E-06,none
Action Ontarienne Contre La Violence Faite Aux Femmes (Aocvf),752320,3.63E-06,none
Cdw Canada Corp,752063,3.63E-06,none
Township Of Billings,750656,3.63E-06,none
Susan Mary Whitehouse-Meyrick (O/A Advantage Physiotherapy Centre),750380,3.62E-06,none
Township Of Armour,750375,3.62E-06,none
St Joseph'S - Hospice Of London,748993,3.62E-06,none
Future International Diversified Inc,748792,3.62E-06,none
Fisher Distributing Inc,747910,3.61E-06,none
2507591 Ontario Ltd,747080,3.61E-06,none
Prosthetic Energy West Inc.,746588,3.61E-06,none
Catholic Family Services Of Toronto,745801,3.60E-06,none
Greater Sudbury Housing Corp,744943,3.60E-06,none
Cpap Solutions Ltd.,744316,3.60E-06,none
Roots Community Services Inc,743795,3.59E-06,none
Cyber Nations Foundation,743750,3.59E-06,none
Sanguen Health Centre Foundation,743103,3.59E-06,none
Township Of Faraday,743100,3.59E-06,none
Gmf Services Ltd,740729,3.58E-06,none
Staples Canada Inc,739895,3.57E-06,none
Caldwell First Nation,738887,3.57E-06,none
2 Spirited People Of The First Nations,738311,3.57E-06,none
Dryden Forest Management Co. Ltd.,737976,3.56E-06,none
Toronto Orthopedic Appliance Services Ltd.,737882,3.56E-06,none
Harmony Place Support Services,735980,3.56E-06,none
Peel Cheshire Homes Inc,734865,3.55E-06,none
Ontario 4-H Council,734646,3.55E-06,none
1097347 Ontario Inc,733363,3.54E-06,none
Fidelity Engineering & Construction Inc.,733144,3.54E-06,none
Char Technologies Thorold Inc,732395,3.54E-06,none
Durham Services,731823,3.54E-06,none
Bell Conferencing,731567,3.53E-06,none
A Y Alternatives For Youth Hamilton,731257,3.53E-06,none
Kyndryl Canada Limited/Kyndryl Canada Limitée,730313,3.53E-06,none
Weenusk First Nation,730249,3.53E-06,none
Hpt Trs Ihg-2 Inc.,729905,3.53E-06,none
Rsolutions Corporation (O/A Rbackups.Ca),729032,3.52E-06,none
Ottawa Hospital Research Institute,728717,3.52E-06,none
Chapleau Cree First Nation,728600,3.52E-06,none
Nokiiwin Tribal Council Inc.,728220,3.52E-06,none
Ymca Of Niagara,727796,3.52E-06,none
Gbsp Centre Corp (O/A The Young Centre For The Performing Arts),727064,3.51E-06,none
"True Hearing Health Corp., Ontario Corporation No. 5026397",726500,3.51E-06,none
Dr M Ahmad Dentistry Professional Corp,723680,3.50E-06,none
United For Literacy/Litteratie Ensemble,723366,3.49E-06,none
Mgi Construction Corp,723069,3.49E-06,none
Pwo Canada Incorporated,722840,3.49E-06,none
City Of Mississauga,722235,3.49E-06,none
Sault Ste Marie Alcohol Recovery Home Inc,722116,3.49E-06,none
Delta Scientific Laboratory Products Ltd,721648,3.49E-06,none
Maison Baldwin House,721409,3.48E-06,none
Panoply Wood Products Inc,721392,3.48E-06,none
London Pathology Associates,721025,3.48E-06,none
Babbco Office Services (2002) Ltd,720557,3.48E-06,none
Mattawa Women'S Resource Centre,718472,3.47E-06,none
Alternatives,717251,3.46E-06,none
Green Party Of Ontario...................................................................... ,716671,3.46E-06,none
Township Of Bonfield,715675,3.46E-06,none
Mississauga Public Library,715203,3.45E-06,none
Township Of Dubreuilville,713971,3.45E-06,none
The Inn Of Windsor,712754,3.44E-06,none
Vermilion Forest Management Company Ltd.,712488,3.44E-06,none
Workforce Planning Board Of Grand Erie,711740,3.44E-06,none
Canadian Mothercraft Society,711522,3.44E-06,none
Exacta Interpreting Inc.,711432,3.44E-06,none
N Harris Computer Corporation,710956,3.43E-06,none
Boys And Girls Club Of Kingston & Area,709852,3.43E-06,none
Sheet Metal Workers' International Association Local 285 Training Centre,709605,3.43E-06,none
Alphaplus Centre/Centre Alphaplus,709060,3.43E-06,none
Canadian Niagara Hotels Inc.,708935,3.42E-06,none
1St Forms Inc,708770,3.42E-06,none
1916584 Ontario Inc.,708617,3.42E-06,none
Manfred Resources,708446,3.42E-06,none
County Of Essex,707381,3.42E-06,none
Ontario Long Term Care Clinicians,707167,3.42E-06,none
Chapleau Hornepayne Algoma District Women In Crisis,706779,3.41E-06,none
Toronto Centre,706739,3.41E-06,none
Safehope Home,706372,3.41E-06,none
Manida Licence Services Inc,705401,3.41E-06,none
International Association Of Bridge Structural And Ornamental Iron Workers,703166,3.40E-06,none
"Med-E-Ox Medical Equipment & Home Respiratory Ltd., Ontario Corporation No. 1000583116",703142,3.40E-06,none
Gpec International,702352,3.39E-06,none
Women'S Support Network Of York Region,701735,3.39E-06,none
"Ontario Corporation # 002090820, Bentley Hearing Services Limited",701300,3.39E-06,none
Community Support Centre-Northwest,700937,3.39E-06,none
Laverendrye Non Profit Supportive Housing Corporation,700740,3.38E-06,none
Canadian Corps Of Commissionaires (Great Lakes),700639,3.38E-06,none
Township Of Mcnab-Braeside,700595,3.38E-06,none
Honey Electric Limited,700207,3.38E-06,none
Niagara Pallet And Recyclers Ltd,700000,3.38E-06,none
Ontario Non-Profit Housing Association (Onpha),700000,3.38E-06,none
Kautex Corp,700000,3.38E-06,none
Lake Country Office Solutions Inc,699381,3.38E-06,none
Uniform Group Inc,699354,3.38E-06,none
Avant Imaging And Integrated Media Ulc,698936,3.38E-06,none
Ace Health Care Shop,698609,3.37E-06,none
Google Canada Corporation,698291,3.37E-06,none
Harold Mcquaker Enterprises Ltd,697772,3.37E-06,none
Clergue Forest Management Inc.,697222,3.37E-06,none
Parry Sound-Muskoka,696243,3.36E-06,none
Mastech Infotrellis Digital Ltd,695482,3.36E-06,none
Durham Family & Cultural Centre,695000,3.36E-06,none
Ksalsuti Wellness Resources Inc.,694983,3.36E-06,none
Boys & Girls Clubs Of Kawartha Lakes,694922,3.36E-06,none
"Ontario Corporation # 1652624, Active Orthopedic Solutions Inc.",694373,3.35E-06,none
St. Joseph Communications,693508,3.35E-06,none
Sudbury And Area Victim Services/Services Aux Victimes Du Grand Sudbury,692932,3.35E-06,none
Skytrac Systems Ltd,692558,3.35E-06,none
Niagara Housing Corporation,692452,3.34E-06,none
Rural Ottawa South Support Services,692093,3.34E-06,none
Prosserman Jewish Community Centre,690455,3.34E-06,none
Maggie'S Resource Centre Of North Hastings,689885,3.33E-06,none
Kennel Club Gear Inc,688729,3.33E-06,none
Weiler Maloney Nelson (In Trust),686803,3.32E-06,none
1022403 Ontario Limited O/A Mirmil Products,686750,3.32E-06,none
1393097 Ontario Inc. (O/A Superior Grading),685587,3.31E-06,none
Alpha House,685386,3.31E-06,none
818185 Ontario Inc (O/A Robertson Restoration),685129,3.31E-06,none
Canadian Tire Corporation Ltd,684172,3.30E-06,none
Centre For Immigrant And Community Services,683889,3.30E-06,none
United Brotherhood Of Carpenters & Joiners Of America,683349,3.30E-06,none
Whispering Hearts Horse Rescue Centre,682745,3.30E-06,none
Polycultural Immigrant And Community Services,681267,3.29E-06,none
Across Languages Translation & Interpretation Service,681241,3.29E-06,none
K-W Seniors Day Program Incorporated,680305,3.29E-06,none
Concept Controls Inc,678924,3.28E-06,none
Lanxess Canada Co,678796,3.28E-06,none
Learning Disabilities Association Of Ontario,678385,3.28E-06,none
United Brotherhood Of Carpenters & Joiners Of Usa Local 1916 (O/A Millwright Local 1916),678261,3.28E-06,none
Loewen Prosthetic Services Ltd.,677933,3.27E-06,none
Able2: Support For People With Disabilities,677084,3.27E-06,none
777564 Ontario Ltd. (O/A Driver & Vehicle Licenses Office),677062,3.27E-06,none
Hamilton East Kiwanis Boys & Girls Club,677008,3.27E-06,none
2567579 Ontario Inc,676860,3.27E-06,none
Timothy J Tallon Sales Inc. (O/A Canadian Tire 182 - Toronto),675994,3.27E-06,none
Artemis Technologies Inc.,675644,3.26E-06,none
Youth Association For Academic Athletics And Character Education,675000,3.26E-06,none
B.S.B. Mfg. Limited,675000,3.26E-06,none
Steven White,674850,3.26E-06,none
Universal Safety Equipment Inc,674671,3.26E-06,none
Pro-Gen (Thunder Bay) Inc.,673952,3.26E-06,none
K-Sports Marine,673905,3.26E-06,none
International Brotherhood Of Electrical Workers Local 1687,673716,3.25E-06,none
Aldo Forgione In Trust,673294,3.25E-06,none
Family Councils Of Ontario,672483,3.25E-06,none
"Not For Profit Canadian Corporation # 034711-6, Canadian Hearing Services",672350,3.25E-06,none
Niagara Victim Crisis Support Service Inc,672308,3.25E-06,none
Quinte Conservation Authority,672190,3.25E-06,none
Rideau Valley Conservation Authority,671969,3.25E-06,none
Wounds Canada Plaies Canada,671900,3.25E-06,none
Archaeological Research Associates Ltd,671650,3.24E-06,none
York South-Weston,671465,3.24E-06,none
Willowdale Physiotherapy Clinic,670064,3.24E-06,none
Kingdom House Christian Centre,670000,3.24E-06,none
Starnino Iadarola Design Inc.,669850,3.24E-06,none
Community Family Services Of Ontario,669321,3.23E-06,none
The Corporation Of The Township Of Lake Of The Woods,668150,3.23E-06,none
Ontario Independent Meat Processors Association O/A Meat And Poultry Ontario,667862,3.23E-06,none
Racing Forensics Inc.,666522,3.22E-06,none
Ottawa-Vanier,665364,3.21E-06,none
Luan Inc.,664072,3.21E-06,none
Ausable Bayfield Conservation Authority,663876,3.21E-06,none
Sws Detention Group Inc,663162,3.20E-06,none
Sans Institute,663099,3.20E-06,none
Canadian Interagency Forest Fire Centre,662594,3.20E-06,none
Local 115 International Brotherhood Of Electrical Workers,662433,3.20E-06,none
Google Llc.,662057,3.20E-06,none
Service Coordination For Children And Youth,661772,3.20E-06,none
Sustana,661378,3.19E-06,none
Leo Burnett Company Ltd.,661152,3.19E-06,none
1909953 Ontario Inc.,661013,3.19E-06,none
Ontario Public Service Employees Union (Opseu),659835,3.19E-06,none
Crawford & Company (Canada) Inc,659553,3.19E-06,none
Open Hxouse Inc,659335,3.18E-06,none
Oak Centre Alternative Community Support,657588,3.18E-06,none
336101 Ontario Limited,657559,3.18E-06,none
Centre De Ressources Familiales De Sturgeon Falls Sturgeon Falls Family Resource Centre,657528,3.18E-06,none
Mobility Specialties Inc.,657096,3.17E-06,none
Indigenous Tourism Association Of Ontario,656386,3.17E-06,none
Township Of Nipissing,655447,3.17E-06,none
Township Of Cavan-Monaghan,655419,3.17E-06,none
Toronto Rape Crisis Centre,655135,3.16E-06,none
Ron Leuschner Spraying Ltd (O/A Leuschner'S Lawn & Landscape),654440,3.16E-06,none
Info-Tech Research Group,654437,3.16E-06,none
Township Of Mulmur,654191,3.16E-06,none
Ipss Inc,652984,3.15E-06,none
Antoine Algonquin Community Services Corporation,652656,3.15E-06,none
Rural Frontenac Community Services,652508,3.15E-06,none
Alzheimer Society Of Thunder Bay,652162,3.15E-06,none
Somali Centre For Family Services,651530,3.15E-06,none
For Youth Initiative In Toronto,651110,3.15E-06,none
Parkdale Golden Age Foundation,650898,3.14E-06,none
Radiation Safety Institute Of Canada (Rsic),650537,3.14E-06,none
Native Women'S Resource Centre Of Toronto,650032,3.14E-06,none
Monarch House Ltd (O/A Four Points Inc),649752,3.14E-06,none
All Pro Electrical Inc,649502,3.14E-06,none
Global Citizens Care For Underprivileged And Refugee Empowerment Inc,649210,3.14E-06,none
Philippine Legacy And Cultural Alliance,649179,3.14E-06,none
The Ottawa Hospital Rehabilitation Centre,648982,3.13E-06,none
I.B.E.W. (Local 773) Building Corp.,648899,3.13E-06,none
Mb3C Farms - Animal Enrichment,648824,3.13E-06,none
Glengarry-Prescott-Russell,648148,3.13E-06,none
Bmo Mastercard ,647857,3.13E-06,none
Wayside House Of St Catharines,647410,3.13E-06,none
Addictions And Mental Health Ontario,647231,3.13E-06,none
Bethell Hospice,646614,3.12E-06,none
Toronto Kiwanis Boys And Girls Club,646468,3.12E-06,none
Chippewas Of Saugeen First Nation,646041,3.12E-06,none
Celtic Cross Holdings Inc,645490,3.12E-06,none
Bomimed Inc,645456,3.12E-06,none
Elliot Lake Women'S Group Inc,643541,3.11E-06,none
Cargill Ltd,641418,3.10E-06,none
Ricoh Canada Inc.,641178,3.10E-06,none
Run Straight Consulting Ltd,640683,3.09E-06,none
Township Of Athens,639200,3.09E-06,none
Bancroft Minden Forest Company,638189,3.08E-06,none
Federation De La Jeunesse Franco-Ontarienne (Fesfo),637480,3.08E-06,none
Health Nexus,637095,3.08E-06,none
Silent Voice Canada Inc,636940,3.08E-06,none
Legacy Supply Chain Services Inc. (O/A Can-Am Logistics Inc),636208,3.07E-06,none
Dave Thomas Foundation For Adoption - Canada,636140,3.07E-06,none
898174 Ontario Ltd,635219,3.07E-06,none
J A Kaytor Holding Inc,633979,3.06E-06,none
Andrew Urho Piilo (O/A Hopper'S Variety),633880,3.06E-06,none
Tbaytel (Thunder Bay Telephone),633512,3.06E-06,none
Anishnawbe Mushkiki,633290,3.06E-06,none
Sleep Panda Cpap Corporation,632573,3.06E-06,none
Ontario Transfer Services Inc,632127,3.05E-06,none
Career Services Of Brockville,631962,3.05E-06,none
Atlantic Industries Ltd,631764,3.05E-06,none
Timberland Equipment Limited,631495,3.05E-06,none
Local 527 United Assn Plumbers & Steam Joint Training Fund,631363,3.05E-06,none
Raisin Region Conservation Authority,630829,3.05E-06,none
United Brotherhood Of Carpenters And Joiners Of America Local 2486,630739,3.05E-06,none
Naomi'S Family Resource Centre (Winchester),630488,3.05E-06,none
Action Health Care Inc.,629517,3.04E-06,none
Kdc Enterprises Ltd,629496,3.04E-06,none
Procom,629049,3.04E-06,none
Waterax,628959,3.04E-06,none
The Global Village Health Centre,628800,3.04E-06,none
Township Of Macdonald Meredith & Aberdeen,628600,3.04E-06,none
Regroupement Ethnoculturel Des Parents Francophones De L'Ontario (Repfo),628450,3.04E-06,none
Telus Corporation,627543,3.03E-06,none
Yes Employment Services (Thunder Bay),627317,3.03E-06,none
Kenora Sexual Assault Centre,627271,3.03E-06,none
Centretown Citizens Ottawa Corp,626788,3.03E-06,none
Wabadowgang Noopming Forest ,626430,3.03E-06,none
Twin City Mechanical Inc,626376,3.03E-06,none
Corporation Of The Township Of Drummond/North Elmsley,626000,3.02E-06,none
Onestream Llc,625494,3.02E-06,none
Alzheimer Society Of Hastings - Prince Edward,625451,3.02E-06,none
Alzheimer Society Of Muskoka,625159,3.02E-06,none
Design For A New Tomorrow,624196,3.02E-06,none
Uniformone Ltd,623903,3.01E-06,none
Haliburton-Kawartha Lakes-Brock,622765,3.01E-06,none
Centennial Infant & Child Centre (For Children With Special Needs),621597,3.00E-06,none
Community Options For Justice (Oxford),619982,2.99E-06,none
Victim Services Bruce Grey Perth,619571,2.99E-06,none
Victim Services Of Renfrew County Inc,616957,2.98E-06,none
Township Of Head Clara & Maria,616359,2.98E-06,none
Duboff Edwards Schachter Law Corp. ,615000,2.97E-06,none
Niagara Peninsula Conservation Authority,614593,2.97E-06,none
The Community Training & Development Centre For Innovation & Improvement,614511,2.97E-06,none
"Northern Respiratory Sault Ste Marie Inc., Ontario Corporation No. 002789057",613883,2.97E-06,none
Superior Grading (1393097 Ontario Inc),612764,2.96E-06,none
Bimose Tribal Council Inc,611782,2.96E-06,none
Pacific Geotech Systems Ltd,610200,2.95E-06,none
Nipissing Orthopaedic Laboratory Inc.,610143,2.95E-06,none
Municipality Of Callander,610025,2.95E-06,none
Hydro Ottawa Ltd,609380,2.94E-06,none
Geraldton Community Forest,609329,2.94E-06,none
Simcoe-Grey,608667,2.94E-06,none
Nepean,608188,2.94E-06,none
Xentegra Canada Inc,607337,2.93E-06,none
Ottawa Centre,606732,2.93E-06,none
Labours Local 1089 (Sarnia) Training & Rehab Trust Fund,606690,2.93E-06,none
"Ontario Corporation # 1232428., Home Lifecare Services Inc.",606240,2.93E-06,none
Harley Phibbs (O/A C & H Pumping),605849,2.93E-06,none
Mississauga-Erin Mills,605357,2.92E-06,none
Ca Sellers Cleaning Services Ltd,605345,2.92E-06,none
Superior Airways Ltd,605277,2.92E-06,none
Ismp Canada (Institute For Safe Medication Practices Canada),604500,2.92E-06,none
Mattagami First Nation,604108,2.92E-06,none
Catholic Community Services Of York Region,603801,2.92E-06,none
The Home Depot Inc.,602497,2.91E-06,none
Township Of Machar,601747,2.91E-06,none
Kingston Literacy & Skills,601311,2.90E-06,none
Twoplugs Inc,600000,2.90E-06,none
Wakenagun Community Futures Development Corporation,600000,2.90E-06,none
Wellesley Institute,600000,2.90E-06,none
Accelerate Auto Canada,600000,2.90E-06,none
London West,599672,2.90E-06,none
London Public Library Board (O/A London Public Libraries),598829,2.89E-06,none
Taproot Community Support Services Ltd,598674,2.89E-06,none
Centre For Family Medicine Family Health Team,598490,2.89E-06,none
Bisceglia & Associates Professional Corporation,598000,2.89E-06,none
Balance For Blind Adults*,597852,2.89E-06,none
Huron Hospice Volunteer Service,597490,2.89E-06,none
Agoke Development Corp. Lp.,597164,2.88E-06,none
Over 55 (London) Inc,597115,2.88E-06,none
Research Innovation Commercialization Centre,595350,2.88E-06,none
"Ontario Corporation # 1985641, London Prosthetics Co. Ltd.",595199,2.88E-06,none
Durham,594968,2.87E-06,none
Americair Corporation,594945,2.87E-06,none
Windsor Public Library Board,594830,2.87E-06,none
Township Of Armstrong (O/A Corporation Of The Township Of Armstrong),593965,2.87E-06,none
Weber Supply,593633,2.87E-06,none
St Helen'S Meat Packers Ltd,593134,2.87E-06,none
Dnv Canada Ltd.,592911,2.86E-06,none
Multicultural Council Of Windsor & Essex County,592770,2.86E-06,none
Bluedrop Ism Limited,592120,2.86E-06,none
Malvern Family Resource Centre,591876,2.86E-06,none
Alzheimer Society Of Kingston,591627,2.86E-06,none
John Howard Society Of London And District,591507,2.86E-06,none
Simcoe North,590616,2.85E-06,none
Paypal,590446,2.85E-06,none
Vuereal Inc,590000,2.85E-06,none
Mettler Toledo,589078,2.85E-06,none
Waterloo Local Housing Corp,589034,2.85E-06,none
Bruce-Grey-Owen Sound,588883,2.84E-06,none
Pillar5 Pharma Inc,588756,2.84E-06,none
Ainsworth Inc. ,588094,2.84E-06,none
"Corporation Of The United Counties Of Stormont, Dundas & Glengarry (O/A United Counties Of Stormont Dundas & Glengarry)",587505,2.84E-06,none
De Novo Treatment Centre Trust Fund,586553,2.83E-06,none
Plan A Timmins Health Care Staffing And Recruitment Inc,586429,2.83E-06,none
Alzheimer Society Of Huron County & District,586317,2.83E-06,none
Victim Services Haldimand Norfolk New Credit,585945,2.83E-06,none
Etobicoke-Lakeshore,585621,2.83E-06,none
Welland Heritage Council & Multicultural Centre,585450,2.83E-06,none
Warden Wright Llp,584712,2.82E-06,none
Eglinton-Lawrence,584362,2.82E-06,none
"Roger Neilson Children'S Hospice / Roger Neilson, Soins Palliatifs Pour Enfants",584357,2.82E-06,none
Chatham-Kent-Leamington,584335,2.82E-06,none
Eglinton Diagnostic Laboratories Ltd,584262,2.82E-06,none
Ab Sciex Lp,584189,2.82E-06,none
Technical Training Group (Stratford And Area),583376,2.82E-06,none
Schep'S Bakeries Ltd,583101,2.82E-06,none
"Ontario Corporation # 1649491, Breathing Solutions Inc.",583019,2.82E-06,none
Town Of Ingersoll,582743,2.81E-06,none
King-Vaughan,581893,2.81E-06,none
Sheguiandah First Nation,581538,2.81E-06,none
Rebound Child & Youth Services Inc,580661,2.80E-06,none
Luan Licensing Ltd.,580187,2.80E-06,none
M C P D Consultants Inc,579927,2.80E-06,none
Windsor West,579559,2.80E-06,none
My Neighbourhood Services,578300,2.79E-06,none
1455380 Ontario Inc. (O/A Drivers & Vehicles License Issuing Office 004-Downtown),577923,2.79E-06,none
Government Of The Province Of Manitoba,577871,2.79E-06,none
Kataquapit Equipment,577278,2.79E-06,none
Eastwood Psychology Professional Corporation,577019,2.79E-06,none
Owen Sound Family Ymca (O/A Ymca Of Owen Sound Grey Bruce),576710,2.79E-06,none
Davisville Physiotherapy Centre Inc,576308,2.78E-06,none
Ontario Native Literacy Coalition,575543,2.78E-06,none
Dragage Ocean Dm Inc,575054,2.78E-06,none
Canadian Memorial Services,574892,2.78E-06,none
Local Services Board Of Loring - Port Loring And District,574793,2.78E-06,none
Dokis First Nation,574770,2.78E-06,none
Welk Electric Ltd,574610,2.78E-06,none
Northway/Photomap/Remote Sensing Ltd,574537,2.78E-06,none
Rev Norm Johnston Youth Residence (Lanark Leeds 'N Grenville) Inc,574145,2.77E-06,none
"Coptic Orthodox Patriarchate Of Alexandria, The Church Of The Virgin Mary And St Athanasius",573673,2.77E-06,none
Lorberg Medicine Professional Corporation,573325,2.77E-06,none
Environmentall Contracting Services Inc,573063,2.77E-06,none
Local Services Board Of Lappe & Area,572991,2.77E-06,none
Rain & Shine Behavioural Counselling Services Ltd,572638,2.77E-06,none
1617499 Ontario Inc.,571338,2.76E-06,none
2352695 Ontario Limited (O/A Dale Brooks & Sunns Construction),571227,2.76E-06,none
Township Of Strong,570025,2.75E-06,none
Dyslexia Canada,570000,2.75E-06,none
St Alban'S Boys' And Girls' Club,569969,2.75E-06,none
Red Lake Forest Management Co. Ltd.,569386,2.75E-06,none
Outsystems Inc,568919,2.75E-06,none
Aboriginal Shelters Of Ontario,568870,2.75E-06,none
Westwind Forest Stewardship Inc.,568639,2.75E-06,none
Hakim Optical Laboratory Ltd,568366,2.75E-06,none
Chippewas Of Nawash Unceded First Nation,568352,2.75E-06,none
Kashechewan Health Services Board,568145,2.74E-06,none
Hastings-Lennox And Addington,567368,2.74E-06,none
True Experience Supportive Housing & Community Work Program,567147,2.74E-06,none
Rm Belanger Ltd (O/A Belanger Construction),566908,2.74E-06,none
Peterborough-Kawartha,566816,2.74E-06,none
Oakville Hydro Electricity Distribution Inc,566069,2.73E-06,none
Habitat For Humanity Of Northumberland,565999,2.73E-06,none
Niagara Falls,565520,2.73E-06,none
North Rock Engineering Inc,565175,2.73E-06,none
Prince Edward County Community Care For Seniors Association,564884,2.73E-06,none
Nokee Kwe,564837,2.73E-06,none
Gartner Canada Co.,564447,2.73E-06,none
Rice Resource Technologies Inc,563994,2.72E-06,none
Sexual Assault Survivors' Centre Sarnia-Lambton,563848,2.72E-06,none
Building Multicultural Communities,563539,2.72E-06,none
Fresh Start Cleaning And Maintenance,563341,2.72E-06,none
Toronto-St. Paul'S,563309,2.72E-06,none
Ontario Police Technology Information Co-Operative,563253,2.72E-06,none
Burlington,561909,2.71E-06,none
Story Environmental Inc,561821,2.71E-06,none
Carpenters Local 93 Training Centre Association,561494,2.71E-06,none
Rock Networks (H&M) Lp,561291,2.71E-06,none
Workplace Safety & Insurance Appeals Tribunal,561024,2.71E-06,none
Etobicoke Centre,560639,2.71E-06,none
Anishinaabeg Of Naongashiing First Nation,558975,2.70E-06,none
Lanark-Frontenac-Kingston,558877,2.70E-06,none
Community Care For North Hastings,558607,2.70E-06,none
Municipal Finance Officers Association,558139,2.70E-06,none
Anishnabie Naadmaagi Gamig Substance Abuse Treatment Centre,558124,2.70E-06,none
Mississauga Centre,557059,2.69E-06,none
Thunder Bay And Area Victim Services,556567,2.69E-06,none
North York Community House,556450,2.69E-06,none
Barrie-Springwater-Oro-Medonte,556000,2.69E-06,none
Beacon Construction (Ontario) Ltd.,555959,2.69E-06,none
Brantford-Brant,555675,2.68E-06,none
Pinecrest-Queensway Community Health Centre ,555601,2.68E-06,none
Tsi Tyonnheht Onkwawén:Na Language And Cultural Centre,555000,2.68E-06,none
Renfrew-Nipissing-Pembroke,554850,2.68E-06,none
Timiskaming-Cochrane,554790,2.68E-06,none
Upstream Ottawa Community Mental Health Support,554624,2.68E-06,none
Aundeck-Omni-Kaning First Nation,554589,2.68E-06,none
North Toronto Auction,554099,2.68E-06,none
White Oaks Resort & Spa,554070,2.68E-06,none
Manitoulin Transport Inc,554053,2.68E-06,none
Medical Motion Inc.,553904,2.68E-06,none
2361588 Ontario Inc.,553636,2.67E-06,none
Apitipi Anicinapek Nation,553613,2.67E-06,none
Albion Neighbourhood Services,553562,2.67E-06,none
Empathy House Of Recovery,553550,2.67E-06,none
Nickel Belt,553425,2.67E-06,none
Network Innovations Inc,553263,2.67E-06,none
1000399589 Ontario Inc,553177,2.67E-06,none
Local 1007 United Brotherhood Of Carpenters & Joiners,552815,2.67E-06,none
Markham-Stouffville,552668,2.67E-06,none
Mwg Apparel,552539,2.67E-06,none
Elgin-Middlesex-London,552535,2.67E-06,none
1877980 Ontario Inc,552534,2.67E-06,none
Kathryn Henderson,552370,2.67E-06,none
Skedulo Inc,552009,2.67E-06,none
Township Of Cavan-Millbrook-North Monaghan,551975,2.67E-06,none
Community Literacy Of Ontario Inc,551877,2.67E-06,none
Aet Group Inc,551006,2.66E-06,none
Torkin Manes Llp,550103,2.66E-06,none
Linensense Inc,549762,2.66E-06,none
Stormont-Dundas-South Glengarry,549504,2.65E-06,none
Leeds-Grenville-Thousand Islands And Rideau Lakes,549418,2.65E-06,none
1896874 Ontario Inc.,548941,2.65E-06,none
Innovation Guelph Resource Centre,548100,2.65E-06,none
Appriver Canada Ulc,548021,2.65E-06,none
O'Sullivan Funeral Home & Cremation Centre,547809,2.65E-06,none
Township Of Plummer Additional,547800,2.65E-06,none
Agincourt Community Services Association,547386,2.64E-06,none
Nickel District Conservation Authority,547058,2.64E-06,none
Allan H Hutchison Contracting Ltd,547043,2.64E-06,none
Social Enterprise For Canada,546338,2.64E-06,none
Achieve Potential Inc.,546290,2.64E-06,none
Community Counselling And Resource Centre,545859,2.64E-06,none
Trentway Wagar Inc (O/A Coach Canada),545154,2.63E-06,none
Oakville North-Burlington,545058,2.63E-06,none
N'Swakamok Native Friendship Centre,543611,2.63E-06,none
Mississauga East-Cooksville,543587,2.63E-06,none
14504178 Canada Inc,543114,2.62E-06,none
Richmond Hill,542978,2.62E-06,none
Turning Point Inc,542685,2.62E-06,none
Lee Hecht Harrison Knightsbridge Corp (O/A Knightsbridge Human Capital Solutions),542444,2.62E-06,none
Ottawa West-Nepean,542242,2.62E-06,none
"Ontario Corporation # 1433497, Dura Med Mobility Products Inc.",542212,2.62E-06,none
Liuna Local 527,542187,2.62E-06,none
Ottawa Police Service,542168,2.62E-06,none
"Tlc Medical Supply Inc., Ontario Corporation No. 2254939",541677,2.62E-06,none
Learning Place,541091,2.61E-06,none
Sexual Assault Centre (Hamilton And Area),540700,2.61E-06,none
Day Communications Group Inc.,540170,2.61E-06,none
Windsor-Tecumseh,540011,2.61E-06,none
Essex,539871,2.61E-06,none
Association Of Law Officers Of The Crown (Aloc),539243,2.60E-06,none
Mazinaw-Lanark Forest Inc.,539179,2.60E-06,none
Micro Focus Software Solutions Canada Co,538575,2.60E-06,none
2575722 Ontario Inc,538280,2.60E-06,none
Orthobility Bracing Corporation,537940,2.60E-06,none
Everlaw Inc,537592,2.60E-06,none
799200 Ontario Inc (O/A Connor Industries),536903,2.59E-06,none
D & T Moser Ltd,536347,2.59E-06,none
Bmp Global Investment Inc.,536342,2.59E-06,none
Dufferin-Caledon,536326,2.59E-06,none
Allen Equipment Contracting Corp,536114,2.59E-06,none
Sudbury,535872,2.59E-06,none
Snap Ulc,535346,2.59E-06,none
Youth Services Of Lambton County Inc,535304,2.59E-06,none
Moore & Costello,534977,2.58E-06,none
Skelton Canada Inc.,534962,2.58E-06,none
"Ontario Corporation # 002414723, Comfort Mobility Inc.",534790,2.58E-06,none
Ottawa South,532829,2.57E-06,none
7532792 Canada Inc,532760,2.57E-06,none
National Pharmacy,532635,2.57E-06,none
The Handicapped Action Group Incorporated,532464,2.57E-06,none
Brampton East,532259,2.57E-06,none
Triec (Toronto Region Immigrant Employment Council),532152,2.57E-06,none
Beaches-East York,531823,2.57E-06,none
Liberty Removal Services Inc,531588,2.57E-06,none
Kingston And The Islands,531452,2.57E-06,none
Airborne Sensing Corporation,531303,2.57E-06,none
Oshawa-Durham Rape Crisis Centre,530922,2.56E-06,none
2306140 Ontario Inc,530731,2.56E-06,none
Victim Services Of Windsor And Essex County,530540,2.56E-06,none
Humber River-Black Creek,530238,2.56E-06,none
Etobicoke North,530095,2.56E-06,none
New Language Solutions (O/A T V L T),530000,2.56E-06,none
Township Of Tyendinaga,529725,2.56E-06,none
Medical Respiratory Care Inc.,529658,2.56E-06,none
1685300 Ontario Inc (O/A Lpc Contracting),529651,2.56E-06,none
Ancestral Hands Foundation,528902,2.55E-06,none
National Judicial Institute,528858,2.55E-06,none
Africans In Partnership Against Aids,528820,2.55E-06,none
City Limits Dog Boarding Inc,528625,2.55E-06,none
Apex Engineers Inc,528142,2.55E-06,none
Afro Canadian Contractors Association,527699,2.55E-06,none
Amity Goodwill Industries,527564,2.55E-06,none
Past Recovery Archaeological Services Inc,527518,2.55E-06,none
Barrie Native Friendship Centre,527304,2.55E-06,none
Juliane C. Shantz Audiologist Inc.,527300,2.55E-06,none
Weinmann Ltd,526586,2.54E-06,none
Canadian Tech Air Systems Inc,526455,2.54E-06,none
Everest Funeral Chapel Ltd ,526295,2.54E-06,none
Dyplex Communications Ltd,526159,2.54E-06,none
Muskoka/Parry Sound Coordinated Sexual Assault Services,526081,2.54E-06,none
Township Of Pickle Lake,525920,2.54E-06,none
Local Services Board Of Thorne,525639,2.54E-06,none
Guelph,525590,2.54E-06,none
Mitrovic Medicine Professional Corporation,525450,2.54E-06,none
Wikwemikong Tribal Police ,525365,2.54E-06,none
Pikangikum Health Authority,525212,2.54E-06,none
Thoughtstorm Inc.,524356,2.53E-06,none
The Miller Group,523982,2.53E-06,none
Ottawa Rape Crisis Centre,523752,2.53E-06,none
Township Of Wainfleet,523450,2.53E-06,none
Doane Grant Thornton Llp,523417,2.53E-06,none
Shkoday Abinojiiwak Obimiwedoon,522960,2.53E-06,none
Phoenix Rising Non-Profit Homes Inc,522927,2.53E-06,none
Cti Canadian Training Institute,522710,2.52E-06,none
Ojibways Of Onigaming First Nation,522341,2.52E-06,none
"People Hearing Corp., Canada Corporation No. 1430013-1",522200,2.52E-06,none
Oak Hall Industries Canada Inc. (Harcourts),521281,2.52E-06,none
Delaware Nation Council,521170,2.52E-06,none
Township Of Chisholm,520975,2.52E-06,none
Township Of Johnson,520700,2.52E-06,none
Hemson Consulting Ltd,519888,2.51E-06,none
Tyr Tactical Canada,519815,2.51E-06,none
"  4 Members At 129,871.68",519487,2.51E-06,none
Partners For Planning,518023,2.50E-06,none
Brant & Brantford Local Housing Corp,517267,2.50E-06,none
Kanata North Business Improvement Association,517239,2.50E-06,none
Local Services Board Of Goulais & District,516996,2.50E-06,none
Falcon Hotel Ltd,516735,2.50E-06,none
Cee Centre For Young Black Professionals,516599,2.50E-06,none
Literacy Link South Central,516488,2.49E-06,none
Algoma-Manitoulin,516373,2.49E-06,none
Quattra Scs Ltd,516249,2.49E-06,none
The Lymphedema Fitter Services Inc.,516211,2.49E-06,none
Sarnia-Lambton,516133,2.49E-06,none
Avant Systems Group Manitoba Ltd,515151,2.49E-06,none
Emily Murphy Second Stage Residences (O/A The Emily Murphy Centre),515134,2.49E-06,none
"Ontario Corporation # 1000723908, Inspiair Toronto Inc.",515125,2.49E-06,none
Waste Connections Of Canada,515032,2.49E-06,none
The Corporation Of The Township Of Papineau-Cameron,514301,2.48E-06,none
Moon-Matz Ltd,513949,2.48E-06,none
Interpublic Group Of Companies Canada Inc,513860,2.48E-06,none
Kanata-Carleton,513439,2.48E-06,none
York Centre,513351,2.48E-06,none
Dotzert Group Of Licence Offices Inc,513090,2.48E-06,none
Zoom Video Communications Inc.,512394,2.48E-06,none
Hanon Systems Canada Inc,512000,2.47E-06,none
Armagh,511953,2.47E-06,none
Cambridge,511893,2.47E-06,none
Softwareone Canada Inc,510671,2.47E-06,none
Orléans,508872,2.46E-06,none
Thunder Bay Orthopaedic Inc.,508805,2.46E-06,none
The Corporation Of The City Of Kenora,508544,2.46E-06,none
Nipissing,508084,2.45E-06,none
St. Clair Region Conservation Authority,508011,2.45E-06,none
Alzheimer Society Of Kenora/Rainy River Districts,507292,2.45E-06,none
The Corporation Of Township Of Mattice-Val Cote,507170,2.45E-06,none
Shadowbrook Kennels Inc,506871,2.45E-06,none
Mississauga-Streetsville,506506,2.45E-06,none
Melly'S Workplace,506473,2.45E-06,none
10602094 Canada Inc.,506222,2.45E-06,none
Gizhewaadiziwin Health Access Centre,505906,2.44E-06,none
The Centre In The Square Inc,504711,2.44E-06,none
Bulimia Anorexia Nervosa Association (O/A Bana),504629,2.44E-06,none
Kitchenuhmaykoosib Inninuwug First Nation (O/A Big Trout Lake Band),504571,2.44E-06,none
Parkdale-High Park,504501,2.44E-06,none
Meals On Wheels (Sudbury),504494,2.44E-06,none
Apryse Corp,504054,2.43E-06,none
Trevor Owen Ltd.,503144,2.43E-06,none
Mcdougall Energy Inc,502820,2.43E-06,none
"Wynne, Pringle, Jeske & Kovacs (O/A Wynne Dingwall Pringle And Kovacs)",502152,2.43E-06,none
Early Childhood Development Initiative (Ecdi),501770,2.42E-06,none
Envision Consultants Ltd.,501730,2.42E-06,none
Orix Geoscience 2018 Inc,501720,2.42E-06,none
Parkland Corporation/Corporation Parkland,501271,2.42E-06,none
Pathways Alcohol & Drug Treatment Services,501129,2.42E-06,none
Nawiinginokiima Forest Management Corporation,500744,2.42E-06,none
Niiwin Wendaanimok Construction Limited Partnership,500544,2.42E-06,none
Niagara Region Sexual Assault Centre (Carsa) Inc,500474,2.42E-06,none
London-Fanshawe,500188,2.42E-06,none
Integra Data Systems Corporation,500137,2.42E-06,none
Norbec Architectural Inc,500000,2.42E-06,none
Biscuits Leclerc Ltee (O\A Vital),500000,2.42E-06,none
Bridgenorth Women'S Mentorship & Advocacy Services,499910,2.41E-06,none
Torchlight Industries (Torchlight Services),499775,2.41E-06,none
Youth Diversion Program,499565,2.41E-06,none
772028 Ontario Limited,499323,2.41E-06,none
Av Terrace Bay,499283,2.41E-06,none
Victim Services Of Algoma,499063,2.41E-06,none
Sexual Assault Support Centre Of Ottawa,498929,2.41E-06,none
Vale Canada Ltd,498210,2.41E-06,none
Corporation Of The Township Of Val Rita-Harty,497715,2.40E-06,none
Dayforce Canada Ltd.,497665,2.40E-06,none
Northumberland-Peterborough South,497400,2.40E-06,none
Kinsmen Club Of Cornwall Inc,497384,2.40E-06,none
2559823 Ontario Inc,497384,2.40E-06,none
Centre For Research And Innovation In The Bio-Economy,497224,2.40E-06,none
Niagara Centre,496718,2.40E-06,none
Mcwood Products Inc,496512,2.40E-06,none
Gezhtoojig Employment & Training,496489,2.40E-06,none
Haldimand-Norfolk,495399,2.39E-06,none
Paro Centre For Women'S Enterprise,495000,2.39E-06,none
Gartner Canada,495000,2.39E-06,none
Rainy Lake Tribal Area Business & Financial Services Corporation,495000,2.39E-06,none
Municipality Of Machin,494311,2.39E-06,none
Town Of Latchford,493542,2.38E-06,none
Hamilton West-Ancaster-Dundas,493073,2.38E-06,none
Children'S Aid Foundation Of Canada,492750,2.38E-06,none
North Superior Workforce Planning Board,492629,2.38E-06,none
Youth Without Shelter Terra House North Toronto Emergency Residence And Referral Agency,492410,2.38E-06,none
Iron Workers Local 736 Training And Apprenticeship Centre,491187,2.37E-06,none
Midas Trading Group Inc.,490922,2.37E-06,none
Women'S Multicultural Resource And Counselling Centre Of Durham,490440,2.37E-06,none
The Canadian National Institute For The Blind,489965,2.37E-06,none
Corporation Of Village Of Sundridge,489800,2.37E-06,none
Mississauga-Lakeshore,489334,2.36E-06,none
Markham-Unionville,489284,2.36E-06,none
Barrie-Innisfil,489125,2.36E-06,none
Malton Neighbourhood Services,489123,2.36E-06,none
1557977 Ontario Inc,488963,2.36E-06,none
Bethlehem Housing And Support Services,488864,2.36E-06,none
Heli-Welders Canada Ltd,488740,2.36E-06,none
Kitchener South-Hespeler,488310,2.36E-06,none
K-Sports Marine Inc,487400,2.35E-06,none
Hassle Free Clinic,486988,2.35E-06,none
Caledon\Dufferin Victim Services,486789,2.35E-06,none
Piramal Healthcare (Canada) Limited,486600,2.35E-06,none
Genesis Land Surveying Inc,486007,2.35E-06,none
John Howard Society Of Peterborough,485593,2.35E-06,none
Ekwill Inc,485482,2.35E-06,none
Pinnguaq Association,485091,2.34E-06,none
Township Of Nipigon,484997,2.34E-06,none
Sheshegwaning First Nation,484823,2.34E-06,none
"1809796 Ontario Inc., Kingston Oxygen Home Service Limited",484483,2.34E-06,none
Marriott Hotels,484337,2.34E-06,none
Waterloo,484140,2.34E-06,none
Township Of Nairn-Hyman,483987,2.34E-06,none
Newmarket-Aurora,483907,2.34E-06,none
Colibri-Centre Des Femmes Francophones Du Comte De Simcoe,483801,2.34E-06,none
Carleton,483587,2.34E-06,none
Lais Hotel Properties Ltd.,483114,2.33E-06,none
M.J. Campbell Investments Inc,483000,2.33E-06,none
St Matthew'S Bracondale House,482866,2.33E-06,none
Brockville Home Health Care Inc.,482632,2.33E-06,none
Vaughan-Woodbridge,482325,2.33E-06,none
Centre Francophone D'Aide Et De Lutte Contre Les Agressions A Caractere Sexuel D'Ottawa,482140,2.33E-06,none
Transition House,481793,2.33E-06,none
Spallacci Contracting Ltd,481390,2.33E-06,none
2563879 Ontario Inc (O/A Hamilton Technology Centre),481000,2.32E-06,none
London North Centre,480988,2.32E-06,none
North Star Air Ltd,480910,2.32E-06,none
Cinthia Hope And Kevin Hope,480609,2.32E-06,none
Pickering Sports Medicine & Wellness Centre,480584,2.32E-06,none
Don Valley North,480331,2.32E-06,none
Africa Development Network (Adn),480000,2.32E-06,none
Clinical Orthotic Consultants Of Windsor Inc.,479430,2.32E-06,none
Oben Enterprises Inc,479418,2.32E-06,none
Women'S Centre Of York Region,479346,2.32E-06,none
Kubota Canada Ltd,479307,2.32E-06,none
Ken Brownlee & Sons Equipment Corp.,479290,2.32E-06,none
"Ontario Corporation #1000492666, Inspiair Durham Inc.",478721,2.31E-06,none
Cardinal Health Canada Inc,478627,2.31E-06,none
The Roland Gossage Foundation Inc. (Roland Gossage Foundation),478545,2.31E-06,none
Wireless Personal Communications Inc (O/A Wpci),478276,2.31E-06,none
Willowdale,476963,2.30E-06,none
"Ontario Corporation # 1089594, First Choice Health Care Inc.",476947,2.30E-06,none
Promega Corporation,476824,2.30E-06,none
Hamilton East-Stoney Creek,476410,2.30E-06,none
Hr Associates,475901,2.30E-06,none
Town Of Laurentian Hills,474981,2.29E-06,none
"Sarnia-Lambton ""Rebound"" - A Program For Youth",474510,2.29E-06,none
Avetti.Com Corporation,474352,2.29E-06,none
"Ontario Corporation # 557432, Boggio Pharmacy Ltd.",474030,2.29E-06,none
2270377 Ontario Inc (O/A Promed Hearing Centre),473981,2.29E-06,none
Sussex Strategy Group Inc.,472540,2.28E-06,none
Meals On Wheels / La Popote Roulante (Ottawa),472351,2.28E-06,none
Wsp Applied Solutions Inc,472107,2.28E-06,none
Township Of The North Shore,472097,2.28E-06,none
Micro Systemation Canada Inc,471896,2.28E-06,none
Array Canada Ulc,471520,2.28E-06,none
Remy Consulting Engineers Ltd,470297,2.27E-06,none
Fpinnovations,469421,2.27E-06,none
Canadian Ukrainian Immigrant Aid Society,469144,2.27E-06,none
Victim Services Of Kingston And Frontenac,469062,2.27E-06,none
Thunder Bay Literacy Group,468746,2.26E-06,none
Forget & Associates Professional Corp. (O/A Forget Smith),468231,2.26E-06,none
Scarborough Centre,467578,2.26E-06,none
Noverant Inc,467220,2.26E-06,none
Montrose Environmental Solutions Canada Inc.,467054,2.26E-06,none
Leon Degagne Ltd (O/A Northwest Road Management),466944,2.26E-06,none
Oxford,466609,2.25E-06,none
Hope Seniors Centre - Danforth,466496,2.25E-06,none
Federation Des Gens D'Affaires Francophones De L'Ontario,466480,2.25E-06,none
S5 Dynamic Learning Initiative,465925,2.25E-06,none
London Physical Therapy Clinic,465504,2.25E-06,none
Corporate Security Supply Ltd,465353,2.25E-06,none
1265733 Ontario Inc. (O/A Vicky Visca & Associates),465004,2.25E-06,none
Pickering-Uxbridge,464970,2.25E-06,none
Kinectrics Inc,464904,2.25E-06,none
Flamborough-Glanbrook,464843,2.25E-06,none
Hamilton Centre,464827,2.25E-06,none
Cwb Group-Industry Services/ Groupe Cwb-Services A L'Industrie,464414,2.24E-06,none
Merx Networks Inc/Reseaux Merx Inc,464215,2.24E-06,none
Oshawa,463686,2.24E-06,none
Family Counselling Centre Of Cambridge & North Dumfries,463223,2.24E-06,none
Township Of Conmee,462609,2.23E-06,none
Whitby,462596,2.23E-06,none
Wenrick Kennels Inc,462437,2.23E-06,none
Victim Services Of Peterborough And Northumberland,462296,2.23E-06,none
Midwest Medical Inc.,462124,2.23E-06,none
Don Valley West,461741,2.23E-06,none
"Tlc Medical Supply Inc, Ontario Corporation No. 002254939",461553,2.23E-06,none
Huron-Bruce,461499,2.23E-06,none
Perry Griffiths (O/A Bucks Backhoeing),461470,2.23E-06,none
Oracle,461137,2.23E-06,none
Electrical Contractors Association Of Ottawa,461000,2.23E-06,none
Davenport,460589,2.22E-06,none
Thornhill,460194,2.22E-06,none
General Electric Canada,459613,2.22E-06,none
Shoppers Drug Mart Inc,459253,2.22E-06,none
Frances Harrington Physiotherapy Professional Corporation,458948,2.22E-06,none
911 Supply & Adventure Gear Inc,458227,2.21E-06,none
Chatham-Kent Victim Services,457790,2.21E-06,none
Thunder Bay-Superior North,457756,2.21E-06,none
Sault Community Information And Career Centre,457576,2.21E-06,none
Wellington-Halton Hills,457261,2.21E-06,none
St Vincent De Paul Ozanam,456956,2.21E-06,none
Tomato King 2010 Inc,456777,2.21E-06,none
Hall And Associates Prostheticare Inc.,456539,2.21E-06,none
Craftwell Canada Inc,455637,2.20E-06,none
Canor Construction Inc,454460,2.20E-06,none
Ajax,454254,2.19E-06,none
Vesta Recovery Program For Women Inc,454093,2.19E-06,none
Joffe Veterinary Medicine Professional Corporation,453723,2.19E-06,none
Trillium Lakelands District School Board (Tldsb),453418,2.19E-06,none
Niagara West,453347,2.19E-06,none
Metal Pole-Lite Inc Pole-Lite Metal Inc (O/A: Metal Pole-Lite Inc),452932,2.19E-06,none
The Edge Screen Studio,452613,2.19E-06,none
Algoma Power Inc,452302,2.18E-06,none
Niijkiwendidaa Anishnaabekwewag Services Circle,452044,2.18E-06,none
Reseau-Femmes Du Sud-Ouest De L'Ontario,451731,2.18E-06,none
Common Ground Cooperative Inc Co-Op Employment Initiative,451611,2.18E-06,none
Axway Inc,451391,2.18E-06,none
Jenna Gray Medicine Professional Corporation,450894,2.18E-06,none
Simcoe Muskoka Workforce Development Board And Literacy Network,450632,2.18E-06,none
Kitchener-Conestoga,450177,2.17E-06,none
Ironworkers Local 765 Training Centre Fund,450043,2.17E-06,none
Arcelormittal Tailored Blanks Americas Ltd,450000,2.17E-06,none
Ontario Mining Association (Oma),450000,2.17E-06,none
Innovasea Systems Inc.,449582,2.17E-06,none
2443026 Ontario Limited O/A Ap Landscaping,449452,2.17E-06,none
Hospice Simcoe,449416,2.17E-06,none
Rural Ontario Institute,448843,2.17E-06,none
Minister Of Finance Of British Columbia,448672,2.17E-06,none
4Imprint Inc. ,448577,2.17E-06,none
Asian Community Aids Services,448565,2.17E-06,none
Village Of Merrickville-Wolford,448103,2.16E-06,none
Ontario Fur Managers Federation,448061,2.16E-06,none
Livestock Research Innovation Corporation (Lric),448000,2.16E-06,none
Kitchener-Waterloo Multicultural Centre,447668,2.16E-06,none
The Boundless Mindset Inc,447246,2.16E-06,none
Hilton Worldwide Holdings Inc.,446783,2.16E-06,none
St. Catherines ,446644,2.16E-06,none
Scarborough-Rouge Park,446529,2.16E-06,none
Alina Iosif Medicine Professional Corp.,446407,2.16E-06,none
Techalliance Of Southwestern Ontario,446250,2.16E-06,none
Indigenous Community Engagement (Ice) Inc,445748,2.15E-06,none
Magnetawan Management Inc,445650,2.15E-06,none
Horizon North Camps & Catering,445644,2.15E-06,none
Brampton Centre,445088,2.15E-06,none
High Criteria,444756,2.15E-06,none
Ottawa Community Immigrant Services Organization,444156,2.15E-06,none
Launch Lab (Eastern Ontario) Inc,444150,2.15E-06,none
Oakville,444134,2.15E-06,none
Scarborough Southwest,443994,2.14E-06,none
The Mediation Centre Of Simcoe County Inc.,443879,2.14E-06,none
Banyan Community Services Inc.,443664,2.14E-06,none
2512164 Ontario Inc. (O/A Titan Developments),443659,2.14E-06,none
Western Fair Association,443623,2.14E-06,none
Sarnia & Lambton Housing Corp,443329,2.14E-06,none
"Ontario Corporation # 1232428, Home Lifecare Services Inc.",443227,2.14E-06,none
Conway Opportunity Homes Inc,443218,2.14E-06,none
The Meat Factory Limited,443089,2.14E-06,none
Caledon Meals On Wheels,442824,2.14E-06,none
Rick Hansen Foundation,442660,2.14E-06,none
Jones Lang Lasalle Real Estate Services Inc,441834,2.13E-06,none
Cintas Canada Ltd,441317,2.13E-06,none
York-Simcoe,441262,2.13E-06,none
Tom Veert Contracting Ltd,441100,2.13E-06,none
Aj Stone Company Ltd,441091,2.13E-06,none
Sunnybrook Health Sciences Centre/ Ontario Corporation Number 1871161,440862,2.13E-06,none
Rosaleen Rubino Physiotherapy Professional Corporation,440590,2.13E-06,none
Township Of Carlow-Mayo,440300,2.13E-06,none
Medavie Health Services Inc,440131,2.13E-06,none
Canadian Women & Sport,440000,2.13E-06,none
"Ontario Corporation #1479165, Davidson Hearing Aid Centre Limited",439300,2.12E-06,none
Canadian Tods Ltd,439034,2.12E-06,none
St Lawrence River Institute Of Environmental Sciences,438971,2.12E-06,none
Centre Franco-Ontarien Des Ressources En Alphabetisation (Sudbury) Inc,438716,2.12E-06,none
"Ontario Corporaton # 002268463, Chaves Audiology Professional Corporation",438550,2.12E-06,none
Amherstburg Community Services,438505,2.12E-06,none
Anishnabeg Outreach Employment And Training Inc,437921,2.12E-06,none
Windsor Essex Brokerage For Personal Supports,437439,2.11E-06,none
Alliance For South Asian Aids Prevention,436625,2.11E-06,none
William J. Komer Medicine Professional Corp.,436513,2.11E-06,none
Community Learning Alternatives (Hastings County And District),436357,2.11E-06,none
Ghd,436231,2.11E-06,none
Principal Association Projects,436000,2.11E-06,none
Sparkrock Edsembli Inc ,435805,2.11E-06,none
Tracker Networks Inc,435773,2.11E-06,none
Dhr Limited Partnership,435590,2.10E-06,none
Forza Corp,435387,2.10E-06,none
Kenora-Rainy River,435075,2.10E-06,none
Asiniikaa Mining And Construction Ltd.,435004,2.10E-06,none
Allevia Health Inc,434632,2.10E-06,none
Centre For Spanish Speaking Peoples,434463,2.10E-06,none
Kitchener Centre,434200,2.10E-06,none
Nawc2000 Inc O/A Ccfa,433696,2.09E-06,none
Pathways Employment Help Centre,433569,2.09E-06,none
Victim Services Of Waterloo Region,433313,2.09E-06,none
Hunt Medicine Professional Corporation,432820,2.09E-06,none
Ontario Home Care Association,432758,2.09E-06,none
Htb Transcripts Ontario Ltd.,432505,2.09E-06,none
Justicetrax Inc,432215,2.09E-06,none
Dr. Jonathan Gray Medicine Professional Corp.,432070,2.09E-06,none
Catholic Family Services Of Simcoe County,431580,2.08E-06,none
Shelley Spence,431368,2.08E-06,none
"Ontario Corporation # 1992772, Essential Home Care Products Inc.",431082,2.08E-06,none
Burlington Hydro Inc,430677,2.08E-06,none
Project 25-44 (Sudbury) Vocational Resource Centre Inc (O/A Spark Employment Services),430656,2.08E-06,none
Bonnie Ellen Smith,430376,2.08E-06,none
Tourism London,430000,2.08E-06,none
"Thousand Islands Hearing Centre Inc., Ontario Corporation No. 002502112",430000,2.08E-06,none
Toronto-Danforth,429940,2.08E-06,none
Local Services Board Of Foleyet,429719,2.08E-06,none
Stockwoods Llp,429417,2.07E-06,none
Cerps Training Inc,429094,2.07E-06,none
Lakehead Region Conservation Authority,428790,2.07E-06,none
Arab Community Centre Of Toronto,427192,2.06E-06,none
"Ontario Corporation # 1639072, Advacare Inc.",427010,2.06E-06,none
Victim Services Of Simcoe County,426561,2.06E-06,none
Folk Arts Council Of St Catharines,426557,2.06E-06,none
"Ontario Corporation # 1968919, Kingston Health Sciences Centre",426420,2.06E-06,none
Perth-Wellington,426280,2.06E-06,none
3719570 Canada Inc,425183,2.05E-06,none
"Ontario Corporation # 1947730, Canada Hearing Centre Ltd.",425000,2.05E-06,none
2742643 Ontario Inc,424588,2.05E-06,none
Associated Engineering (Ont) Ltd,424146,2.05E-06,none
Hamilton Mountain,423889,2.05E-06,none
Hospice Palliative Care Ontario,423492,2.05E-06,none
Loblaws Inc.,423440,2.05E-06,none
Brinks Canada Ltd.,423410,2.05E-06,none
Badiuk Equipment Ltd.,423342,2.04E-06,none
Brampton West,423210,2.04E-06,none
Prosthetic Ability Inc.,423193,2.04E-06,none
White Lake Lp,423140,2.04E-06,none
Cif Lab Solutions Lp,422892,2.04E-06,none
Weber Supply Company Inc,422583,2.04E-06,none
Little Rays Nature Centre,422434,2.04E-06,none
Markham-Thornhill,421133,2.03E-06,none
Lesperance Removals & Service Inc,421108,2.03E-06,none
"Ontario Corporation # 1921801, Harold K. Arnold Hearing Aids Limited",421000,2.03E-06,none
Autism In Mind Children'S Charity,420706,2.03E-06,none
"Ontario Wheelchair, Access And Mobility Equipment Inc.",420450,2.03E-06,none
Intercontinental Toronto Centre,420362,2.03E-06,none
Lenscrafters Canada Inc,420336,2.03E-06,none
Orillia And District Chamber Of Commerce,419873,2.03E-06,none
Teamrecruiter Com Inc,419509,2.03E-06,none
African Community Services Of Peel,419230,2.03E-06,none
Veridos,419117,2.02E-06,none
Francotyp-Postalia Canada Inc,419024,2.02E-06,none
The Corporation Of The Township Of Harley,418753,2.02E-06,none
The Ergo Group Inc,418222,2.02E-06,none
Renfrew County Sexual Assault/ Rape Crisis Support Centre,417670,2.02E-06,none
Older Adult Centres Association Of Ontario (Oacao),417647,2.02E-06,none
Elizabeth Fry Society Of Simcoe County,416800,2.01E-06,none
Beacon Construction (Ontario) Ltd,416466,2.01E-06,none
Laberimi Enterprises Inc,416012,2.01E-06,none
Beth Donovan Hospice,415041,2.00E-06,none
Centr'Elles Centre Des Femmes Francophones Du Nord-Ouest De L'Ontario,414880,2.00E-06,none
Thoughtstorm Incorporated,413949,2.00E-06,none
Service Corporation International Canada Ltd,413631,2.00E-06,none
Alternatives For Women In Prince Edward County,413545,2.00E-06,none
Association Of Ontario Snowboarders,413395,2.00E-06,none
Aurora-Oak Ridges-Richmond Hill,412444,1.99E-06,none
"Ontario Corporation # 002519223, Fc-Hearing Corporation",411950,1.99E-06,none
Young'S Pharmacy Limited,411666,1.99E-06,none
Allsteel Fabrication Inc,411422,1.99E-06,none
Township Of Limerick,411025,1.99E-06,none
2236183 Ontario Inc.,410770,1.98E-06,none
Victim Services Of Sarnia-Lambton Incorporated,410709,1.98E-06,none
Niagara Chapter - Native Women Inc,410151,1.98E-06,none
Ibew 402 Training And Education Centre,410114,1.98E-06,none
Akausivik Inuit Family Health Team,410000,1.98E-06,none
Spontaneous Paid Opportunities Today Inc.,408991,1.98E-06,none
Mississauga-Malton,408919,1.98E-06,none
Counterpoint Counselling And Educational Co-Operative Inc.,408701,1.97E-06,none
Dr Brent M Macmillan Medicine Professional Corporation,408600,1.97E-06,none
Cherrywood Interiors Inc. ,408519,1.97E-06,none
"Tri-Town Furniture Warehouse Ltd., Ontario Corporation No. 002581249",407982,1.97E-06,none
Thunder Bay Multicultural Association,407929,1.97E-06,none
1796392 Ontario Inc,407618,1.97E-06,none
Beanfield Technologies Inc,407452,1.97E-06,none
Evelyn Brett (O/A High Park Physiotherapy Centre),407152,1.97E-06,none
Fcj Refugee Centre,407078,1.97E-06,none
"Ontario Corporation # 703000, Advanced Hearing Ontario Inc.",406500,1.96E-06,none
Scarborough-Agincourt,406498,1.96E-06,none
St Andrew'S Residence Chatham Inc,406449,1.96E-06,none
Kenamatewin Native Learning Centre (Knlc),406385,1.96E-06,none
Victim Services Of Brant,406262,1.96E-06,none
Township Of Horton,406256,1.96E-06,none
Goldhawk Veterinary Medicine Professional Corporation,406146,1.96E-06,none
Legislative Assembly Of Ontario,405555,1.96E-06,none
8279713 Canada Inc (O/A Wilson Farms 1980 Grain Storage And Elevation),405549,1.96E-06,none
Ocas Application Services Inc,404722,1.96E-06,none
Air Creebec Inc.,404711,1.95E-06,none
R. F. Contracting Inc,404232,1.95E-06,none
Local 95 Building Corporation,404000,1.95E-06,none
Canada Hearing Centre Ltd.,404000,1.95E-06,none
Northeastern Recovery Centre,403654,1.95E-06,none
Avery Construction Ltd,403610,1.95E-06,none
2018327 Ontario Inc.,403593,1.95E-06,none
Greater Sudbury Public Library,403238,1.95E-06,none
Lanark County Housing Corporation,403031,1.95E-06,none
Scarborough-Guildwood,402597,1.94E-06,none
East Wellington Community Services Inc,402474,1.94E-06,none
East Scarborough Boys & Girls Club (O/A Boys & Girls Club Of East Scarborough),402035,1.94E-06,none
Access 2 Networks Inc ,401748,1.94E-06,none
Marberg Staffing,401602,1.94E-06,none
Cataraqui Region Conservation Authority,401402,1.94E-06,none
Rimrock Corporation,401150,1.94E-06,none
Hamster,400888,1.94E-06,none
Town Of Penetanguishene,400585,1.94E-06,none
Lebeau Transcription Services,400284,1.93E-06,none
1832254 Ontario Inc.,400000,1.93E-06,none
Mcnally House Hospice,400000,1.93E-06,none
Sodecia Automotive London Inc,400000,1.93E-06,none
Sodales Solutions Inc,399794,1.93E-06,none
Kawartha Sexual Assault Centre,399590,1.93E-06,none
Kathryn Junger,399410,1.93E-06,none
"  3 Member At 133,135.08",399405,1.93E-06,none
Dixie Bloor Neighbourhood Drop-In Centre,398993,1.93E-06,none
Albany Medical Clinic,398301,1.92E-06,none
Simcoe Linen And Laundry Systems,397093,1.92E-06,none
Trillium Network For Advanced Manufacturing,396469,1.92E-06,none
Project Read Literacy Network (Waterloo-Wellington),396430,1.91E-06,none
Davis Pierrynowski Limited,396352,1.91E-06,none
Canadian Association Of Wound Care,396100,1.91E-06,none
R & R Group Holdings Limited,396089,1.91E-06,none
Durham Mediation Centre Inc.,395667,1.91E-06,none
Unilogic Solutions Inc.,395500,1.91E-06,none
Hydro One Remote Communities Inc,395435,1.91E-06,none
"Canadian Aquaculture Systems, Inc.",394858,1.91E-06,none
Eglinton-Bayview And Joints In Motion Inc,394695,1.91E-06,none
B Shahi Medicine Professional Corporation,394287,1.90E-06,none
Township Of Tarbutt & Tarbutt Additional,394126,1.90E-06,none
The Corporation Of The Township Of Pickle Lake,394035,1.90E-06,none
Synergy North Corp,393672,1.90E-06,none
Centre For Resilience And Social Development (Crsd) (O/A Canadian Friends Of Somalia),393493,1.90E-06,none
2387659 Ontario Inc,393384,1.90E-06,none
All Languages Ltd.,393194,1.90E-06,none
Treaty Three Police Services Inc. ,393031,1.90E-06,none
Matson Driscoll & Damico Ltd,392376,1.90E-06,none
Hoskin Scientific Ltd.,391706,1.89E-06,none
Sexual Assault Centre Kingston Inc,391668,1.89E-06,none
Groupe Impact On,391478,1.89E-06,none
Margaret's Housing And Community Services Inc (O/A Margaret Fraser House),391430,1.89E-06,none
Bruce G Jones Forest Products Ltd.,390752,1.89E-06,none
Elgin Audiology Consultants,390650,1.89E-06,none
Second Chance Employment Counselling (Wellington) Inc,390642,1.89E-06,none
Sexual Assault Centre Of Brant,390586,1.89E-06,none
West Scarborough Neighbourhood Community Centre,390077,1.88E-06,none
Nec Software Solutions Uk Limited,390000,1.88E-06,none
Canada'S Walk Of Fame,390000,1.88E-06,none
Brampton South,389562,1.88E-06,none
Valangel Licensing Ii Inc,389237,1.88E-06,none
Ontario Commercial Fisheries' Association,389161,1.88E-06,none
Canadian Physiotherapy Centre,388795,1.88E-06,none
Starlim North America Corporation,388606,1.88E-06,none
Deborah L. Stewart,387921,1.87E-06,none
Literacy Group Of Waterloo Region,387337,1.87E-06,none
1178412 Ontario Inc.,387324,1.87E-06,none
Trinity Square Cafe,387073,1.87E-06,none
Ka Imaging Inc,386880,1.87E-06,none
2 Bloor Inc. C/O Triovest Realty Advisors Inc.,386869,1.87E-06,none
"Ontario Corporation # 1129319, Breathe Easy Respiratory Home Care Inc.",386475,1.87E-06,none
"Ontario Corporation # 1090358, Ontario Hearing Consultants Ltd.",386000,1.86E-06,none
Centre For Surgical Invention And Innovation,385863,1.86E-06,none
Peterborough Housing Corporation,385211,1.86E-06,none
Wilder Mobility Limited,385094,1.86E-06,none
Hospice Wellington,385028,1.86E-06,none
"Developing Young Leaders Of Tomorrow, Today (Dylott)",385000,1.86E-06,none
Special Olympics Ontario Inc (O/A Ontario Special Olympics Inc),385000,1.86E-06,none
Magnetawan First Nation,384909,1.86E-06,none
Freshline Distribution,384634,1.86E-06,none
"Hitachi High-Tech America, Inc. ",384614,1.86E-06,none
Blaney Mcmurtry Llp,384417,1.86E-06,none
2563702 Ontario Inc.,383906,1.85E-06,none
Scott Childs Barrister & Solicitor,383692,1.85E-06,none
Ontario Soccer Association,382972,1.85E-06,none
Forests Ontario,382827,1.85E-06,none
Laubach Literacy Ontario,382750,1.85E-06,none
Parents Of Black Children Canada,382100,1.85E-06,none
Aurigo Software Technologies Corporation,382093,1.85E-06,none
The Karma Project Community Food Co-Operative Inc (O/A The Farmacy),382037,1.85E-06,none
1639016 Ontario Inc.,382000,1.85E-06,none
Peel Regional Housing Corp,381713,1.84E-06,none
2 Bloor Inc.,381668,1.84E-06,none
Brampton North,381550,1.84E-06,none
Sioux Lookout Friendship Accord,381303,1.84E-06,none
De Havilland Aviation Training Ltd. ,381140,1.84E-06,none
Moose Factory Local Services Board,381102,1.84E-06,none
Centre Youville Centre Ottawa-Carleton Inc,380797,1.84E-06,none
London Community Small Business Centre Inc,380755,1.84E-06,none
Healistics Advanced Practice Inc (O/A Uptown Physiotherapy Clinic),380271,1.84E-06,none
Yves Roy (O/A Yveroy Enterprises),380138,1.84E-06,none
Don Valley East,379726,1.83E-06,none
Rayman Harris Llp ,379666,1.83E-06,none
Ccl Label,379590,1.83E-06,none
Alexandra Park Neighbourhood Learning Centre,378533,1.83E-06,none
K9 Storm Inc,378382,1.83E-06,none
Softech Alliance Network (O/A Wetech Alliance),378000,1.83E-06,none
Interactive Niagara Media Cluster (O/A Ngen),378000,1.83E-06,none
Voice Found,377941,1.83E-06,none
Sigouin Grading Inc (O/A Sigouin Grading Inc),377905,1.83E-06,none
Township Of Melancthon,377361,1.82E-06,none
Ontario Association Of Veterinary Technicians (Oavt),376200,1.82E-06,none
Literacy North Halton,376179,1.82E-06,none
Northland Prosthetics & Orthotics Inc.,375834,1.82E-06,none
2209273 Ontario Limited,375418,1.81E-06,none
The Cedarbrook Society,375236,1.81E-06,none
North Bay Mattawa Conservation Authority,375066,1.81E-06,none
Teksystems Canada Corp,375019,1.81E-06,none
Royal Agricultural Winter Fair Association Of Canada O/A Royal Agricultural Winter Fair,375000,1.81E-06,none
Ontario Aboriginal Head Start Association,375000,1.81E-06,none
Ghd Contractors Ltd,374993,1.81E-06,none
Young Women'S Christian Association Of St Thomas (O/A Ywca Of St Thomas-Elgin),374854,1.81E-06,none
Waste Connections Of Canada Inc (O/A Progressive Waste Solutions),374732,1.81E-06,none
Linkedin Ireland Unlimited Company,374615,1.81E-06,none
Point-Par-Point Inc,374051,1.81E-06,none
North Shore Community Support Services Inc,374033,1.81E-06,none
Ontario Professional Fire Fighters Assoc,373710,1.81E-06,none
W O Stinson & Son Ltd,373574,1.80E-06,none
Ywca Of St Catharines,373144,1.80E-06,none
Joint Rehab,373059,1.80E-06,none
Supremex Inc,372939,1.80E-06,none
Agilent Technologies Canada Inc,372749,1.80E-06,none
Pacific Safety Products Inc,372733,1.80E-06,none
Oshawa Puc Services Inc,372579,1.80E-06,none
Brantford & District Supervised Access Centre,372500,1.80E-06,none
Coulter'S Pharmacy (London) Ltd.,372398,1.80E-06,none
Np Aerospace (Canada) Ltd,371951,1.80E-06,none
Sault Ste Marie Public Library,371885,1.80E-06,none
Association Of Family Health Teams Of Ontario (Afhto),371856,1.80E-06,none
Adiele Medicine Professional Corp.,371743,1.80E-06,none
Dr Graham D Glancy Medicine Professional Corporation,371703,1.80E-06,none
Equipment World,371605,1.80E-06,none
Strider Resource (Div Of O'Rourke Marketing Corp Ltd),371205,1.79E-06,none
Mood Disorders Association Of Ontario And Toronto,371117,1.79E-06,none
Pitney Bowes Of Canada Ltd.,371086,1.79E-06,none
Homes First Society,370920,1.79E-06,none
Thunder Bay-Atikokan,370809,1.79E-06,none
Tony Deodato & Sons Ltd,369636,1.79E-06,none
Greenstone Victim Services,369552,1.79E-06,none
Qiagen Inc,368599,1.78E-06,none
White Owl Native Ancestry Assoc,368428,1.78E-06,none
Ungalli Clothing Co Inc,368399,1.78E-06,none
Dale Brooks & Sunns Construction,368332,1.78E-06,none
Freedom From Addiction Inc,368187,1.78E-06,none
Invest Windsoressex,368150,1.78E-06,none
Heli-Lynx Helicopters,368049,1.78E-06,none
Relias Llc,367514,1.78E-06,none
Goldgrab Leadership Coaching Inc,367503,1.78E-06,none
Wil Counselling And Training For Employment,367340,1.77E-06,none
1745968 Ontario Limited,367323,1.77E-06,none
The Corporation Of The Township Of Chapple,367000,1.77E-06,none
"Ontario Corporation # 002411440, Cpap Central Inc.",366970,1.77E-06,none
"Ontario Corp. #1817112, House Of Hearing Clinic Inc.",366950,1.77E-06,none
Davidson Hearing Aid Centre Ltd,366513,1.77E-06,none
Manotsaywin Nanotoojig Inc,366018,1.77E-06,none
True North Helicorp Inc.,365747,1.77E-06,none
Privacyworks Inc,365536,1.77E-06,none
Source Momentum Healthcare Solutions Corp,365337,1.76E-06,none
Dryden Fibre Canada Ulc,365323,1.76E-06,none
1698363 Ontario Inc.,365000,1.76E-06,none
Home Depot Of Canada Inc,364605,1.76E-06,none
D & R Electronics Co Ltd,364595,1.76E-06,none
Ochiichagwe'Babigo'Ining First Nation,364400,1.76E-06,none
Scarborough North,364355,1.76E-06,none
2459369 Ontario Incorporated,364053,1.76E-06,none
Ontario Volleyball Association,364028,1.76E-06,none
Child Care Providers Resource Network (Ccprn),363981,1.76E-06,none
District Of Parry Sound Victim Crisis Assistance And Referral Service,363611,1.76E-06,none
1301340 Ontario Inc.,363528,1.76E-06,none
Avli Group Ltd,363352,1.76E-06,none
Town Of Newmarket,363283,1.75E-06,none
Carrefour Des Femmes Du Sud-Ouest De L'Ontario,362490,1.75E-06,none
Jeffry Mcmaster Medicine Professional Corporation,362306,1.75E-06,none
Outsource It Computing Inc.,362177,1.75E-06,none
Applied Biomechanics Custom Orthotic Services Inc.,362107,1.75E-06,none
Audia Hearing Aid Centre Inc.,362000,1.75E-06,none
Association Of Conservation Authorities Of Ontario (O/A Conservation Ontario),361985,1.75E-06,none
Acoustic Care Ltd.,361500,1.75E-06,none
Four Point Solution Ltd,361431,1.75E-06,none
Michael Kushnir (O/A Kw Mediation),361080,1.74E-06,none
Ottawa Gay Men'S Wellness Initiative,361000,1.74E-06,none
Queensway Physiotherapy Centre,360930,1.74E-06,none
Ukrainian Seniors' Centre Of Sudbury Inc,360833,1.74E-06,none
Brinks Canada Ltd,360821,1.74E-06,none
Chatham-Kent Sexual Assault Crisis Centre,360713,1.74E-06,none
"Northern Respiratory Sudbury Inc., Ontario Corporation No.002835836",360700,1.74E-06,none
Smith Prosthetic Services Ltd.,360636,1.74E-06,none
"Gray, Davis, Anderson, Rudy Medicine Professional Corporation",360599,1.74E-06,none
Scientists In School,360000,1.74E-06,none
Ipsos Lp,359996,1.74E-06,none
Maawandoon Inc.,359877,1.74E-06,none
Township Of Jocelyn,359825,1.74E-06,none
Solutions Sixense Canada Ltee/Sixense Solutions Canada Ltd,359571,1.74E-06,none
Grey Sauble Conservation Authority,359226,1.74E-06,none
Spark Commercialization And Innovation Centre,359100,1.73E-06,none
Association Des Conseils Scolaires Des Ecoles Publiques De L'Ontario,359055,1.73E-06,none
Brampton Public Library,358829,1.73E-06,none
Centre Novas - Calacs Francophone De Prescott-Russell,358786,1.73E-06,none
Morin Construction Ltd.,358753,1.73E-06,none
0865894 B.C. Ltd. (O/A Agritech North),358751,1.73E-06,none
South West Centre For Community Programme Development,358710,1.73E-06,none
Ongwanada Non-Profit Housing Corp,358545,1.73E-06,none
Sani-Gear Inc,358491,1.73E-06,none
Stracor Inc.,358400,1.73E-06,none
Brampton Meals On Wheels,358375,1.73E-06,none
1218776 Ontario Limited.,357995,1.73E-06,none
Timmins And District Victim Services,357695,1.73E-06,none
"Ontario Corporation # 2275211, Absolute Respiratory Services Inc.",357656,1.73E-06,none
"Ontario Corporation # 1926771, Hear Canada Inc.",357300,1.73E-06,none
Sault Ste. Marie,357224,1.73E-06,none
Municipality Of The Township Of Chamberlain,357149,1.73E-06,none
Focus Community Development Corp,357119,1.73E-06,none
7007361 Canada Inc (O/A Gab Electric),357021,1.72E-06,none
"Ontario Corporation # 003204634, Teskie International Corp.",356966,1.72E-06,none
Nicole Cooks (O/A N.Cooks Business Services),356962,1.72E-06,none
Blockie Group Inc.,356933,1.72E-06,none
2061698 Ontario Inc.,356871,1.72E-06,none
Delta Consulting Group Canada Ltd.,356646,1.72E-06,none
Innovative Traffic Solutions Inc,356539,1.72E-06,none
"Ontario Corporation # 002335454, Westin Health Care Inc.",356354,1.72E-06,none
Hiv & Aids Legal Clinic (Ontario),356072,1.72E-06,none
Township Of Ryerson,355650,1.72E-06,none
Lower Thames Valley Conservation Authority,355604,1.72E-06,none
Teknion Ltd,354719,1.71E-06,none
York Physiotherapy And Rehabilitation Centre,354701,1.71E-06,none
The Ontario Legislative Internship Programme,354000,1.71E-06,none
786224 Ontario Inc (O/A Possamai Construction),353902,1.71E-06,none
Boys & Girls Club Of Cornwall/Sdg,353855,1.71E-06,none
Northern Community Development Services,353817,1.71E-06,none
Morin Construction Ltd,353711,1.71E-06,none
Amelia Rising Sexual Assault Centre Of Nipissing,353660,1.71E-06,none
Kawartha/Haliburton Victim Services,353637,1.71E-06,none
Custom Orthotic Design Group Ltd.,352552,1.70E-06,none
Hazel Burns Hospice,352474,1.70E-06,none
Renfrew County Housing Corporation,352437,1.70E-06,none
Staples Canada Ulc (O/A Staples Canada),352410,1.70E-06,none
Georgian Bay Native Women'S Association,352166,1.70E-06,none
Ontario Council Of The Order Of St Johns Ambulance,352036,1.70E-06,none
Community Legal Education Ontario (Cleo),352000,1.70E-06,none
"Northern Ontario Audiology Services Limited, 624119 Ontario Limited",351567,1.70E-06,none
Ledstar Inc,350629,1.69E-06,none
Toronto Community Employment Services,350323,1.69E-06,none
Township Of Laird,350275,1.69E-06,none
Independent First Nation Alliance,350000,1.69E-06,none
Toronto Convention & Visitors Association,350000,1.69E-06,none
Dsr Harcourts,349870,1.69E-06,none
United Electric,349774,1.69E-06,none
Sexual Assault Support Services For Women Stormont Dundas Glengarry & Akwesasne Inc,349297,1.69E-06,none
Alternative Learning Styles And Outlooks Ottawa Incorporated,349098,1.69E-06,none
Canada Corporation # 1070883-6 National Hearing Services Inc.,348950,1.69E-06,none
2426950 Ontario Limited,348831,1.69E-06,none
Co-Operative Housing Federation Of Canada,348740,1.68E-06,none
Local Services Board Of Upsala,348734,1.68E-06,none
Mobia Technology Innovations Inc,348671,1.68E-06,none
Best Buy Canada Ltd,348427,1.68E-06,none
Global Knowledge Network (Canada) Inc,348190,1.68E-06,none
Corporation Of The Township Of Hilliard,348100,1.68E-06,none
Association Des Gestionnaires De L'Education Franco-Ontarienne (Agefo),348000,1.68E-06,none
Dalhousie Youth Support Services,347606,1.68E-06,none
Economic Modeling Llc (O/A Emsi),346399,1.67E-06,none
Enova Power Corp,346268,1.67E-06,none
Parkdale Project Read,345898,1.67E-06,none
Thornhill Employment Hub Inc,345884,1.67E-06,none
Township Of Madoc,345666,1.67E-06,none
The Typist Inc.,345641,1.67E-06,none
Millbrook Tactical Inc,345053,1.67E-06,none
North Bay Indigenous Friendship Centre,344847,1.67E-06,none
1490668 Ontario Inc (O/A Tower Construction),344643,1.66E-06,none
Buffalo Computer Graphics Inc,344554,1.66E-06,none
Blackline Safety Corporation,344360,1.66E-06,none
Canadian Career Academy Of Business And Technology Inc,344126,1.66E-06,none
Town Of Bruce Mines,344125,1.66E-06,none
Princess Margaret Hospital,343398,1.66E-06,none
Holiday Inn,342365,1.65E-06,none
Hall & Associates Ocularists,342353,1.65E-06,none
Rtg Protech Inc,341585,1.65E-06,none
Victim Services Of Nipissing District,341471,1.65E-06,none
Township Of Amaranth,341327,1.65E-06,none
Partners In Employment (Perth County),341077,1.65E-06,none
Ocasi-Ontario Council Of Agencies Serving Immigrants,340932,1.65E-06,none
Working Women Community Centre,340890,1.65E-06,none
Expo Stand Services Sp. Z O.O,340423,1.64E-06,none
Paladin Technologies Inc,340335,1.64E-06,none
Evans Caseload Inc.,339627,1.64E-06,none
Elizabeth Fry Society Toronto Branch,339547,1.64E-06,none
White Ribbon,339500,1.64E-06,none
Amanjot Singh Sandhu Medicine Professional Corp.,339115,1.64E-06,none
Centre York Centre Supervised Access Centre,339094,1.64E-06,none
Rose Garden Family Support Centre,339094,1.64E-06,none
Campaign Support Ltd ,339000,1.64E-06,none
North Simcoe Victim Crisis Services,338995,1.64E-06,none
Centre Culturel La Ronde Inc,338904,1.64E-06,none
Bay Roofing And Exteriors Ltd,338804,1.64E-06,none
Llf Lawyers Llp,338582,1.64E-06,none
Bmo Mastercard,338124,1.63E-06,none
La Cle D'La Baie En Huronie- Assoc Culturelle Francophone,338110,1.63E-06,none
Titan Contractors (Kenora) Ltd.,337929,1.63E-06,none
Data Communications Management Formerly Moore Canada Corporation,337563,1.63E-06,none
Lac Des Mille Lacs First Nation,336813,1.63E-06,none
Government Of Manitoba,336740,1.63E-06,none
Terrazzo Tile & Marble Trade School Inc,336271,1.62E-06,none
Timea Fortuna,336200,1.62E-06,none
Lecours Lumber Co. Ltd.,335769,1.62E-06,none
Meunier Carrier Lawyers,335750,1.62E-06,none
Kontzamanis Graumann Smith Macmillan Inc. (O/A Kgs Group),335594,1.62E-06,none
Township Of Burpee & Mills,335375,1.62E-06,none
"Ontario Corporation # 002062241, Durham Home Respiratory Services Inc.",335151,1.62E-06,none
Armstrong Local Services Board,334918,1.62E-06,none
"Facet Business Communications, Inc",334903,1.62E-06,none
Athletics Ontario,334613,1.62E-06,none
Anders Physiotherapy,334376,1.62E-06,none
Lee-Anna Hamilton,334309,1.61E-06,none
Centre Des Services Communautaires De Vanier/Vanier Community Service Centre,334254,1.61E-06,none
Holiday United Group,334120,1.61E-06,none
Dr James Patrick Villamere,334094,1.61E-06,none
Ontario Home Builders Association,334009,1.61E-06,none
Chaco Enterprises (O/A 2331398 Ontario Inc),333575,1.61E-06,none
E Hofmann Plastics Canada Inc,333333,1.61E-06,none
Y2 Consulting Psychologists Inc,333110,1.61E-06,none
Toronto Steelworkers Job Action Centre,333060,1.61E-06,none
Victim Services Of Temiskaming & District,333000,1.61E-06,none
Victim Services Wellington,332874,1.61E-06,none
Sharp Bus Lines Ltd,332804,1.61E-06,none
Carly Rian Group,332729,1.61E-06,none
Co-Ot Taxi (1999) Ltd.,332419,1.61E-06,none
1881440 Ontario Ltd.,332347,1.61E-06,none
Ontario Association Of Agricultural Societies,332055,1.60E-06,none
Mindwire Systems Ltd,331881,1.60E-06,none
Muskoka Victim Services,331821,1.60E-06,none
Transferease Relocation Inc.,331704,1.60E-06,none
1000120093 Ontario Ltd.,331310,1.60E-06,none
Smile Cdr Inc,331203,1.60E-06,none
Brad Knox Excavating,331093,1.60E-06,none
Railway City Hospitality Inc.,330621,1.60E-06,none
Dw Building Restoration Services Inc,330282,1.60E-06,none
North Bay Literacy Council Inc,329964,1.59E-06,none
John Howard Society Of Peel-Halton-Dufferin,329960,1.59E-06,none
Olde Forge Community Resource Centre,329663,1.59E-06,none
Volunteer Centre Of Toronto,329517,1.59E-06,none
"Nurses Specialized In Wound, Ostomy, And Continence Canada (Nswocc) ",329400,1.59E-06,none
Octavia Cumberbatch,328857,1.59E-06,none
East York Meals On Wheels Inc,328717,1.59E-06,none
Sap Canada Inc,328673,1.59E-06,none
Sra Staffing Solutions Ltd,327700,1.58E-06,none
Services Aux Victimes Prescott-Russell Victim Services,327589,1.58E-06,none
Tri-County Literacy Council,327300,1.58E-06,none
Victim Services - Lanark County,327111,1.58E-06,none
"Capitol Counsel, Llc",327000,1.58E-06,none
Sandwich Teen Action Group,326910,1.58E-06,none
Renfrew & Area Seniors Home Support,326886,1.58E-06,none
Royal Bank Of Canada,326880,1.58E-06,none
Cwb Welding Foundation,326280,1.58E-06,none
Scadding Court Community Centre,326103,1.58E-06,none
Sterling Ridge Infrastructure Inc,325824,1.57E-06,none
Labourers International Union Of North America (Liuna) Local 837,325763,1.57E-06,none
Pepco Corp.,325674,1.57E-06,none
Peter Kiewit Sons Ulc,325592,1.57E-06,none
Olade Consulting Inc,325508,1.57E-06,none
Toronto Workforce Innovation Group,325298,1.57E-06,none
2148843 Ontario Limited,325177,1.57E-06,none
Ocean'S Design,325145,1.57E-06,none
Ontario Association Of Crime Stoppers,325000,1.57E-06,none
Thessalon First Nation,324913,1.57E-06,none
In Tpa North America,324826,1.57E-06,none
Township Of Prince,324692,1.57E-06,none
Northern Linkage Community Housing & Support Service,324607,1.57E-06,none
Fyi Eye Care Services And Products Inc (O/A Fyi Doctors),324355,1.57E-06,none
New Blue Party Of Ontario................................................................ ,324261,1.57E-06,none
The Corporation Of The Township Of James.,324078,1.57E-06,none
Cpcs Transcom Ltd,324009,1.57E-06,none
Ontario Brain Injury Association,323961,1.56E-06,none
Ontario Tender Fruit Growers,323861,1.56E-06,none
Avery Andress (O/A Audav),323746,1.56E-06,none
Canadian Council Of Motor Transport Administrators,323651,1.56E-06,none
Cunningham Medicine Professional Corporation,323450,1.56E-06,none
Conference Board Of Canada,323448,1.56E-06,none
Standing Committee On Finance & Economic Affairs,323436,1.56E-06,none
Sanihealth Labs Inc.,323181,1.56E-06,none
"Canada Corporation # 848230-6, Cpap Fit Inc.",323103,1.56E-06,none
Elgin-St Thomas Youth Employment Counselling Centre,323027,1.56E-06,none
Hesperus Fellowship Community Of Ontario,322727,1.56E-06,none
University Of Saskatchewan,322500,1.56E-06,none
Canadian Addiction Treatment Clinics Lp,322486,1.56E-06,none
Reach Midwives,321902,1.55E-06,none
Corporation Township Of East Hawkesbury,321825,1.55E-06,none
Conseil D'Alphabetisation- Toronto Inc,321795,1.55E-06,none
Good Neighbours Club,321566,1.55E-06,none
Waste Management Of Canada Corporation,321181,1.55E-06,none
Ontario Basketball Association,321152,1.55E-06,none
Softchoice Corp.,320788,1.55E-06,none
Victim Services Of Kenora & Area,320580,1.55E-06,none
Speech And Stuttering Institute,320500,1.55E-06,none
Toronto Mediation Centre Ltd,320411,1.55E-06,none
Esri Canada Ltd,320288,1.55E-06,none
A P R Welding And Consulting Corporation,320192,1.55E-06,none
Equay-Wuk (Women'S Group),320172,1.55E-06,none
National Farmers Union - Ontario,319927,1.55E-06,none
Metzger Meat Products Inc,319904,1.55E-06,none
Ponka Verbatim Reporting Services Inc.,319448,1.54E-06,none
Christopher Farrell Medicine Professional Corporation,319356,1.54E-06,none
Ergocentric Inc.,319203,1.54E-06,none
Employment Help Centre,318899,1.54E-06,none
Skate Ontario,318642,1.54E-06,none
First Class Metals Canada Inc,318550,1.54E-06,none
Catherine A. Rogers,318508,1.54E-06,none
Markham Stouffville Hostpial,318454,1.54E-06,none
Good Foot Support Services (O/A Good Foot Delivery),318410,1.54E-06,none
Innov-8 Legal Inc,318216,1.54E-06,none
Portage Cybertech Inc.,318041,1.54E-06,none
Crawford & Company (Canada) Inc. ,317713,1.53E-06,none
Mlse Foundation,317705,1.53E-06,none
Varien Solutions Inc. (Maxtech Secur.),317541,1.53E-06,none
"Ontario Corporation # 002577417, Manji Nicholaou Audiology Professional Corporation",317500,1.53E-06,none
Wcs Wildlife Conservation Society Canada,317354,1.53E-06,none
Ogwadeni:Deo,317215,1.53E-06,none
Stratejm Inc.,317101,1.53E-06,none
Haldimand Norfolk Literacy Council,316964,1.53E-06,none
Sault Ste Marie Innovation Centre,316838,1.53E-06,none
Digital Messaging Technologies Solutions Canada Ulc. (O/A Bluecrest),316712,1.53E-06,none
Alpine Canada Alpin,316575,1.53E-06,none
Ingamo Family Homes (Woodstock) Inc,316550,1.53E-06,none
Township Of Hilton,316375,1.53E-06,none
2762458 Ontario Inc,316346,1.53E-06,none
Canadian Tactical And Operational Medical Solutions Inc (O/A Ctoms),316294,1.53E-06,none
Ande Corporation,316112,1.53E-06,none
Institute For Advancements In Mental Health,316057,1.53E-06,none
Bruce House,315842,1.53E-06,none
Dexterra Group Inc,315835,1.53E-06,none
Business Centre Nipissing Parry Sound,315800,1.53E-06,none
Fred J W Bickford/John A Cyr/B Paul Jasiura Et Al (O/A Weiler Maloney Nelson),315418,1.52E-06,none
Paypal Holdings Inc.,315300,1.52E-06,none
Millenium Printing Inc,315182,1.52E-06,none
In Soludoc Inc.,315102,1.52E-06,none
Mississaugas Of Scugog Island First Nation,315000,1.52E-06,none
Joint Apprenticeship And Training Committee,315000,1.52E-06,none
We-Fix-U Physiotherapy And Foot Health Inc,314707,1.52E-06,none
Olthuis Kleer Townshend Llp ,314654,1.52E-06,none
Robertson & Company Ltd,314310,1.52E-06,none
Seg Management Consultants,314265,1.52E-06,none
Mitaanjigamiing First Nation,314219,1.52E-06,none
Posterity Group Consulting Inc,314079,1.52E-06,none
Dasco Storage Solutions Ltd,313873,1.52E-06,none
Conflict Resolution Counselling Services Of Quinte,313567,1.51E-06,none
Trafalgar Medical Clinic,313217,1.51E-06,none
Quinte Physiotherapy Clinic Inc,312740,1.51E-06,none
Township Of Montague,312525,1.51E-06,none
Murphy Bus Lines (J & T Murphy Ltd),311945,1.51E-06,none
Heli-Inter Inc.,311880,1.51E-06,none
True Hearing Health Corp. (O/A True Hearing Health),311663,1.51E-06,none
Canada Life Assurance,311462,1.50E-06,none
Pine Hill Youth Residence Ltd,311157,1.50E-06,none
Prince Edward-Lennox & Addington Housing Corp,310804,1.50E-06,none
The London Cross Cultural Learner Centre,310653,1.50E-06,none
Hamster ,310526,1.50E-06,none
Toronto Zoo Wildlife Conservancy,310109,1.50E-06,none
The Housecrafters Ltd,310000,1.50E-06,none
Breakaway Community Services,309968,1.50E-06,none
Francotyp-Postalia Canada Inc.,309700,1.50E-06,none
Maurer Law Professional Corp.,309610,1.50E-06,none
1354739 Ontario Inc,309462,1.49E-06,none
Cci Research Inc,309448,1.49E-06,none
Waters Ltd,309417,1.49E-06,none
Watson Jacobs Bosnick Llp,309380,1.49E-06,none
Torys Llp,309355,1.49E-06,none
Randy Scott Clinical Services,309262,1.49E-06,none
Enveloppe Concept Inc,309163,1.49E-06,none
Eric Hanna,309054,1.49E-06,none
Google,309036,1.49E-06,none
Certicare Medical Garments Inc.,308956,1.49E-06,none
Township Of Baldwin,308700,1.49E-06,none
Cross Winds,308681,1.49E-06,none
"Profmed Healthcare Solutions Inc., 1795649 Ontario Corporation Number",308547,1.49E-06,none
Hopital Regional De Sudbury Regional Hospital,308314,1.49E-06,none
Fisher Scientific,308033,1.49E-06,none
Fort Erie Society For The Prevention Of Cruelty To Animals,307750,1.49E-06,none
Mastrangelo Fuels,307710,1.49E-06,none
Wharton Medical Clinic Inc,307300,1.48E-06,none
Merak Systems Corp.,307259,1.48E-06,none
Kitchener Public Library,306980,1.48E-06,none
Vianet Inc,306922,1.48E-06,none
Community Resource Centre (Killaloe) Inc,306629,1.48E-06,none
Mushkegowuk-James Bay,306403,1.48E-06,none
Waterloo Wellington Cremation And Burial Services Ltd,306320,1.48E-06,none
Centres For Seniors Windsor,305849,1.48E-06,none
Egale Canada,305550,1.48E-06,none
Nature Fresh Farms Inc,305496,1.48E-06,none
Home Health And Medical Supplies,305301,1.47E-06,none
Cancoil Thermal Corporation,305030,1.47E-06,none
Association Franco-Ontarienne Des Conseils Scolaires Catholiques (O/A Afocsc),305000,1.47E-06,none
Tetragon-Tasse Distributors Inc,304840,1.47E-06,none
2496261 Ontario Inc (O/A Pacwill Environmental),304312,1.47E-06,none
Gogama Local Services Board,304117,1.47E-06,none
Advanced Orthodynamics Inc.,303978,1.47E-06,none
York Metal Products Inc,303700,1.47E-06,none
Dr Aamir Shehzad Sherwani,303638,1.47E-06,none
2175537 Ontario Inc.,303617,1.47E-06,none
Slate Falls First Nation,303500,1.47E-06,none
Ah-Shawah-Bin Sioux Lookout/Lac Seul Victim Support Services,303438,1.47E-06,none
Safeguards Training For Children And Adult Services,303310,1.47E-06,none
First Class Conferencing Facilitation Inc,303102,1.46E-06,none
Ihg Hotels,303037,1.46E-06,none
Azimuth Environmental Consulting Inc,302758,1.46E-06,none
10605239 Canada Inc,302238,1.46E-06,none
Picard Peanuts Ltd (O/A Picard Peanuts),301463,1.46E-06,none
Action Positive: Vih - Sida,301400,1.46E-06,none
Guelph Business Enterprise Centre Inc (O/A Guelph-Wellington Business Enterprise Centre),301357,1.46E-06,none
Atlas North America Llc,301225,1.46E-06,none
Wendy Pitkin,301221,1.46E-06,none
Kingston Frontenac Public Library Board,300954,1.45E-06,none
Kingfisher Lake Indian Band,300940,1.45E-06,none
Barnes Management Group,300523,1.45E-06,none
Ontario Cycling Association Inc,300520,1.45E-06,none
Caliber Consulting Co.,300309,1.45E-06,none
1000638506 Ontario Inc.,300108,1.45E-06,none
Barry Callebaut Canada Inc,300000,1.45E-06,none
Andriani Ltd.,300000,1.45E-06,none
Elringklinger Canada Inc,300000,1.45E-06,none
Eclipse Automation Inc,300000,1.45E-06,none
Techo-Bloc Inc,300000,1.45E-06,none
Reel Canada,300000,1.45E-06,none
Ontario Association Of Youth Employment Centres,300000,1.45E-06,none
Gestion Soprema Canada Inc/Holding Soprema Canada Inc,300000,1.45E-06,none
Mediasmarts,299790,1.45E-06,none
Tate'S Inc (1650990 Ontario Inc),299681,1.45E-06,none
Vdb Grains Ltd,299550,1.45E-06,none
Bt Engineering,298967,1.44E-06,none
Microbix Biosystems Inc.,298649,1.44E-06,none
1581826 Ontario Inc (O/A Cloud 9 Productions),298541,1.44E-06,none
Greater Peterborough Chamber Of Commerce,298503,1.44E-06,none
David Abraham,298485,1.44E-06,none
9764399 Canada Inc,298227,1.44E-06,none
Sri Guru Nanak Sikh Centre Brampton,297500,1.44E-06,none
"Ipromoteu Canada Inc., Brandingwerx",297423,1.44E-06,none
Rainy River District Victim Services Program,297409,1.44E-06,none
Lempiala Sand & Gravel Ltd,297301,1.44E-06,none
2863993 Ontario Inc.,297091,1.44E-06,none
Canadian Standards Association Group (Csa Group),297002,1.43E-06,none
Stride Academy Inc.,297000,1.43E-06,none
Pepco,296730,1.43E-06,none
7213107 Canada Inc.,296710,1.43E-06,none
Hunter-Courchene Consulting Group Inc,296686,1.43E-06,none
Township Of Dawn-Euphemia,295900,1.43E-06,none
Winmar,295339,1.43E-06,none
Victim Services Of Huron County,295167,1.43E-06,none
Deaf Access Simcoe - Muskoka Inc,294932,1.42E-06,none
Markham African Caribbean Canadian Association,294886,1.42E-06,none
Township Of Front Of Yonge,294500,1.42E-06,none
Peacom Inc.,294382,1.42E-06,none
Ontario Grape And Wine Research Inc,294339,1.42E-06,none
Kingston General Hospital,293800,1.42E-06,none
Capital City Specialty And Emergency Animal Hospital,293593,1.42E-06,none
1871372 Ontario Inc.,293532,1.42E-06,none
Township Of La Vallee,293400,1.42E-06,none
Jias (Jewish Immigrant Aid Services) Toronto,293257,1.42E-06,none
Clean Horizons Canada Ltd,293235,1.42E-06,none
Bentley Systems Inc,292670,1.41E-06,none
Kawartha Veterinary Emergency Clinic Professional Corporation,292641,1.41E-06,none
G.W. Anglin Manufacturing,292576,1.41E-06,none
Recovery Garment Centre Inc./Corporation Number 709217-2,292240,1.41E-06,none
Paul W Lamb Trucking Inc,292076,1.41E-06,none
Telus Health (Canada) Ltd,291311,1.41E-06,none
Simcoe Addiction And Mental Health Inc.,291203,1.41E-06,none
Neil De Laplante Medicine Professional Corp.,291189,1.41E-06,none
Gta W21 Inc,291158,1.41E-06,none
Ontario Rugger Union (O/A Rugby Ontario),291151,1.41E-06,none
Eastern Ontario Trails Alliance,291127,1.41E-06,none
6175015 Canada Inc O/A Adss ,290963,1.41E-06,none
2535356 Ontario Inc,290729,1.40E-06,none
St Thomas Economic Development Corporation,290525,1.40E-06,none
"Ontario Corporation # 1000250791, Inspiair Mississauga Inc.",290322,1.40E-06,none
Niagara Peninsula Energy,290256,1.40E-06,none
Canadian Council Of Ministers Of The Environment,290025,1.40E-06,none
Element5 Limited Partership,290000,1.40E-06,none
Workforce Planning Board Of Waterloo Wellington Dufferin,290000,1.40E-06,none
Association Des Directions Et Directions Adjointes Des Ecoles Franco-Ontariennes,290000,1.40E-06,none
Unifor ,290000,1.40E-06,none
795292 Ontario Limited,289783,1.40E-06,none
Sunnycrest Nursing Home Ltd,289686,1.40E-06,none
Ev Nickel Inc,289421,1.40E-06,none
Cooperative Du Regroupement Des Organismes Francophones De Thunder Bay Inc,289415,1.40E-06,none
Lindsay D. Marshall Professional Corp.,289085,1.40E-06,none
Victim Services Elgin,289049,1.40E-06,none
Farr Mechanical Corporation,288996,1.40E-06,none
Goreway Physiotherapy And Rehabilitation Centre,288809,1.40E-06,none
Cdit Inc,288470,1.39E-06,none
Ontario Rowing Association (O/A Row Ontario),287721,1.39E-06,none
Essex County Library,287721,1.39E-06,none
Meals On Wheels Thorold - St Catharines,287709,1.39E-06,none
Volleyball Canada,287599,1.39E-06,none
Toronto Association Of Business Improvement Areas (Tabia),287575,1.39E-06,none
Youth Employment Assistance Headquarters Inc,287223,1.39E-06,none
Windsor Electrical Contractors Association,287100,1.39E-06,none
St. Leonard'S Society Of London,287000,1.39E-06,none
2763739 Ontario Inc,286960,1.39E-06,none
"Agropur Cooperative, Division Natrel",286608,1.38E-06,none
Salon Funeraire Miron-Wilson Funeral Home-Cremation & Reception Centre Ltd,286601,1.38E-06,none
"Ontario Corporation # 002545257, Cardinal Orthotics Ltd.",286481,1.38E-06,none
American Association On Intellectual And Developmental Disabilities,286363,1.38E-06,none
Uzima Women Relief Group International,286285,1.38E-06,none
Carl Zeiss Canada Ltd,285832,1.38E-06,none
Work Zone Safety Products Inc,285525,1.38E-06,none
Cambium Inc.,285361,1.38E-06,none
Innovation Initiatives Ontario North,285154,1.38E-06,none
Connecture Canada,285080,1.38E-06,none
Flanagan Foodservice Inc,285061,1.38E-06,none
Glen Dimplex Americas Limited,285014,1.38E-06,none
Niagara Workforce Planning Board,284839,1.38E-06,none
Four County Labour Market Planning Board,284700,1.38E-06,none
A Miron Topsoil Ltd,284552,1.37E-06,none
Wawa And Area Victim Services,284305,1.37E-06,none
1670747 Ontario Inc (O/A Mastrangelo Fuels),284300,1.37E-06,none
Superior North Victim Services,284186,1.37E-06,none
Parents Partenaires En Education (Ppe),283880,1.37E-06,none
Raven Transfers,283853,1.37E-06,none
2757959 Ontario Inc (O/A North American Security Services),283398,1.37E-06,none
Manitoulin-North Shore Victim Crisis Assistance Referral Services,283367,1.37E-06,none
Brandy E George Cultural Research Inc,283298,1.37E-06,none
2341590 Ontario Inc.,283247,1.37E-06,none
Ontario College Of Family Physicians,283047,1.37E-06,none
Mental Health Network Of Chatham Kent,282843,1.37E-06,none
Dovercourt Boys & Girls Club,282750,1.37E-06,none
Learning Disabilities Assoc. Of Toronto Districts,282693,1.37E-06,none
Kingston Economic Development Corp (Kedco),282650,1.37E-06,none
Kirchberger Audiology Professional Corporation,282500,1.36E-06,none
Bold Graphic Communication Ltd,282373,1.36E-06,none
Piyatissa Wanniarachchige (O/A Humber Physiotherapy Services),281925,1.36E-06,none
Adpma Llc.,281767,1.36E-06,none
Arbitration Place ,281606,1.36E-06,none
Corporation Of Township Of Opasatika,281550,1.36E-06,none
Town Of Lakeshore,281463,1.36E-06,none
Borsa Wholesale,281098,1.36E-06,none
Stericycle,280893,1.36E-06,none
Patel Leonard Llp,280763,1.36E-06,none
Simple Vote Inc/Simply Voting Inc,280692,1.36E-06,none
Almaguin Adult Learning Centre,280413,1.35E-06,none
583809 Ontario Ltd (O/A The Car Rental Place),280343,1.35E-06,none
A Lococo Wholesale Ltd,280187,1.35E-06,none
Workforce Planning Hamilton/Planification De Main D'Oeuvre De Hamilton,280000,1.35E-06,none
Friends Of Wabakimi,279929,1.35E-06,none
Accumetal Manufacturing Inc.,279887,1.35E-06,none
Ontario Sailing Association,279571,1.35E-06,none
"Ontario Corporation # 1124980, Health Care Pharmacy",279338,1.35E-06,none
Granicus Canada Holdings Ulc.,279317,1.35E-06,none
Meridian Spine And Joint Physiotherapy,279303,1.35E-06,none
Riverdale Immigrant Womens Centre,278891,1.35E-06,none
Raymond Chabot Grant Thornton Consulting Inc,278850,1.35E-06,none
The Toronto Motion Picture Technicians Training Centre,278451,1.35E-06,none
Dundas Community Services,278128,1.34E-06,none
The Corporation Of The City Of Belleville,277972,1.34E-06,none
Three Fires Group Inc.,277960,1.34E-06,none
Balmoral Aid And Support Services,277657,1.34E-06,none
De Sante Communautaire Pinecrest-Queensway,277500,1.34E-06,none
Valley Mobility Inc.,277395,1.34E-06,none
Eviden Canada Inc,277076,1.34E-06,none
Johnson Controls Canada Lp,276929,1.34E-06,none
Near North Palliative Care Network,276772,1.34E-06,none
Goodfellow Inc.,276684,1.34E-06,none
Jake Andrew Yorke,276600,1.34E-06,none
Municipality Of Red Lake,276225,1.33E-06,none
Stuart A Lackey And Lindsay E Lackey,276213,1.33E-06,none
Adult Learning & Training Centre,275771,1.33E-06,none
177180 Canada Inc,275752,1.33E-06,none
Roy Reid,275737,1.33E-06,none
Beef Farmers Of Ontario,275734,1.33E-06,none
Cm Inc.,275695,1.33E-06,none
Wilderness Air Ltd.,275580,1.33E-06,none
North East Physiotherapy Inc,275369,1.33E-06,none
Fleischer & Kochberg Professional Corporation,275167,1.33E-06,none
Soldiers' Aid Commission Of Ontario,275000,1.33E-06,none
Labour Market Group,275000,1.33E-06,none
Iroquois Falls Adult Learning Centre Inc,274990,1.33E-06,none
Gsma Limited,274800,1.33E-06,none
Children'S Aid Society,274553,1.33E-06,none
Canadian Corps Of Commissionaires (Kingston & Region Division),274309,1.33E-06,none
Whitefish Lake First Nation,274108,1.32E-06,none
Elgin Middlesex Oxford Workforce Planning & Development Board,274100,1.32E-06,none
Commission De Formation Et D'Adaptation De Sudbury & Manitoulin Training Andadjustment Board,273757,1.32E-06,none
Ejust Systems Inc,273648,1.32E-06,none
The Yonge Street Mission,273494,1.32E-06,none
Legal Assistance Of Windsor,273387,1.32E-06,none
Northern Connections Adult Learning Centre,273029,1.32E-06,none
Ontario Good Roads Association,272952,1.32E-06,none
Community Justice Initiatives Of Waterloo Region,272856,1.32E-06,none
"Computer Talk Technology, Inc.",272806,1.32E-06,none
Durham Region Association Of Black Professionals And Entrepreneurs Inc,272703,1.32E-06,none
2017932 Ontario Inc.,272500,1.32E-06,none
Sarnia Lambton Workforce Development Board,272337,1.32E-06,none
Imperial Engravers,272284,1.32E-06,none
Amazon.Com Inc.,272178,1.31E-06,none
"Khan, Muhammad Asif",272105,1.31E-06,none
Professional Physiotherapy Centres Inc,272091,1.31E-06,none
North Bay Audiology Clinic Ltd.,272000,1.31E-06,none
Barrie Public Library Board,271808,1.31E-06,none
Township Of Joly,271700,1.31E-06,none
Hospice Dufferin,271443,1.31E-06,none
Van Valkenburg Communications,271423,1.31E-06,none
Silvacom Ltd,271250,1.31E-06,none
Ramboll Group A/S,270799,1.31E-06,none
Jitterware Inc,270725,1.31E-06,none
Maison De Soins Palliatifs De Sudbury Hospice,270290,1.31E-06,none
Egis Surveying Inc (O/A Mcintosh Perry Surveying Inc),270282,1.31E-06,none
Addiction Rehab Toronto Inc,270221,1.31E-06,none
643384 Ontario Ltd,270103,1.30E-06,none
1000 Islands Region Workforce Development Board,270000,1.30E-06,none
The Centre For Israel And Jewish Affairs,270000,1.30E-06,none
Kawartha Lakes Northumberland Haliburton Training Board O/A Workforce Development Board,270000,1.30E-06,none
Shoe Network Inc,269954,1.30E-06,none
Lg2 Toronto Inc,269705,1.30E-06,none
Hamilton & District Literacy Council,269538,1.30E-06,none
St Clair Dufferin Physio Inc,269468,1.30E-06,none
Inn Of The Good Shepherd (Sarnia) Inc,269011,1.30E-06,none
Archibald Maxillofacial Prosthetics Inc.,268818,1.30E-06,none
Wpp Group Canada Communications Ulc,268811,1.30E-06,none
Ajax Municipal Housing Corporation,268793,1.30E-06,none
Toronto Metropolitan University (Formerly Ryerson University),268600,1.30E-06,none
Greek Orthodox Archdiocese Of Canada,268526,1.30E-06,none
Lotek Wireless Inc,268470,1.30E-06,none
Bench Craft Leather Inc,268453,1.30E-06,none
Medline Canada Corporation,268424,1.30E-06,none
Freestyle Skiing Ontario,267931,1.29E-06,none
Branded Cities Company Canada,267923,1.29E-06,none
Learning Centre For Georgina,267535,1.29E-06,none
Williams Scotsman Of Canada Inc,267317,1.29E-06,none
United Association 67 Technical Trades Academy Inc,267198,1.29E-06,none
Linkedin Corporation,266967,1.29E-06,none
406319 Ontario Limited,266500,1.29E-06,none
Pureflow Healthcare Inc.,266476,1.29E-06,none
Softball Ontario,266458,1.29E-06,none
Canadian Corps Of Commissionaires (Hamilton),266294,1.29E-06,none
Steam Whistle Brewing Inc,266172,1.29E-06,none
Alpine Ontario,265899,1.28E-06,none
Pro Wear Inc,265796,1.28E-06,none
John Howard Society Of Simcoe & Muskoka,265610,1.28E-06,none
Quadient Canada Ltd.,265607,1.28E-06,none
Physio Tillsonburg Inc,265534,1.28E-06,none
Groundswell Projects Inc,265154,1.28E-06,none
Niewe Training And Development Ltd.,264985,1.28E-06,none
Medelife Healthcare Services Ltd.,264818,1.28E-06,none
Algoma Workforce Investment Corporation (Awic),264488,1.28E-06,none
Sioux Lookout Funeral Home Ltd,264160,1.28E-06,none
"Ontario Corporation # 1916169, Hearcanada Inc.",263997,1.28E-06,none
M I S Electronics Inc,263956,1.28E-06,none
Meta Vocational Services Inc,263833,1.27E-06,none
Wellington And Guelph Housing Corporation,263809,1.27E-06,none
Connors Sand & Gravel Inc.,263740,1.27E-06,none
Dog Sports Centre Inc,263355,1.27E-06,none
Conseil Scolaire Public Du Nord-Est De L'Ontario*,263313,1.27E-06,none
North Channel Literacy Council,263307,1.27E-06,none
Soncin Construction,263174,1.27E-06,none
Digicert Ireland Limited,263171,1.27E-06,none
Holiday Inn By Ihg,263103,1.27E-06,none
Itd Trailers,263064,1.27E-06,none
Literacy Alliance Of West Nipissing,263017,1.27E-06,none
Ontario Coalition Of Rape Crisis Centres (Ocrcc),263012,1.27E-06,none
Ontario Tourism Education Corp,262961,1.27E-06,none
Dr David Quon,262936,1.27E-06,none
Dabro Micro Acoustics Limited (O/A Hearing Instrument Services),262898,1.27E-06,none
Lincoln County Humane Society,262877,1.27E-06,none
Haldimand-Norfolk Work Group Of Simcoe,262811,1.27E-06,none
Profile Legal Services Inc,262755,1.27E-06,none
Nimal Dissanayake,262657,1.27E-06,none
"Ontario Corporation # 002434401, Nashlea Brogan Audiologist Professional Corporation",262500,1.27E-06,none
Rampf Composite Solutions Inc,262500,1.27E-06,none
Complete Interiors & Design Ltd,262237,1.27E-06,none
Sheraton Hotels,262144,1.27E-06,none
Roof Tile Management Inc. ,261951,1.27E-06,none
"Paypal Holdings, Inc",261889,1.27E-06,none
John Howard Society Sarnia Lambton,261587,1.26E-06,none
Township Of Harris,261525,1.26E-06,none
"2296690 Ontario, Advacare Inc.",261412,1.26E-06,none
"Ontario Corporation # 1968312, Hearinglife Canada Ltd.",261000,1.26E-06,none
City Of Richmond Hill,260613,1.26E-06,none
Thomas J. Lockwood,260430,1.26E-06,none
Action Read Community Literacy Centre Of Guelph,260230,1.26E-06,none
Jays Care Foundation,260000,1.26E-06,none
Booth Medicine Professional Corp.,259960,1.26E-06,none
Hikma Canada Limited,259856,1.26E-06,none
Snap Ulc*,259486,1.25E-06,none
Aon Solutions Canada Inc,259479,1.25E-06,none
Getinge Canada Ltd,259448,1.25E-06,none
"  2 Member At 129,691.06",259382,1.25E-06,none
Physiotherapy Iii Ltd,259306,1.25E-06,none
Golf Association Of Ontario,258674,1.25E-06,none
London Reptiles,258222,1.25E-06,none
Electrical Construction Association Of Hamilton Inc,258000,1.25E-06,none
1049678 Ontario Ltd (O/A Canada Heavy Equipment College),257984,1.25E-06,none
Susan L Gordon Barrister & Solicitor,257430,1.24E-06,none
Dmc Safety Ltd,257061,1.24E-06,none
Ontario Historical Society,257000,1.24E-06,none
Chartered Professional Accountants Of Canada,256583,1.24E-06,none
"Ontario Corporation # 002387750, Frontenac Hearing Clinic Inc.",256500,1.24E-06,none
"  2 Member At 128,205.00",256410,1.24E-06,none
Acronym Solutions Inc,256376,1.24E-06,none
Jaku Konbit,256320,1.24E-06,none
Brant Skills Centre,256136,1.24E-06,none
Victim Assistance Services Of Oxford County,255969,1.24E-06,none
Global Industrial Canada,255768,1.24E-06,none
Genest Murray Desbrisay Lamek (O/A Genest Murray Llp.),255644,1.23E-06,none
Rsg Law Professional Corporation,255610,1.23E-06,none
Lannick Contract Solutions Inc.,255417,1.23E-06,none
Winsham Fabrik Canada Ltd,255156,1.23E-06,none
Northwestern Ontario Literacy Network,255103,1.23E-06,none
Peterborough Regional Vascular Health Network,255100,1.23E-06,none
1865717 Ontario Ltd. (O/A Tim Bryson Forestry Services),254840,1.23E-06,none
Dr. Sanjiv Gulati Medicine Professional Corp.,254610,1.23E-06,none
Durham Region Local Training Board,254550,1.23E-06,none
304316 Ontario Ltd. (O/A Van Valkenburg Communications),254365,1.23E-06,none
Sandoz Canada Inc,254230,1.23E-06,none
Yurek Home Healthcare Ltd.,254148,1.23E-06,none
Lionbridge Ltd,253601,1.23E-06,none
Cando Rail Services,253572,1.22E-06,none
Timmins,253496,1.22E-06,none
Accurex Inc,253489,1.22E-06,none
Dr Karam Babik Medicine Professional Corporation,253444,1.22E-06,none
2440446 Ontario Inc. (O/A Cangard Medical And Safety Supplies),253370,1.22E-06,none
Horizon-Timmins Palliative Care Inc/Soins Palliatifs Horizon-Timmins Inc,252720,1.22E-06,none
Northwest Training & Adjustment Board,252714,1.22E-06,none
Aardvark Drilling Inc,252658,1.22E-06,none
Cc Direct,252657,1.22E-06,none
Geppetto Technologies Inc Formerly Known As 12465388 Canada Inc ,252657,1.22E-06,none
Kawartha Lakes Taxi,252506,1.22E-06,none
Gallant Ednut Contracting Inc,252263,1.22E-06,none
2124990 Ontario Inc,252094,1.22E-06,none
"I Can Ter ( ""I Can"" Therapeutic Equestrain Riding Association)",252041,1.22E-06,none
York South Simcoe Training & Adjustment Board Inc,252000,1.22E-06,none
Peel Halton Workforce Development Group,252000,1.22E-06,none
Simcoe Mental Health Consumer Survivor Project,251998,1.22E-06,none
The Family Enhancement Centre Inc,251826,1.22E-06,none
Hearing Choice Inc,251520,1.21E-06,none
The Paddle Program,251488,1.21E-06,none
Wireless Personal Communications Inc,251469,1.21E-06,none
Airway Cpap Inc.,251148,1.21E-06,none
Promed Physiotherapy & Rehab Centre Inc,251110,1.21E-06,none
United Steelworkers,251100,1.21E-06,none
Eat-In Foods Inc,250943,1.21E-06,none
Matthews Machine Products Ontario Ltd,250804,1.21E-06,none
Across Languages: Translation And Interpretation Service (O/A Across Languages),250525,1.21E-06,none
Harley Phibbs,250316,1.21E-06,none
"The Healing Of The Seven Generations ""A Community Healing Strategy & Support Program""",250290,1.21E-06,none
Aalbers Tool & Mold Inc,250200,1.21E-06,none
Metro Toronto Movement For Literacy/,250188,1.21E-06,none
Alabama Canine Law Enforcement Officers Training Center Inc,250157,1.21E-06,none
Multilingual Community Interpreter Services (Mcis),250135,1.21E-06,none
Wabauskang First Nation,250000,1.21E-06,none
Wiikwemikong Unceded Territory,250000,1.21E-06,none
Waterloo Region Economic Development Corporation,250000,1.21E-06,none
True North Trucking Ltd.,250000,1.21E-06,none
Esri Canada Ltd.,249811,1.21E-06,none
Stem Minds Corp,249730,1.21E-06,none
Bogarte Construction International Inc,249683,1.21E-06,none
Greater Peterborough Area Economic Development Corporation,249514,1.21E-06,none
Iron Mountain Canada,249448,1.20E-06,none
Fortius Niagara Inc.,249143,1.20E-06,none
Hamilton Steelworkers Area Council,248928,1.20E-06,none
Children'S Mental Health Services (Serving Children And Families In Hastings And Prince Edward Counties),248596,1.20E-06,none
Lakeland Multi-Trade ,248331,1.20E-06,none
On Solid Ground - Solid Beginnings Inc.,248205,1.20E-06,none
Dryden Literacy Association,248110,1.20E-06,none
Town Of The Blue Mountains,248090,1.20E-06,none
London Training Centre Inc,248057,1.20E-06,none
2184310 Ontario Ltd (O/A Hear For You),247938,1.20E-06,none
James A Del Greco Sales Inc,247709,1.20E-06,none
"Ontario Corporation # 1859383, Mckenzie Audiology Professional Corporation",247500,1.20E-06,none
Valley Adult Learning Association,247458,1.20E-06,none
Purple Rock Inc,247385,1.20E-06,none
Compass Group Canada Ltd.,247318,1.19E-06,none
Millwright Regional Council,247225,1.19E-06,none
Ontario Corporation # 2375288 Ontario Inc.,247000,1.19E-06,none
Ontario Professional Hairstylists Association Inc,246994,1.19E-06,none
Ms Embroidery & Screenprinting Inc,246942,1.19E-06,none
Fts Forest Technology Systems,246462,1.19E-06,none
Dynacare Medical Laboratories,246147,1.19E-06,none
8126526 Canada Inc,245865,1.19E-06,none
Linda Dagenais Physiotherapy Professional Corporation (O/A Rehab Plus),245865,1.19E-06,none
Cross Country Ontario,245765,1.19E-06,none
Ontario Tennis Association,245764,1.19E-06,none
Richard Reive,245760,1.19E-06,none
2748505 Ontario Inc (O/A Hear Right Canada),245743,1.19E-06,none
Drake International Inc,245616,1.19E-06,none
Doug Dixon & Associates Inc,245400,1.19E-06,none
Dalton Practice Management Ltd (O/A Dalton Associates),245244,1.18E-06,none
381572 Ontario Limited (O/A Ts Manufacturing Co),245000,1.18E-06,none
The Reading Partnership,245000,1.18E-06,none
Polymer Distribution Inc,245000,1.18E-06,none
Nigerian Canadians For Cultural Educational And Economic Progress,245000,1.18E-06,none
Mommy Monitor Incorporated,245000,1.18E-06,none
Jumping Elephants Incorporated,244972,1.18E-06,none
Blazing Star Environmental,244928,1.18E-06,none
1000357910 Ontario Inc,244860,1.18E-06,none
St. Catharines Public Libraryboard (O/A St Catharines Public Library),244699,1.18E-06,none
London Funeral Directors Services Ltd,244537,1.18E-06,none
Stern Landesman Clark Llp,244435,1.18E-06,none
Muhammad Tariq Mahmud,244282,1.18E-06,none
David Mcantony Gibson Foundation (O/A Globalmedic),244117,1.18E-06,none
Ne-Daa-Kii-Me-Naan Inc,243978,1.18E-06,none
Ldh Consultant And Mediation Inc.,243911,1.18E-06,none
Trm Labs,243767,1.18E-06,none
Kallman Worldwide Inc,243551,1.18E-06,none
Bell Canada ,243287,1.18E-06,none
Systems Plus,243241,1.17E-06,none
Halton Multicultural Council Inc,243011,1.17E-06,none
Forsite Consultants Ltd.,243011,1.17E-06,none
Garys Towing,242950,1.17E-06,none
Japanese Canadian Cultural Centre Of Toronto,242896,1.17E-06,none
Wilderness Helicopters (2009) Ltd,242682,1.17E-06,none
Ontario East Economic Development Commission,242591,1.17E-06,none
S.E.A.S. Centre (Support Enhance Access Services Centre),242541,1.17E-06,none
Local Services Board Of Kaministiquia,242327,1.17E-06,none
Iron Workers District Council Of Ontario,242118,1.17E-06,none
Rae Christen Jeffries Llp,242080,1.17E-06,none
Shi Canada Ulc,242001,1.17E-06,none
Security Through Safe Design Inc.,241694,1.17E-06,none
Prince Edward Learning Centre,241666,1.17E-06,none
Esb Aluminum Products Inc,241498,1.17E-06,none
N'Amerind (London) Friendship Centre Inc.,241450,1.17E-06,none
Ottawa Walls & Ceilings Training Centre,241119,1.16E-06,none
Over-All Electric Inc,240967,1.16E-06,none
Trenval Business Development Corp,240886,1.16E-06,none
Oshawa Puc Networks Inc,240826,1.16E-06,none
Sobriety House,240825,1.16E-06,none
Nancey Thomas Pharmacy Inc,240621,1.16E-06,none
Port Colborne Community Assoc For Resource Extension (Port Cares),240467,1.16E-06,none
Eganville & District Senior Citizens Needs Association,240430,1.16E-06,none
Docudavit Solutions Inc.,240342,1.16E-06,none
"Canada Corporation # 832546-4, Marie-France Clermont Ocularists Inc.",240272,1.16E-06,none
Progress Career Planning Institute,240072,1.16E-06,none
Centre For Workforce Development,240000,1.16E-06,none
Cameron Steel Inc,240000,1.16E-06,none
Opportunity For Advancement,239996,1.16E-06,none
Tomo Koscak,239685,1.16E-06,none
Dr Joshua Landy Medicine Professional Corporation,239664,1.16E-06,none
K&M Toys Canada,239083,1.15E-06,none
Nerv Technology Inc,239078,1.15E-06,none
Town Of Gravenhurst,239053,1.15E-06,none
St Matthew'S Harmony House,238983,1.15E-06,none
Nurun Inc,238868,1.15E-06,none
Ontario Football Alliance,238800,1.15E-06,none
Rideau-Ottawa Valley Learning Network,238762,1.15E-06,none
Marlene J. Vanderspek Professional Corp.,238655,1.15E-06,none
New Canadians' Centre Of Excellence Inc,238498,1.15E-06,none
Braeburn Neighbourhood Place & Boys & Girls Club,238330,1.15E-06,none
Ontario Curling Council,238201,1.15E-06,none
Exp. Services Inc.,237680,1.15E-06,none
Organic Council Of Ontario,237445,1.15E-06,none
Sound Advice Hearing Clinic,237433,1.15E-06,none
Ininew Friendship Centre,237379,1.15E-06,none
Gary Barwitzki Del Donald Et Al,237300,1.15E-06,none
Vwr International,237281,1.15E-06,none
Centre De Services A L'Emploi De Prescott-Russell Inc,237118,1.15E-06,none
Latent Forensic Services Inc,237109,1.15E-06,none
Mattina Mechanical Ltd,237087,1.15E-06,none
L&H Smith Fruit Co Limited,237050,1.15E-06,none
Newcomer Centre Of Peel,237011,1.14E-06,none
Dr. Zeynep Selaman Medicine Professional Corp.,236861,1.14E-06,none
Fort Erie Native Cultural Centre Inc,236642,1.14E-06,none
Ontario Hockey Federation,236476,1.14E-06,none
Sgs Canada Inc,236296,1.14E-06,none
South City Physiotherapy Inc,236030,1.14E-06,none
Original Foods Limited,236000,1.14E-06,none
Temiskaming District Housing Corp,235879,1.14E-06,none
Durham Reporting Inc,235784,1.14E-06,none
Local Services Board Of East Gorham,235770,1.14E-06,none
Peterborough Native Learning Program,235734,1.14E-06,none
2574301 Ontario Inc,235645,1.14E-06,none
Leica Microsystems Inc,235493,1.14E-06,none
Team Rubicon Canada,235480,1.14E-06,none
Superior Audio Solutions Inc,235400,1.14E-06,none
Altaf Stationwala,235358,1.14E-06,none
Ontario Women'S Hockey Association,235082,1.14E-06,none
Autism Services Incorporated Of Windsor & Essex County,234978,1.14E-06,none
Chatham-Kent Public Library,234611,1.13E-06,none
Tails In Trails Pet Resort,234172,1.13E-06,none
Trent Valley Literacy Association,234096,1.13E-06,none
1156227 Ontario Inc. (O/A Sherwood Printers),233829,1.13E-06,none
Sturgeon Falls Brush & Contracting Limited,233495,1.13E-06,none
Burlington Public Library,233219,1.13E-06,none
Atikokan Literacy Inc,232899,1.13E-06,none
Lisa F. Barazzutti Professional Corp.,232342,1.12E-06,none
Transportation Association Of Canada (Tac Atc),232242,1.12E-06,none
Aon Reed Stenhouse Inc,232217,1.12E-06,none
Sandy Lake Community Development Services Inc,232127,1.12E-06,none
Acolad Canada Inc,231873,1.12E-06,none
Pm Productions ,231820,1.12E-06,none
Accountant Of The Superior Court Of Justice,231514,1.12E-06,none
Far Northeast Training Board,231488,1.12E-06,none
Trimtag Trading Inc,231344,1.12E-06,none
Biloski Bros Sand And Gravel Ltd,230780,1.11E-06,none
Cdw Canada Inc ,230467,1.11E-06,none
Tudhope Airways Ltd.,230079,1.11E-06,none
Karim Ladak Medicine Professional Corporation,230023,1.11E-06,none
Quantum Management Services Ltd.,230008,1.11E-06,none
Ontario Public Service Employees Union (Opseu) ,230000,1.11E-06,none
Medsag Inc,229872,1.11E-06,none
"Ontario Corporation # 1319666, London Home Respiratory Inc.",229774,1.11E-06,none
Arctic Glacier,229720,1.11E-06,none
Wsd Digital Llc,229660,1.11E-06,none
Cbi Health Peterborough Inc,229474,1.11E-06,none
Dr Victor Nikolsky Medicine Professional Corporation,229184,1.11E-06,none
Activecare Forest Hill Ltd,229146,1.11E-06,none
1000820639 Ontario Inc.,229067,1.11E-06,none
Asthma Research Group Windsor-Essex County Inc,229005,1.11E-06,none
Onx Enterprise Solutions Ltd. ,228796,1.11E-06,none
Markham Public Library Board,228778,1.11E-06,none
Child Witness Centre Of Waterloo Region,228736,1.10E-06,none
St Matthew'S House,228583,1.10E-06,none
2328268 Ontario Inc.,228544,1.10E-06,none
Dr Abdulrahman Medicine Professional Corporation,227902,1.10E-06,none
Canadian Linen & Uniform Service Co,227888,1.10E-06,none
Youth Emergency Shelter Of Peterborough Inc (O/A Yes Shelter For Youth And Families),227770,1.10E-06,none
Watton Employment Services Inc,227719,1.10E-06,none
Thunder Bay Public Library Board,227583,1.10E-06,none
Association Of Management Administrative & Prof Crown Employee Of Ont (Amapceo),227507,1.10E-06,none
Ontario Speed Skating Association,227436,1.10E-06,none
People Words & Change,227367,1.10E-06,none
Lillico Bazuk Galloway Halka,227327,1.10E-06,none
Junior Achievement Of Northern And Eastern Ontario,227266,1.10E-06,none
Ottawa & District Physiotherapy Clinic,227179,1.10E-06,none
Ministere Des Finances Du Quebec,227157,1.10E-06,none
Metal-Air Mechanical Systems Ltd.,227038,1.10E-06,none
Caat-Community Alliance For Accessible Treatment,226900,1.10E-06,none
Canada Artistic Swimming,226875,1.10E-06,none
Smart Local 47 Training Centre Inc.,226623,1.09E-06,none
Renfrew County Community Upgrading Program,226412,1.09E-06,none
Alpha Bee Inc,226229,1.09E-06,none
"Ontario Corporation # 1000205759, Truscott Drugstore Inc.",225573,1.09E-06,none
Northern Hearing Inc.,225500,1.09E-06,none
Omd Canada,225109,1.09E-06,none
Speigel Nichols Fox Llp,225016,1.09E-06,none
Ottawa Bluesfest,225000,1.09E-06,none
Paliare Roland Rosenberg Rothstein Llp ,225000,1.09E-06,none
East Scarborough Boys & Girls Club,225000,1.09E-06,none
Detritus Consulting Limited,224986,1.09E-06,none
Markham-Stouffville Hearing Services Ltd.,224675,1.09E-06,none
Hr Associates Inc,224435,1.08E-06,none
Bradco Drilling Inc.,223886,1.08E-06,none
10 Carden Shared Space,223875,1.08E-06,none
1791559 Ontario Inc. (O/A Essential Helicopters),223537,1.08E-06,none
Carrefour De Formation Pour Adultes Inc,223511,1.08E-06,none
Orthotic Dimensions Inc.,223429,1.08E-06,none
Elite Physiotherapy And Health Centre Inc,223245,1.08E-06,none
Walsh Contracting And Equipment Rentals Ltd,223217,1.08E-06,none
2511623 Ontario Inc. (O/A Lucas Richard Contracting),222996,1.08E-06,none
Kiiwetinoong,222843,1.08E-06,none
Learning Ontario Central South,222709,1.08E-06,none
Lightning Equipment Sales Inc,222697,1.08E-06,none
Ramsey Electric Ltd,222610,1.08E-06,none
(O/A Physiotherapy Rehabilitation Centre),222590,1.08E-06,none
Solutionstack,222289,1.07E-06,none
Bramic Creative Business Products Ltd,222245,1.07E-06,none
Bay City Contractors,222164,1.07E-06,none
Durham Regional Police Service,221895,1.07E-06,none
1852119 Ontario Inc. (O/A All Temp Trailers Rentals),221826,1.07E-06,none
Durham Regional Local Housing Corp,221811,1.07E-06,none
United Professions Inc,221606,1.07E-06,none
O'Connor Rehabilitation & Wellness Clinic,221279,1.07E-06,none
Chalmers Physiotherapy,221279,1.07E-06,none
Telma Grant P T,221279,1.07E-06,none
Info-Tech Research Group ,221254,1.07E-06,none
London Audiology Consultants,221250,1.07E-06,none
Allseating Corporation,221146,1.07E-06,none
Bright Spot Therapy Services Ltd,221140,1.07E-06,none
Seaway Valley Meat Cutting School Inc,221138,1.07E-06,none
Thomson Reuters Canada Ltd,220922,1.07E-06,none
Facebook,220789,1.07E-06,none
Ethier Sand & Gravel Ltd,220750,1.07E-06,none
Teknion Ltd.,220567,1.07E-06,none
Urban Tactical,220374,1.06E-06,none
Maximus Canada Services Inc.,220350,1.06E-06,none
Intravision Ontario Inc,220053,1.06E-06,none
Newcan Coach Company Ulc,220015,1.06E-06,none
David Cassidy,220004,1.06E-06,none
York1 Demolition Lp,219931,1.06E-06,none
Oakville Milton Humane Society,219885,1.06E-06,none
12858461 Canada Corp,219816,1.06E-06,none
Heartwood Place,219789,1.06E-06,none
Spectrum Telecom Group Ltd.,219608,1.06E-06,none
Gina Oh Audiology Professional Corporation,219456,1.06E-06,none
Muslim Resource Centre For Social Support And Integration (Mrcssi),219330,1.06E-06,none
Bank Of Montreal,219252,1.06E-06,none
1675137 Ontario Inc.,219200,1.06E-06,none
St. Michael'S Hospital,218850,1.06E-06,none
Organization For The Multi-Disabled (Thunder Bay) Inc,218820,1.06E-06,none
Zf Automotive Canada Limited O/A Trw Canada Limited,218750,1.06E-06,none
Williams Marijan & Associates Inc,218592,1.06E-06,none
111008 Canada Inc. (O/A Ods Marine Construction),218329,1.05E-06,none
Videoray Llc,218270,1.05E-06,none
Guild Electric Ltd,218238,1.05E-06,none
Dr Julian Gojer Medicine Professional Corporation,218160,1.05E-06,none
Starlink Internet,218078,1.05E-06,none
Cloudli Communications Corp,218009,1.05E-06,none
Bureau Veritas Canada,217980,1.05E-06,none
Kingston Humane Society,217863,1.05E-06,none
Quinte Cpap Inc.,217862,1.05E-06,none
Tri-Phase Group Inc.,217848,1.05E-06,none
Canoe Ontario,217580,1.05E-06,none
Progressive Steps Training And Consultation Inc,217543,1.05E-06,none
Thrive Counselling Services Halton Inc.,217520,1.05E-06,none
Keeman Local Services Board,217500,1.05E-06,none
Cansel,217473,1.05E-06,none
Bell Baker Llp,217437,1.05E-06,none
"Quinte Hearing Centre Inc., Ontario Corporation No. 002449862",217250,1.05E-06,none
Earth Rangers Foundation,217000,1.05E-06,none
Duncan Glaholt Professional Corp.,216652,1.05E-06,none
Wahkohtowin Development Gp Inc.,216617,1.05E-06,none
Vwr International Co,216537,1.05E-06,none
Azra Rasheed,216499,1.05E-06,none
Day Communications,216425,1.05E-06,none
Municipality Of Charlton And Dack,216354,1.05E-06,none
Miller Canfield Llp,216247,1.04E-06,none
Joseph Caron,216173,1.04E-06,none
Arcelormittal Dofasco Gp,216000,1.04E-06,none
Schouten Excavating Inc,215995,1.04E-06,none
Oshawa Public Library,215441,1.04E-06,none
Township Of Calvin,215000,1.04E-06,none
Interactive Ontario Industry Association,215000,1.04E-06,none
Youth Taking Flight,215000,1.04E-06,none
Hemophilia Ontario,214930,1.04E-06,none
340631 Ontario Ltd (O/A G&G Service),214751,1.04E-06,none
R J Burnside And Associates Limited,214746,1.04E-06,none
Woodward Meat Purveyors Inc,214665,1.04E-06,none
"Ontario Corporation # 1952694, Freedom Prosthetics Inc.",214516,1.04E-06,none
Lloyds Register Canada Ltd,214395,1.04E-06,none
Literacy Link Eastern Ontario Inc,214158,1.03E-06,none
Dr Graham Chamberlain,214073,1.03E-06,none
Jill Anderson,213822,1.03E-06,none
"Ontario Corporation # 002290686, Hearing Excellence Inc.",213750,1.03E-06,none
Npower Canada,213750,1.03E-06,none
"Ontario Corporation # 002526194, Hearing Choice Inc.",213500,1.03E-06,none
"  2 Member At 106,524.19",213048,1.03E-06,none
Federation Des Aines Et Des Retraites Francophones De L'Ontario,213000,1.03E-06,none
Ontario Party........................................................................................ ,212724,1.03E-06,none
Centre De Counselling Familial De Timmins Inc,212484,1.03E-06,none
Anthony Furlano Construction Inc.,212468,1.03E-06,none
Filomena Giuggio (O/A Mena Giuggio),212440,1.03E-06,none
Gilmore Printing Services Inc,212376,1.03E-06,none
Dr Tyrone Turner,212286,1.03E-06,none
T P Electric,212254,1.03E-06,none
2352695 Ontario Ltd. (O/A Dale Brooks & Sunns Construction),212091,1.02E-06,none
Ontario Lacrosse Association,212077,1.02E-06,none
Canadian Pro Drivers Inc,212040,1.02E-06,none
Markham Hearing Centre Inc.,212000,1.02E-06,none
Veritext Litigation Solutions Canada Inc.,211965,1.02E-06,none
The Gaudes Group Inc,211875,1.02E-06,none
Sega Electric Inc,211798,1.02E-06,none
Spinegroup,211772,1.02E-06,none
Cara Engineering Inc.,211662,1.02E-06,none
Canadian Standards Association,211551,1.02E-06,none
Kildoon-Intellection Inc,211513,1.02E-06,none
Ontario University Athletics,211290,1.02E-06,none
Maximilian Kolbe Foundation,211255,1.02E-06,none
Stokes Cap & Regalia Limited,210932,1.02E-06,none
Zengenti Ltd,210781,1.02E-06,none
Equipe Sante Familiale Nord - Aski Family Health Team,210781,1.02E-06,none
Veterinary Purchasing Company Limited,210693,1.02E-06,none
Justice For Children And Youth,210352,1.02E-06,none
John J. Winter,210234,1.02E-06,none
Native Men'S Residence,210183,1.02E-06,none
Mircom Technologies Ltd,210000,1.01E-06,none
Newdon Industries Limited,210000,1.01E-06,none
John D Simpson Michael M Johnston O/A Stewart Corbett,209964,1.01E-06,none
Toshiba Tec Canada Business Solutions Inc,209662,1.01E-06,none
Mid North Network For The Coordination And Development Of Adult Learning,209578,1.01E-06,none
Access Rescue Canada Inc.,209485,1.01E-06,none
Elmhirst Vacation Air Ltd.,209425,1.01E-06,none
Telesat Canada ,209361,1.01E-06,none
3Ga Marine Ltd,209274,1.01E-06,none
Centres For Health And Healing Inc.,209167,1.01E-06,none
Swim Ontario,209019,1.01E-06,none
The Vision Clinic Inc.,208792,1.01E-06,none
Demora Construction Services Inc,208612,1.01E-06,none
The Nu Me Boutique,208548,1.01E-06,none
Ecolab Ltd,208539,1.01E-06,none
Dr R K Mirza Medicine Professional Corporation,208494,1.01E-06,none
Outerlink Corporation,208494,1.01E-06,none
Toronto Centre For Community Learning & Development (O/A Canadian CentreFor Digital Storytelling),208489,1.01E-06,none
Dr Louisa Marion-Bellemare Medicine Professional Corporation,208435,1.01E-06,none
Lindsay Physiotherapy Services,208166,1.01E-06,none
Greencentre Canada,208100,1.01E-06,none
Pattison Outdoor Advertising Lp,208053,1.01E-06,none
Copa National,208000,1.00E-06,none
Peterborough Audiology Inc.,208000,1.00E-06,none
Donald Gregory Griese And Margaret Helen Griese,207918,1.00E-06,none
Sicotte Guilbault Professional Corp.,207578,1.00E-06,none
Brac Audiology Professional Corporation (O/A London Audiology Consultants),207529,1.00E-06,none
2667653 Ontario Inc.,207500,1.00E-06,none
Red Lake Chapel Ltd,207419,1.00E-06,none
Sasco Ltd,207332,1.00E-06,none
Allandale Veterinary Hospital Professional Corporation,207306,1.00E-06,none
Davies Ward Phillips & Vineberg Llp,207232,1.00E-06,none
Brampton Audiology,207000,1.00E-06,none
Kinwood Multimedia,206994,1.00E-06,none
Icon Restoration Services Inc,206892,9.99E-07,none
Drechsel Business Interiors,206654,9.98E-07,none
Testforce Systems Inc,206612,9.98E-07,none
Dws Historical Research Inc.,206588,9.98E-07,none
Petes Backhoe Services Ltd.,206270,9.96E-07,none
Niagara Regional Native Centre,206250,9.96E-07,none
West Niagara Palliative Care Services,206116,9.96E-07,none
Dr Peter Ajueze Medical Professional Corp,206058,9.95E-07,none
Local 663 Union P S & P Apprentices Union,206000,9.95E-07,none
Millbrook Pharmacy Inc,205861,9.94E-07,none
Sia Partenaires Inc/Sia Partners Inc,205660,9.93E-07,none
Peel Career Assessment Services Inc,205549,9.93E-07,none
Greater Peterborough Business Development Centre Inc.,205427,9.92E-07,none
B.M.R. Mfg. Inc.,205407,9.92E-07,none
Hamilton Conservation Authority,205000,9.90E-07,none
Namir Audisho,204951,9.90E-07,none
Camissue (2005) Ltd,204927,9.90E-07,none
Independence Plus Housing Corp,204810,9.89E-07,none
Mattagami Region Conservation Authority,204535,9.88E-07,none
Identos Inc.,204530,9.88E-07,none
"Av-Base Systems, Inc.",204516,9.88E-07,none
Township Of Coleman,204410,9.87E-07,none
Tall Ships Trading Com,204307,9.87E-07,none
Dr Katherine Canil,204099,9.86E-07,none
Village Of Westport,204000,9.85E-07,none
Guelph Non-Profit Housing Corp,203901,9.85E-07,none
Rpv Legal,203857,9.85E-07,none
Northern Commerce Inc,203626,9.84E-07,none
Brooklin Kennel,203583,9.83E-07,none
Scott Physiotherapy Clinic,203576,9.83E-07,none
Hubb-Cap Limited,203572,9.83E-07,none
Simcoe County Housing Corporation,202421,9.78E-07,none
Le College Du Savoir,202244,9.77E-07,none
King Cole Ducks Ltd,202151,9.77E-07,none
Lloyd Libke Law Enforcement Sales Inc.,202100,9.76E-07,none
Ontario Colleges Athletic Association,201964,9.76E-07,none
Goldpals Inc.,201922,9.75E-07,none
Conseil De La Nation Huronne-Wendat,201693,9.74E-07,none
Douglas Law Firm Professional Corporation,201557,9.74E-07,none
Minisis Inc,201385,9.73E-07,none
J&B Cycle & Marine Co. Ltd.,201376,9.73E-07,none
Oleo Energies Inc.,201264,9.72E-07,none
Yorkville Strategies Inc ,201173,9.72E-07,none
Ann Mollon,201039,9.71E-07,none
Sayedi Roshkhar Medicine Professional Corporation,200995,9.71E-07,none
"Ontario Corporation # 1774448, In Motion Services Inc.",200721,9.70E-07,none
Dr Arun Jain Dentistry Professional Corporation,200533,9.69E-07,none
Gian K. Nagra,200524,9.69E-07,none
Timmins Consumer Survivors Network Inc,200502,9.69E-07,none
Bio Style Inc.,200446,9.68E-07,none
Vegway Produce,200416,9.68E-07,none
"Orthocan Orthopaedics Inc., Ontario Corporation No. 1899928",200312,9.68E-07,none
Long Point Region Conservation Authority,200229,9.67E-07,none
Sandra Kapasky,200203,9.67E-07,none
1913674 Ontario Inc.,200139,9.67E-07,none
2521591 Ontario Inc,200024,9.66E-07,none
Cansel Survey Equipment Inc,200009,9.66E-07,none
1796796 Ontario Inc.,200000,9.66E-07,none
Kenorland Minerals Ltd,200000,9.66E-07,none
St. Catharines World Rowing,200000,9.66E-07,none
Usha Resources Ltd,200000,9.66E-07,none
Stockwoods Llp ,200000,9.66E-07,none
Anderson Therapy Services Inc,200000,9.66E-07,none
Quality Cheese Inc,200000,9.66E-07,none
Rotman Camh Social Enterprise Development (O/A Rise Asset Development),200000,9.66E-07,none
New Break Resources Ltd,200000,9.66E-07,none
Fairtide Ventures Limited,200000,9.66E-07,none
Falcon Mining Inc,200000,9.66E-07,none
Generation Pgm Inc.,200000,9.66E-07,none
Sterling Metals Corp.,200000,9.66E-07,none
"Wabassi Resources, Ulc",200000,9.66E-07,none
Creative Therapy Thunder Bay Inc. (O/A Creative Therapy Associates),200000,9.66E-07,none
Angus Gold Inc,200000,9.66E-07,none
Inventus Mining Corp,200000,9.66E-07,none
Essex Topcrop Sales Ltd,200000,9.66E-07,none
University Of Manitoba,200000,9.66E-07,none
International Lithium Corp,200000,9.66E-07,none
Abilities Behaviour Consulting Inc,200000,9.66E-07,none
Fladgate Exploration Consulting Corporation,200000,9.66E-07,none
The Hullabaloo Aba Inc.,200000,9.66E-07,none
Heritage Mining Ltd,200000,9.66E-07,none
Ucore Rare Metals Inc,200000,9.66E-07,none
1796795 Ontario Inc.,200000,9.66E-07,none
Dryden Gold Corp,200000,9.66E-07,none
Power Metals Corp.,200000,9.66E-07,none
Plethora Green Energy Corp,200000,9.66E-07,none
Local Services Board Of Rossport,200000,9.66E-07,none
Anchor Rehabilitation Support Services Inc,200000,9.66E-07,none
Arvaspring Farms Ltd,200000,9.66E-07,none
Goldshore Resources Inc.,200000,9.66E-07,none
Carbonix Inc.,200000,9.66E-07,none
Imagine Lithium Inc,200000,9.66E-07,none
Communicare Therapy Inc,200000,9.66E-07,none
Ptx Metals Inc. (O/A Platinex Inc),200000,9.66E-07,none
Mosaique Interculturelle,200000,9.66E-07,none
Lonmin Canada Inc,200000,9.66E-07,none
Jobina Resources Inc,200000,9.66E-07,none
F & P Manufacturing Inc,200000,9.66E-07,none
Nexgold Mining Corp.,200000,9.66E-07,none
Kesselrun Resources Limited,200000,9.66E-07,none
Delta Resources Limited/Ressources Delta Limitee,200000,9.66E-07,none
Proto Manufacturing Ltd,200000,9.66E-07,none
Canada Critical Resources Corp,200000,9.66E-07,none
Warrior Gold Inc. (O/A Kirkland Lake Discoveries Corp.),200000,9.66E-07,none
Ignite Behaviour Consulting Inc,199980,9.66E-07,none
Autism Behavioural Services Inc,199944,9.66E-07,none
Spokes Autism Services Inc,199896,9.66E-07,none
Spectrum Intervention Group,199817,9.65E-07,none
Great Lakes Helicopter ,199813,9.65E-07,none
Brenntag Canada Inc,199785,9.65E-07,none
Clinical Solutions Limited Partnership,199645,9.64E-07,none
Hear Now Hearing Healthcare Centre Inc (O/A Hear Now Inc),199542,9.64E-07,none
Nurturing Behaviours Inc,199518,9.64E-07,none
Ontario Baseball Association (O/A Baseball Ontario),199500,9.64E-07,none
12274493 Canada Inc,199460,9.64E-07,none
Canadian Development Consultants International Inc.,199413,9.63E-07,none
Skycare Charters,199391,9.63E-07,none
Essex County Diversion Program Inc,199376,9.63E-07,none
Claude Bordeleau,199315,9.63E-07,none
North Caribou Lake First Nation Band,199200,9.62E-07,none
Workforce Development Board Windsor Essex,199118,9.62E-07,none
R Pessah Speech-Language Pathology Professional Corporation,199100,9.62E-07,none
Kamlander Crushing Ltd,198965,9.61E-07,none
Dr Toby H Rose,198900,9.61E-07,none
Consolidated Tanager Limited,198899,9.61E-07,none
First Base Solutions Inc,198706,9.60E-07,none
Kcwa Family And Social Services,198696,9.60E-07,none
(O/A Fairway Physiotherapy & Sports Injury Clinic),198659,9.60E-07,none
Parkdale Intercultural Association,198505,9.59E-07,none
1826332 Ontario Ltd.,198500,9.59E-07,none
Welland Hydro-Electric System Corp,198440,9.59E-07,none
Northern Outreach And Clinical Services Inc,198336,9.58E-07,none
Speech Specialists Canada Inc,198305,9.58E-07,none
Talon Industries Inc.,198303,9.58E-07,none
Netzero Metals Inc.,198296,9.58E-07,none
S Frances Fung Medicine Professional Corp,198290,9.58E-07,none
Township Of Morley,198275,9.58E-07,none
Paul Van Meppelen,198270,9.58E-07,none
Abc Communautaire/Peninsule Du Niagara,198248,9.58E-07,none
Ken Petryshen,198157,9.57E-07,none
J. B. Forest Products Ltd.,198075,9.57E-07,none
Copper Lake Resources Ltd,198047,9.57E-07,none
Hite Services Ltd.,197929,9.56E-07,none
Louis-Pascal Rousseau Consultants Inc.,197880,9.56E-07,none
Lifetime Hearing Centre Inc,197811,9.56E-07,none
Janice Charette,197716,9.55E-07,none
Focus Physiotherapy (York) Inc,197675,9.55E-07,none
"Jennifer Logan, Katrena Brindley (O/A Superior Life Skills)",197629,9.55E-07,none
Mitek Canada Inc,197626,9.55E-07,none
Alborz Roofing Inc.,197581,9.54E-07,none
Nia Centre For The Arts,197530,9.54E-07,none
"Ontario Corporation # 1000054270, Mckenzie Audiology Professional Corporation",197500,9.54E-07,none
Athlete Technology Group Inc.,197450,9.54E-07,none
St Thomas-Elgin Second Stage Transitional Residence,197403,9.54E-07,none
"Ontario Corporation # 001963885, Centre Auditif Encore Hearing Centre Inc.",197000,9.52E-07,none
Pta Maintenance Inc,196963,9.51E-07,none
Ontario Ringette Association,196949,9.51E-07,none
Kaplan Arbitration Services Inc,196886,9.51E-07,none
Mandel Scientific Company Inc,196852,9.51E-07,none
Medical Centre Optical,196820,9.51E-07,none
Stikeman Elliott Llp,196721,9.50E-07,none
Niagara Falls Tourism Association,196500,9.49E-07,none
Regional Removal Services,196464,9.49E-07,none
Village Of Oil Springs,196425,9.49E-07,none
Dayco Distributing Ltd,196206,9.48E-07,none
Stratford Chefs School,196170,9.48E-07,none
Thomson Reuters ,196128,9.47E-07,none
Ecclestone Law Professional Corporation,196093,9.47E-07,none
Katherine Weatherdon,196018,9.47E-07,none
706823 Ontario Limited (O/A Larry Gabel Electric),195970,9.47E-07,none
Incite Experiential Design Inc. (O/A Rmus Canada),195898,9.46E-07,none
Local Services Board Of Britt-Byng Inlet,195852,9.46E-07,none
Nainstay Non-Profit Buildings Inc,195730,9.45E-07,none
Peerless Garments Ltd,195683,9.45E-07,none
Wasaya Airways Lp,195491,9.44E-07,none
Lowe-Martin Company Inc,195489,9.44E-07,none
K. Roth Albin Medicine Professional Corporation,195335,9.44E-07,none
Metrix Southwest Inc,195264,9.43E-07,none
Cultural Communications Group Inc (O/A Niagara Regional Native Centre),195174,9.43E-07,none
Ontario Wheelchair Sports Association,195079,9.42E-07,none
Stefanie Vander Slagt Physiotherapy Professional Corporation,195053,9.42E-07,none
Rescue 7 Inc,194842,9.41E-07,none
Weatherall Deshauer Medicine Professional Corporation,194776,9.41E-07,none
Odgers Berndtson Canada Inc,194741,9.41E-07,none
Ucel Inc,194710,9.41E-07,none
Marcelle M. Story,194706,9.41E-07,none
James E Bolton Medicine,194584,9.40E-07,none
Twilio Inc,194577,9.40E-07,none
Tst-Cf Express,194522,9.40E-07,none
Dr P A Allevato Medicine Professional Corporation,194400,9.39E-07,none
Leggat Aviation Ltd,194109,9.38E-07,none
Children'S Services Council Of Victoria County,193941,9.37E-07,none
Dr S Wesley Medicine Professional Corporation,193804,9.36E-07,none
Walinga Inc,193732,9.36E-07,none
Ontario Amateur Wrestling Association,193403,9.34E-07,none
Deaf Outreach Project,193102,9.33E-07,none
Shelton Physiotherapy Associates,193086,9.33E-07,none
Ontario Native Education Counselling Association,193041,9.32E-07,none
Spi Health And Safety Inc,193038,9.32E-07,none
A Square Enterprises Inc,193000,9.32E-07,none
Indige-Spheres To Empowerment,192940,9.32E-07,none
Perimeter Aviation Lp,192857,9.32E-07,none
Feldman Daxon Partners Inc,192835,9.32E-07,none
The Interdisciplinary Family Centre Of Eastern Ontario Inc Le Centre Interdisciplinaire Familial De L'Est Ontarien Inc.,192800,9.31E-07,none
"Ontario Corporation # 5027926, Hearinglife Canada Ltd.",192500,9.30E-07,none
"Vse Aviation Services, Llc",192441,9.30E-07,none
Christie Refugee Welcome Centre Inc,192374,9.29E-07,none
Bruce County Public Library,192303,9.29E-07,none
Bgm Metalworks Inc,192290,9.29E-07,none
Paul Henry,192150,9.28E-07,none
Navius Research Inc,192100,9.28E-07,none
Miitigoog Forest Management Company Inc.,191708,9.26E-07,none
Linda M. F. Landry,191552,9.25E-07,none
Sheldon Wisener,191475,9.25E-07,none
Kemptville & District Home Support Inc,191442,9.25E-07,none
Luminix Inc,191259,9.24E-07,none
Kawaguchi Krajden Llp,191106,9.23E-07,none
Ontario Gymnastic Federation,191040,9.23E-07,none
Jmr Electric Ltd,191000,9.23E-07,none
Berdine Marie Duquette,190862,9.22E-07,none
Nortec Minerals Corp,190830,9.22E-07,none
Bend All Automotive Ulc,190786,9.22E-07,none
York1 Waste Collection (Hamilton) Ltd. (O/A Budget Demolition),190744,9.21E-07,none
Marnelle Dragila,190716,9.21E-07,none
Hishkoonikun Education Authority,190634,9.21E-07,none
Bennett Jones Llp,190618,9.21E-07,none
507371 Ontario Inc. (O/A Barnes Oil Company),190506,9.20E-07,none
Literacy Network Northeast,190483,9.20E-07,none
Best Western,190345,9.19E-07,none
Star Pro Chemicals Inc,190172,9.19E-07,none
Consumer/Survivor Initiative Of Niagara,190045,9.18E-07,none
Quantum Lifecycle Partners Lp,190025,9.18E-07,none
2378050 Ontario Ltd (O/A Alpha Insights),189796,9.17E-07,none
Limestone Family Support Group Inc,189456,9.15E-07,none
Switzer-Carty Transportation Services Inc,189363,9.15E-07,none
Cpkn Network Inc,189164,9.14E-07,none
Seaver Physiotherapy Inc,189150,9.14E-07,none
Mechanical Contractors Association Of Ottawa,189000,9.13E-07,none
Township Of Dorion,188947,9.13E-07,none
Geneq Inc,188844,9.12E-07,none
Desjardins Financial Security Life Assurance Company,188839,9.12E-07,none
Sarnia Lambton Economic Partnership Association,188800,9.12E-07,none
Berend Van Huizen,188719,9.12E-07,none
"Sense Of Hearing Canada Inc., Ontario Corporation # 1867564",188350,9.10E-07,none
Northumberland Child Development Centre,188189,9.09E-07,none
Mental Health Rights Coalition Of Hamilton-Wentworth,188019,9.08E-07,none
Ontario Corporation # 1759185,188000,9.08E-07,none
Breann Gillespie Speech-Language Pathology Professional Corporation (O/A Oxford Speech Plus),187996,9.08E-07,none
"Ontario Corporation # 002494727, Guelph Orthotics Inc.",187990,9.08E-07,none
The D&B Companies Of Canada Ulc (O/A Dun & Bradstreet Canada),187816,9.07E-07,none
The Corporation Of The Township Of Gauthier,187574,9.06E-07,none
"Ontario Corp. # 5041411, Michael Schamber Audiology Professional Corporation",187550,9.06E-07,none
Mckesson Canada Corporation/ La Corporation Mckesson Canada (O/A: Mckesson Canada Corporation),187314,9.05E-07,none
Adp Canada Co,187313,9.05E-07,none
Dentons Canada Llp,187240,9.04E-07,none
1472359 Ontario Ltd (O/A Ibt College),187125,9.04E-07,none
Radisson Blu Toronto Downtown,186936,9.03E-07,none
Biolytical Laboratories Inc,186935,9.03E-07,none
Port Hope And District Chamber Of Commerce,186837,9.03E-07,none
"Ontario Corporation # 1000306366, Align Toronto Inc.",186532,9.01E-07,none
Ontario Museum Association,186500,9.01E-07,none
Silver Cross (Ottawa) Inc.,186464,9.01E-07,none
Bio Nuclear Diagnostics Inc,186450,9.01E-07,none
Incorporated Village Of Hilton Beach (O/A Village Of Hilton Beach),186325,9.00E-07,none
Adr Chambers Adjudication Inc,186149,8.99E-07,none
"Levi, Ray & Shoup Inc",186068,8.99E-07,none
Pronto Reproductions,186036,8.99E-07,none
Michael Klar,186036,8.99E-07,none
Morguard Hotels Limited (O/A Courtyard By Marriott),185979,8.98E-07,none
Macphie & Company Inc ,185970,8.98E-07,none
2253731 Ontario Inc,185863,8.98E-07,none
Mclean Co-Operative Homes Inc,185665,8.97E-07,none
Ontario Equestrian Federation,185637,8.97E-07,none
Isabelle Guerin,185603,8.97E-07,none
Tristar Electric Inc,185543,8.96E-07,none
Acklands-Grainger Inc,185423,8.96E-07,none
Aris Transcription Ltd.,185372,8.95E-07,none
"Ontario Corporation # 1000785938, Hear Ontario Inc.",185350,8.95E-07,none
Jasbir K. Ahluwalia,185270,8.95E-07,none
Town Of Hearst,185244,8.95E-07,none
Oxford Instruments America Inc,185155,8.94E-07,none
Norcan Electrical Systems Inc,185049,8.94E-07,none
The Oakville Hearing Centre Inc.,185000,8.94E-07,none
Labourers International Training Trust Fund-Liuna,185000,8.94E-07,none
Gayle Elizabeth Viau,184834,8.93E-07,none
Dr Karun Shetty,184825,8.93E-07,none
John Howard Society Of Kingston,184768,8.93E-07,none
Iron Mountain Canada Corp,184624,8.92E-07,none
Cision Canada Inc.,184608,8.92E-07,none
Victor Barreto - Asets Ltd.,184598,8.92E-07,none
Aspire Academy Inc,184467,8.91E-07,none
Applied Electronics Limited,184388,8.91E-07,none
Debbie Didone (O/A Ddr Group),184209,8.90E-07,none
Beckett Electrical Inc,184082,8.89E-07,none
2123710 Ontario Limited,184000,8.89E-07,none
Big Country Raw Ltd,183947,8.89E-07,none
Synergy Inmate Phone Solutions Inc,183840,8.88E-07,none
Wpci Meteor Drive,183721,8.87E-07,none
Massey Henry Inc,183625,8.87E-07,none
Adult Language And Learning,183568,8.87E-07,none
Cjg Contracting ,183551,8.87E-07,none
Skills Canada - Ontario,183508,8.86E-07,none
"Ontario Corporation # 1887869, Canada Hearing Centre Ltd.",183500,8.86E-07,none
Prodomax Automation Ltd,183405,8.86E-07,none
Dr Peter I Collins Medicine Professional Corporation,183400,8.86E-07,none
Bates Millward Social Work Professional Corp.,183384,8.86E-07,none
Private Label Manufacturers Association,183119,8.85E-07,none
United Brotherhood Of Carpenters Local 785 Building Corporation,183000,8.84E-07,none
Luccisano Physiotherapy,182924,8.84E-07,none
Crest Mold Technology Inc,182847,8.83E-07,none
11558889 Canada Inc.,182715,8.83E-07,none
Sudbury Regional Hearing Services Ltd. Ontario Corporation No. 5026932,182700,8.83E-07,none
Fresh Market Foods,182678,8.82E-07,none
Aim Health Group,182674,8.82E-07,none
Owlware Ltd,182499,8.82E-07,none
Oakville Public Library,182453,8.81E-07,none
Local Services Board Of Aweres,182395,8.81E-07,none
Annie Mckendy,182391,8.81E-07,none
Kach Inc,182353,8.81E-07,none
Arid Group Homes,181729,8.78E-07,none
Local Services Board Of Searchmont & Area,181683,8.78E-07,none
Sleep Management Group (East) Ltd.,181675,8.78E-07,none
Executive Furniture Rentals,181647,8.77E-07,none
Hamilton Hearing Clinic Inc.,181500,8.77E-07,none
Le Centre De Formation Du Nipissing,181446,8.76E-07,none
Judo Ontario,181333,8.76E-07,none
G Brandt Meat Packers Ltd,181200,8.75E-07,none
St Joseph'S Health System,181200,8.75E-07,none
Sbs Drivetec Inc,181170,8.75E-07,none
Ges Canada Limited/Ges Canada Limitee (O/A Ainsworth Trade Show Electrical),181088,8.75E-07,none
In-Form Physiotherapy And Rehabilitation Centre Inc,180957,8.74E-07,none
Thorold Medical Facilities Ltd,180957,8.74E-07,none
Root Lake Resources Ltd.,180916,8.74E-07,none
Mahassen Mahmoud,180644,8.73E-07,none
Financial Services Regulatory Authority Of Ontario,180577,8.72E-07,none
Adam Beatty,180569,8.72E-07,none
Wild Country Sport,180441,8.72E-07,none
Synaptive Medical Inc,180000,8.70E-07,none
2351608 Ontario Inc,179973,8.69E-07,none
Centre De Consultation Pour L'Embauche Des Jeunes Inc (Ccej),179775,8.68E-07,none
Elizabeth Fry Society Of Kingston,179715,8.68E-07,none
Laurentian University,179700,8.68E-07,none
Avenir Energy Ltd,179331,8.66E-07,none
Mental Health Consumer/Survivor Employment Assoc Of Essex,179300,8.66E-07,none
Ahearn & Soper Inc,179164,8.65E-07,none
Outdoor Outfits,179078,8.65E-07,none
Kroll Canada Ltd.,179072,8.65E-07,none
Mediwise Healthcare Solutions Inc.,178988,8.65E-07,none
Judith A. Smith,178926,8.64E-07,none
Sudbury Audiology Clinic Inc./Ontario Corporation #1973664,178850,8.64E-07,none
Pritchard Engineering Company Ltd,178797,8.64E-07,none
Credit Valley Conservation Foundation,178759,8.64E-07,none
Atmiya Rehab Inc (O/A Innova Physio & Sports Rehab),178662,8.63E-07,none
Libra Lithium Corp.,178628,8.63E-07,none
Institute Of Internal Auditors,178603,8.63E-07,none
Kristofoam Industries Inc,178573,8.63E-07,none
Welland District Association For Community Living Non-Profit Housing Corp,178573,8.63E-07,none
Gravenhurst Chamber Of Commerce,178397,8.62E-07,none
Kontzamanis Graumann Smith Macmillan Inc (O/A Kgs Group),178328,8.61E-07,none
Sleepnet Inc.,178311,8.61E-07,none
George O. Frank & William J. Smith (O/A Devry Smith Frank Llp),178254,8.61E-07,none
"Sprout Social, Inc.",178249,8.61E-07,none
2791084 Ontario Ltd,178232,8.61E-07,none
Hamilton & District Extend-A-Family,177992,8.60E-07,none
Scintrex Trace Corp,177910,8.59E-07,none
Sands-Keller Law Office,177883,8.59E-07,none
Linkedin,177796,8.59E-07,none
Glengarry Inter-Agency Group Inc (Giag),177760,8.59E-07,none
Brenn-B And Company Ltd,177705,8.58E-07,none
National Energy Equipment Inc.,177679,8.58E-07,none
535276 Ontario Inc (O/A Hughson Fencing And Guiderail),177509,8.57E-07,none
Prosthetic Technologies Inc.,177504,8.57E-07,none
Employment North South River,177432,8.57E-07,none
Loblaws Inc,177305,8.56E-07,none
Jurt Malhotra Medicine Professional Corporation,177191,8.56E-07,none
Marianne Love Consulting Services Inc,177184,8.56E-07,none
Harbour Group Security & Investigations,177161,8.56E-07,none
Villeneuve Construction Co. Ltd.,177111,8.56E-07,none
Ontario Association Of Police Services Boards,177000,8.55E-07,none
"  17 Member At 10,406.25",176906,8.55E-07,none
1592735 Ontario Inc.,176850,8.54E-07,none
S Yanivker & M Bertucci Medicine Professional Corporation,176807,8.54E-07,none
Elizabeth Fry Society Of Ottawa,176789,8.54E-07,none
"Nicole Day, Kaitlyn Grose",176695,8.54E-07,none
Mary M. Polgar,176494,8.53E-07,none
Perimeter Forest Gp Inc.,176401,8.52E-07,none
Township Of Gillies,176325,8.52E-07,none
6850804 Canada Inc,176305,8.52E-07,none
Sia Partenaires Inc./Sia Partners Inc.,176280,8.52E-07,none
Timmins Martelle Heritage Consultants Inc,176245,8.51E-07,none
Vivid Machines Inc.,176240,8.51E-07,none
Precambrian Products Inc.,176139,8.51E-07,none
Teamrecruiter Com Inc.,176061,8.50E-07,none
Peel-Halton-Dufferin Adult Learning Network,175999,8.50E-07,none
Lake Of The Woods Employment Action Project Inc,175943,8.50E-07,none
Ontario Education Services Corporation,175875,8.50E-07,none
Melissa M. J. Nixon,175750,8.49E-07,none
Township Of Alberton,175700,8.49E-07,none
Literacy Council Of York-Simcoe,175489,8.48E-07,none
"Canada Corporation #1508901-8, Gta Wheelchair Inc.",175409,8.47E-07,none
J.D. Barnes Limited,175296,8.47E-07,none
Hanen Centre,175295,8.47E-07,none
Barrie Literacy Council Inc,175277,8.47E-07,none
1977615 Ontario Inc (O/A Paramount Care Nursing Agency),175217,8.46E-07,none
F. Tuma Medicine Professional Corporation,175216,8.46E-07,none
St. Lawrence Orthopaedic Appliances Service Limited,175205,8.46E-07,none
Municipality Of Mattawan,175023,8.45E-07,none
The Hearing Source Limited,175000,8.45E-07,none
Gesner And Associates,175000,8.45E-07,none
Field Hockey Ontario,174986,8.45E-07,none
Inland Liferafts & Marine Ltd,174802,8.44E-07,none
Heather Ann Mcconnell (O/A Heather Ann Mcconnell Arbitrations),174680,8.44E-07,none
Fairbarn Electric Inc,174659,8.44E-07,none
Spectrum Telecom Group Ltd,174639,8.44E-07,none
Shift Coaching Inc.,174529,8.43E-07,none
The Autism Centre Of Toronto,174525,8.43E-07,none
Gibson & Reitboeck Llp,174425,8.43E-07,none
Atlassian Pty Ltd,174405,8.42E-07,none
Angelo Ligori,174375,8.42E-07,none
Pow Engineering,174362,8.42E-07,none
Prospector Metals Corp,174350,8.42E-07,none
1987204 Ontario Inc.,174350,8.42E-07,none
K I 209 Engineering,174281,8.42E-07,none
North Algoma Literacy Coalition,174276,8.42E-07,none
Human Resource Systems Group Ltd,174274,8.42E-07,none
Quinte Humane Society,174234,8.42E-07,none
"Ontario Corporation No. 002603482, Essentialair Cpap Inc",173998,8.41E-07,none
Precise Parklink,173873,8.40E-07,none
Lower Trent Conservation ,173841,8.40E-07,none
Hospice Huronia,173744,8.39E-07,none
Renatta Austin,173643,8.39E-07,none
Tycon Construction Inc,173640,8.39E-07,none
Invitae Corp,173606,8.39E-07,none
2684647 Ontario Inc.,173000,8.36E-07,none
Sharon Sleiman,172919,8.35E-07,none
1872835 Ontario Inc,172768,8.35E-07,none
Bisschops Industries Ltd,172763,8.35E-07,none
Biopower Sustainable Energy Corp.,172745,8.34E-07,none
Settlement Assistance And Family Support Services (Safss),172678,8.34E-07,none
Mcniece Tens Inc.,172624,8.34E-07,none
Equinox Hydro Construction Inc.,172603,8.34E-07,none
Esther Galic,172599,8.34E-07,none
Workplace Safety And Insurance Board,172585,8.34E-07,none
Rapport Youth & Family Services,172555,8.34E-07,none
2184310 Ontario Ltd.,172500,8.33E-07,none
Geo Morphix Ltd.,172219,8.32E-07,none
1583343 Ontario Inc. (O/A Swiss Print International),172187,8.32E-07,none
Hang-Ying (Natalie) Tam,172129,8.31E-07,none
J E Cousineau Chiropractic Professional Corporation,172106,8.31E-07,none
Applied Electronics Ltd.,172009,8.31E-07,none
O'Connor Electric Ltd,172000,8.31E-07,none
Plan Group Inc,172000,8.31E-07,none
Renegade Gold Inc.,171901,8.30E-07,none
Bell Mobility Inc. ,171878,8.30E-07,none
Alpha-En-Partage De Sudbury Est,171795,8.30E-07,none
Black Youth Success,171789,8.30E-07,none
Cecchetto And Sons Ltd.,171719,8.30E-07,none
Fireweed Helicopters Ltd,171629,8.29E-07,none
Sarnia Home Respiratory Service Inc.,171543,8.29E-07,none
Liberation75 Inc,171504,8.28E-07,none
Wageners Meat And Delicatessen Ltd (O/A Wageners Meat Products),171497,8.28E-07,none
Zuber & Company Llp,171365,8.28E-07,none
Indigenous Police Chiefs Of Ontario Inc,171169,8.27E-07,none
Marsh Llc,171158,8.27E-07,none
Sylvanacre Properties Ltd,171076,8.26E-07,none
Ayres Law Professional Corporation,170915,8.26E-07,none
H. J. Vander Zaag Farm Equipment Ltd (O/A Hjv Equipment),170890,8.25E-07,none
Vatalaire Canada Inc.,170732,8.25E-07,none
Hilton Hotels,170693,8.25E-07,none
Kerry Funeral Home Ltd,170481,8.24E-07,none
Glider Guard Tool & Die Inc,170431,8.23E-07,none
917260 Ontario Inc (O/A Wilf Perron Contracting & Gravel Supply),170404,8.23E-07,none
Walden Hardware Store Ltd,170367,8.23E-07,none
Paw Pet And Wildlife Rescue,170312,8.23E-07,none
Krueger Custom Steel & Machining Ltd,170051,8.21E-07,none
Canadian Education Association,170000,8.21E-07,none
Meals On Wheels Niagara Falls Ont Inc,169761,8.20E-07,none
Lg2 Montréal Inc. (O/A Labarre Gauthier),169726,8.20E-07,none
Mrakovic Fine Foods Inc,169718,8.20E-07,none
John Howard Society Of Sudbury,169672,8.20E-07,none
Georgian Bay Mnidoo Gamii Biosphere,169626,8.19E-07,none
Say Yeah Inc.,169500,8.19E-07,none
Sam Shuqair Physiotherapy,169483,8.19E-07,none
St. Thomas Hearing Clinic Inc.,169350,8.18E-07,none
Sparton Resources Inc/Les Ressources Sparton Inc,169118,8.17E-07,none
Kehoe Marine Construction Ltd,169050,8.17E-07,none
The 519 Church Street Community Centre,169000,8.16E-07,none
Bondi Produce Co Ltd,168934,8.16E-07,none
Dura-Tech Industrial & Marine Ltd.,168879,8.16E-07,none
Boeing Distribution Canada Ltd. (O/A Aviall),168774,8.15E-07,none
The Canadian Copyright Licensing Agency (O/A Access Copyright),168554,8.14E-07,none
International Brotherhood Of Boilermakers Local 128,168292,8.13E-07,none
Linde Canada Inc.,168237,8.13E-07,none
Victoria Drug Mart Ltd,168063,8.12E-07,none
Kidsport Canada,168000,8.12E-07,none
Kingston & Frontenac Housing Corp,167945,8.11E-07,none
Maggie'S:Toronto Sex Workers Action Project,167785,8.10E-07,none
Guelph Public Library Board,167774,8.10E-07,none
2577311 Ontario Inc. (O/A Aries Pro Solutions),167737,8.10E-07,none
Cochrane Sinclair O/A Cochrane Saxberg Barristers & Solicitors,167614,8.10E-07,none
Risi Inc.,167536,8.09E-07,none
2320030 Ontario Inc.,167500,8.09E-07,none
Widad Nosseir,167454,8.09E-07,none
Ats Scientific Inc.,167381,8.09E-07,none
M&M Coulson,167148,8.07E-07,none
Stafferton Audiology Professional Corporation,167100,8.07E-07,none
June Vaters,167098,8.07E-07,none
Brigholme Interiors Group,167069,8.07E-07,none
2401147 Ontario Inc,167000,8.07E-07,none
One Red Maple Inc,166932,8.06E-07,none
Maryana Kravtsenyuk Medicine Professional Corporation,166875,8.06E-07,none
Novo Healthnet Ltd,166860,8.06E-07,none
Advanced Hearing Ontario Inc,166712,8.05E-07,none
Local Services Board Of Greater Oxdrift,166702,8.05E-07,none
Northwestern Ontario Women'S Centre,166692,8.05E-07,none
Women'S Place Kenora,166643,8.05E-07,none
Milliporesigma Canada Ltd. / Milliporesigma Canada Ltée,166557,8.05E-07,none
Nguyen Physiotherapy Professional Corporation,166533,8.04E-07,none
Kawartha Turtle Trauma Centre (O/A Ontario Turtle Conservation Centre),166453,8.04E-07,none
Quality In Lifelong Learning Network Inc,166434,8.04E-07,none
Tri-County Literacy Network,166418,8.04E-07,none
Hospice Georgian Triangle,166385,8.04E-07,none
"Ontario Corporation # 1693103, Custom Comfort Inc.",166296,8.03E-07,none
1591783 Ontario Inc.,166287,8.03E-07,none
Heritage Hearing Care Inc.,166200,8.03E-07,none
Fcpcjc Ltd,166134,8.03E-07,none
Christine Freeman (O/A Copy-Write),166085,8.02E-07,none
Ontario Amateur Synchronized Swimming Association (Synchro Swim Ontario),166008,8.02E-07,none
Novocentre Thunder Bay,165999,8.02E-07,none
Juliane C Shantz Audiologist Inc (O/A Ear And Hearing Clinic),165839,8.01E-07,none
Allied Psychological Services,165794,8.01E-07,none
Friends Of Simon Wiesenthal Center For Holocaust Studies,165745,8.01E-07,none
My Community Services,165698,8.00E-07,none
Species At Risk Conservation Trust (O/A Species Conservation Action Agency),165687,8.00E-07,none
Michael Chun,165628,8.00E-07,none
Astral Media Affichage S.E.C/Astral Media Outdoor ,165604,8.00E-07,none
Bayview Rehabilitation,165549,8.00E-07,none
Hartwig Aircraft Fuel Cell Repair,165535,8.00E-07,none
N.R.E Newmark Real Estate Canada Limited,165432,7.99E-07,none
Halex Technology Consulting Inc,165432,7.99E-07,none
Home Hardware,165341,7.99E-07,none
D Wang Medicine Professional Corporation,165319,7.99E-07,none
Diving Plongeon Canada,165264,7.98E-07,none
Hike Metal Products Ltd.,165167,7.98E-07,none
Best Advertising Co ,165133,7.98E-07,none
The Religious Hospitallers Of St. Joseph Of The Hotel Dieu O,165076,7.97E-07,none
Conservation Ontario,165000,7.97E-07,none
Adult Basic Education Association Of Hamilton-Wentworth,164910,7.97E-07,none
Scarborough Women'S Centre,164870,7.96E-07,none
Housing York Inc,164786,7.96E-07,none
Dualicom Inc.,164759,7.96E-07,none
University Settlement,164759,7.96E-07,none
Access Vision Communications,164730,7.96E-07,none
"2567148 Ontario Inc., Hearing Clinic, The",164700,7.96E-07,none
Loopstra Nixon Llp,164645,7.95E-07,none
Do Vale Marketing,164526,7.95E-07,none
Sudbury Women'S Centre,164499,7.95E-07,none
Russell Hendrix Foodservice Equipment,164441,7.94E-07,none
Village Of Newbury,164425,7.94E-07,none
Eurest,164380,7.94E-07,none
Bram Herlich,164175,7.93E-07,none
1466653 Ontario Inc.,164130,7.93E-07,none
Bronson Centre Inc,164086,7.93E-07,none
Fort Erie Multicultural Centre,164079,7.93E-07,none
Anderson Arbitration Inc,164043,7.92E-07,none
Windsor Women Working With Immigrant Women,164018,7.92E-07,none
Dircam Electric Ltd,164000,7.92E-07,none
Garmin Ltd.,163953,7.92E-07,none
Literacy Network Of Durham Region,163950,7.92E-07,none
6Up Volleyball Club (O/A 6Up East Scarborough Soccer United),163750,7.91E-07,none
Draeger Medical Canada Inc,163701,7.91E-07,none
Labvantage Solutions Inc,163667,7.91E-07,none
Physio-Health And Fitness Inc,163582,7.90E-07,none
Hamilton Centre For Civic Inclusion,163450,7.90E-07,none
Nia Centre For The Arts Incorporated,163450,7.90E-07,none
Blackhurst Cultural Centre,163450,7.90E-07,none
Big Brothers Big Sisters Of Peel York Inc,163450,7.90E-07,none
Alexandra Park Residents Association,163450,7.90E-07,none
Community Counselling Services Of York Region,163450,7.90E-07,none
"Ontario Corporation # 002496776, Philp Audiology Professional Corporation",163350,7.89E-07,none
Ontario General Contractors Association (Ogca),163261,7.89E-07,none
Winmagic Corp,163240,7.89E-07,none
Dundas County Hospice,163222,7.88E-07,none
Literacy Link Niagara Inc,163041,7.88E-07,none
North York Women'S Resource Centre,163011,7.87E-07,none
Rhea Inc. ,163005,7.87E-07,none
Infinite Carbon Corp.,162943,7.87E-07,none
Centre De Formation De Hearst (O/A La Boite A Lettres De Hearst),162935,7.87E-07,none
Township Of Brethour,162900,7.87E-07,none
Philip Klassen Medicine Professional Corp.,162807,7.86E-07,none
Starnino Iadarola Design Inc,162720,7.86E-07,none
Burl'S Creek Event Grounds Inc,162500,7.85E-07,none
Stratford Shakespearean Festival Of Canada,162500,7.85E-07,none
Ontario Plowmen'S Association,162500,7.85E-07,none
Shaw Festival Theatre Foundation,162500,7.85E-07,none
Garside Medicine Professional Corp,162473,7.85E-07,none
Querney'S Office Plus,162442,7.85E-07,none
Manmohan S. Arora,162409,7.85E-07,none
Labourers Local 493 Training Trust Fund (2007),162391,7.84E-07,none
Oakpark Management Inc,162363,7.84E-07,none
Dma Distributing,162216,7.84E-07,none
Jsi Telecom (Jatom Systems Inc O/A),162155,7.83E-07,none
"Workfront, Inc.",162081,7.83E-07,none
The Corporation Of The Township Of O'Connor (O/A: Township Of O'Connor),162025,7.83E-07,none
Volatus Unmanned Services Inc (O/A Volatus Aerospace),162006,7.83E-07,none
Poi Business Interiors Lp,162001,7.83E-07,none
K-Line Maintenance & Construction Limited,162000,7.83E-07,none
S-Docs Inc.,161949,7.82E-07,none
Simcom Aviation Training,161945,7.82E-07,none
Family Physiotherapy Centre Of London,161943,7.82E-07,none
Thermo Fisher Scientific (Mississauga) Inc,161836,7.82E-07,none
Province Of Nova Scotia (O/A Dept Of Finance Admin),161809,7.82E-07,none
Al-Shamas Food Products Ltd,161751,7.81E-07,none
Kim Heim,161711,7.81E-07,none
Alex Dutka (O/A Dutka Law),161697,7.81E-07,none
Boys And Girls Club Of Brantford,161690,7.81E-07,none
Jaswinder S. Bedi,161615,7.81E-07,none
Cse Solutions Inc,161590,7.81E-07,none
Brightfield Llc,161584,7.81E-07,none
Peel Multicultural Council,161567,7.80E-07,none
Paul Allan,161517,7.80E-07,none
Amanda Mckerracher,161480,7.80E-07,none
Cambridge Public Library Board,161464,7.80E-07,none
Whitefish Exploration Inc,161370,7.80E-07,none
Wellington County Learning Centre,161237,7.79E-07,none
Eteros Technologies Inc,161200,7.79E-07,none
Niagara Regional Literacy Council,161063,7.78E-07,none
"Ontario Corporation # 5140439, Enhanced Health Services Inc.",161050,7.78E-07,none
Ont Federation Of School Athletic Association,161033,7.78E-07,none
799200 Ontario Inc. (O/A Connor Industries),161002,7.78E-07,none
L.M. Macari Audiologist Professional Corporation,161000,7.78E-07,none
Servicemaster,160979,7.78E-07,none
Great Bear Resources Ltd,160957,7.78E-07,none
Leslam Company Limited,160941,7.77E-07,none
Hatch Industries Ltd,160933,7.77E-07,none
Community Development Council Durham,160875,7.77E-07,none
Murray Management Consulting Inc,160852,7.77E-07,none
Sarita Dhillon,160798,7.77E-07,none
Courtyard By Marriott,160735,7.76E-07,none
Powell (Richmond Hill) Contracting Limited,160678,7.76E-07,none
Hot Docs,160500,7.75E-07,none
Day Group Of Companies,160290,7.74E-07,none
Timothy Swanson,160274,7.74E-07,none
Muc Shelter Inc Sojourn House,160251,7.74E-07,none
Patriot Lithium (Canada) Inc.,160003,7.73E-07,none
"Michael Wright, Tracey Henry (O/A Wright Henry Llp) ",160000,7.73E-07,none
Nicolas M. Rouleau ,160000,7.73E-07,none
Auditory Health Care,160000,7.73E-07,none
Canadian Ukraine Foundation,160000,7.73E-07,none
Le Francais Pour L'Avenir/French For The Future,160000,7.73E-07,none
Mohawk College,160000,7.73E-07,none
South Temiskaming Community Futures Development Corporation,159985,7.73E-07,none
Aldea Engineering Services Ltd,159901,7.72E-07,none
Muskrat Dam Band,159900,7.72E-07,none
963480 Ontario Inc,159810,7.72E-07,none
Binary Stream Software Inc,159716,7.72E-07,none
The Sleep Remedy Store Ltd,159710,7.71E-07,none
2126573 Ontario Inc. (O/A Henderson Reporting And Transcribing Temp Agency),159652,7.71E-07,none
"Kisters North America, Inc.",159645,7.71E-07,none
L. Ramshaw Medicine Professional Corp.,159641,7.71E-07,none
Mishkiki Chichakk Kamik Medicine Spirit Lodge,159610,7.71E-07,none
Federation Of Ontario Naturalists (O/A Ontario Nature),159604,7.71E-07,none
West Canadian Digital Imaging Inc,159501,7.70E-07,none
Living Without Violence Inc.,159378,7.70E-07,none
2270377 Ontario Inc.,159000,7.68E-07,none
Sjc,158935,7.68E-07,none
Diane Gee Mediations And Arbitrations Ltd,158873,7.67E-07,none
Harrison Pensa Llp,158781,7.67E-07,none
Local Services Board Of Restoule,158718,7.67E-07,none
6083609 Canada Inc,158708,7.67E-07,none
Jean Hyndman,158684,7.67E-07,none
Upper Canada Fuels ,158613,7.66E-07,none
Sundry Payments ,158573,7.66E-07,none
York Hearing Clinic Inc.,158500,7.66E-07,none
Atikokan Native Friendship Centre,158333,7.65E-07,none
Fis Capital Markets Us Llc,158200,7.64E-07,none
Xerox Canada Ltd.,158048,7.63E-07,none
Concord Premium Meats Ltd,158045,7.63E-07,none
Boxing Ontario Inc,157982,7.63E-07,none
Amazon Web Services Inc,157719,7.62E-07,none
Township Of South Algonquin,157661,7.62E-07,none
Rajagopalan Medicine Professional Corporation,157650,7.62E-07,none
Rdlandplan Consultants Inc.,157635,7.61E-07,none
Somali Women'S & Children'S Support Network,157500,7.61E-07,none
Women'S Own Resource Centre (South River),157500,7.61E-07,none
Temiskaming Native Women'S Support Group,157500,7.61E-07,none
Women'S Employment Resource Centre Of Oxford County,157500,7.61E-07,none
The Women'S Centre,157500,7.61E-07,none
Times Change Women'S Employment Service,157500,7.61E-07,none
Up With Women,157500,7.61E-07,none
Upskill Niagara,157500,7.61E-07,none
Community Ywca Of Muskoka,157500,7.61E-07,none
Copper Tree Forensics,157485,7.61E-07,none
Post Foods Canada Inc (O/A Weetabix Of Canada),157383,7.60E-07,none
Kent E Dunn Medicine Professional Corportion,157365,7.60E-07,none
416 Tactical Supply Inc,157326,7.60E-07,none
Victoria County Career Services Inc,157260,7.60E-07,none
Dragonfly Family And Learning Services Inc.,157240,7.60E-07,none
Morelli & Associates Drugs Ltd.,157158,7.59E-07,none
Niagara Falls Public Library,157058,7.59E-07,none
Culturelink Settlement And Community Services,156979,7.58E-07,none
Missanabie Cree First Nation,156976,7.58E-07,none
Hibbert Medicine Professional Corporation,156947,7.58E-07,none
Guenette Funeral Home,156911,7.58E-07,none
Murillo Mutts Respite Refuge,156856,7.58E-07,none
Qiagen,156779,7.57E-07,none
Burrison Hudani Doris Llp,156654,7.57E-07,none
791066 Ontario Inc. (O/A Ambs Industries),156618,7.57E-07,none
Dr Robert Rehaluk,156500,7.56E-07,none
Ontario Society For The Prevention Of Cruelty To Animals (Spca),156422,7.56E-07,none
Attuned Families,156400,7.56E-07,none
Sarah Atkinson,156121,7.54E-07,none
Halton Hills Hydro Inc,156058,7.54E-07,none
Reidarson Group Marine Animal Specialists,156018,7.54E-07,none
2532013 Ontario Inc.,156000,7.54E-07,none
Nova Hearing Corp.,156000,7.54E-07,none
Insight Safety And Sports Inc,155919,7.53E-07,none
Virginia L. Workman,155842,7.53E-07,none
Wenneker Woodworks Inc,155814,7.53E-07,none
Kim A. Annand,155800,7.53E-07,none
Lieutenant Governor's Discretionary Allowance/Allocation De La Lieutenant-Gouverneur,155800,7.53E-07,none
Gra Ham Energy Ltd.,155745,7.52E-07,none
Berry Growers Of Ontario,155536,7.51E-07,none
Ohe Consultants ,155330,7.50E-07,none
North Bay And District Humane Society,155295,7.50E-07,none
Fediuk Electric Inc,155293,7.50E-07,none
York Region Alliance Of African Canadian Communities,155280,7.50E-07,none
Township Of East Garafraxa,155275,7.50E-07,none
Gerald Brouillette,155111,7.49E-07,none
Ontario Pork Producers Marketing Board,155025,7.49E-07,none
"Opportunities United, Community Initiative",155000,7.49E-07,none
Solid Caddgroup Inc (O/A Solidcad Solutions),154987,7.49E-07,none
"Rona, Inc",154846,7.48E-07,none
V G Packers Limited,154780,7.48E-07,none
Ajax Public Library,154654,7.47E-07,none
Cleartone Hearing Centre,154500,7.46E-07,none
Sault Ste Marie North Planning Board,154500,7.46E-07,none
Custom Foam Systems Ltd,154416,7.46E-07,none
Kings Rehab Health Services Inc,154403,7.46E-07,none
On Behalf Of Regency Operator Gp Inc As General Partner,154373,7.46E-07,none
Pkware Inc,154282,7.45E-07,none
Robert Mcmaster Medicine Professional Corporation,154132,7.45E-07,none
Ergocentric Inc,154076,7.44E-07,none
"Ubhearing Ltd., Ontario Corporation No. 2677534",154000,7.44E-07,none
Mayfair Electric Limited,154000,7.44E-07,none
Northerntel Lp,153981,7.44E-07,none
Parent Preschool Resource Centre Of The National Capital Region Inc,153906,7.43E-07,none
Michael Colleton Medicine Professional Corporation,153900,7.43E-07,none
Big Brothers Big Sisters Of North Bay And District,153740,7.43E-07,none
Blacktech Hub,153700,7.42E-07,none
The Globe And Mail Inc,153657,7.42E-07,none
Sagatay Economic Development Lp,153616,7.42E-07,none
Ukrainian Canadian Social Services (Toronto) Inc,153547,7.42E-07,none
Public History Inc. (O/A Public History),153455,7.41E-07,none
Id Translation Services Inc.,153449,7.41E-07,none
Weir Gradall Limited,153426,7.41E-07,none
Seniors Association Kingston Region,153411,7.41E-07,none
Northern Commerce Inc. ,153386,7.41E-07,none
Hamilton Regional Indian Centre,153240,7.40E-07,none
Niagara Resource Service For Youth (O/A The Raft),153240,7.40E-07,none
Wyndham House,153240,7.40E-07,none
Home Hardware Stores Ltd.,153157,7.40E-07,none
W. O. Stinson & Son Ltd,153105,7.40E-07,none
Rorabeck Sowerby Theriault Llp,152941,7.39E-07,none
Arbitration Place Inc,152896,7.39E-07,none
Hot Zone Training Consultants Inc,152835,7.38E-07,none
South Essex Fabricating Inc,152625,7.37E-07,none
Btu Metals Corp,152575,7.37E-07,none
Troy White (O/A Troy White Homes & Sons),152550,7.37E-07,none
Dr. Alexander Von Gernet,152550,7.37E-07,none
Fastenal Canada,152531,7.37E-07,none
Arnprior Braeside Mcnab Seniors At Home Program Inc,152505,7.37E-07,none
"Leanne Nielson Audiology Professional Corporation, No. 002662516",152500,7.37E-07,none
779186 Ontario Inc,152500,7.37E-07,none
Thunder North Contracting Ltd,152380,7.36E-07,none
Global Learning Solutions Inc.,152318,7.36E-07,none
Rogers Communication (Mobile),152147,7.35E-07,none
Reticle Ventures Canada Inc. ,152087,7.35E-07,none
Leger Marketing Inc.,151985,7.34E-07,none
Eas Exhibition Services Inc,151940,7.34E-07,none
Wildlife Preservation Canada,151913,7.34E-07,none
Astley Gilbert Ltd. ,151902,7.34E-07,none
Beck Hearing Aid Centre Inc.,151850,7.34E-07,none
2452846 Ontario Inc.,151811,7.33E-07,none
Noble Corporation,151792,7.33E-07,none
Barbara Dyszuk,151709,7.33E-07,none
International Association Of Bridge Structural And Ornamental Iron Workers Local 736,151693,7.33E-07,none
Superior Adult Learning,151251,7.31E-07,none
Finan Home Service Ltd,151190,7.30E-07,none
Boys & Girls Clubs Of Thunder Bay,151132,7.30E-07,none
New School Foods Inc. (O/A New School Foods),151111,7.30E-07,none
The Collective ,151054,7.30E-07,none
Dell'Orletta Audiology Professional Corporation,151000,7.29E-07,none
Ck Ortho Inc.,150892,7.29E-07,none
Wasaya Airways Lp.,150874,7.29E-07,none
Louise Campagna,150855,7.29E-07,none
St Clair Region Conservation Authority,150825,7.29E-07,none
"Home Depot International, Inc.",150794,7.28E-07,none
Brantford Public Library,150751,7.28E-07,none
Triathlon Ontario,150670,7.28E-07,none
Shaw'S Ice Cream,150640,7.28E-07,none
Prison Dharma Network Inc,150571,7.27E-07,none
"Ontario Corporation # 1427796, Hemmerich Hearing Center Ltd.",150500,7.27E-07,none
C. Lipinski Audiology Professional Corporation,150350,7.26E-07,none
Taslim Alani-Verjee Psychology Professional Corporation O/A Silm Centre For Mental Health,150255,7.26E-07,none
Insight Canada Inc,150254,7.26E-07,none
Nicholas J Ferreira,150188,7.25E-07,none
Aboriginal Peoples' Alliance (Northern Ontario),150171,7.25E-07,none
Charbel El-Chaar,150108,7.25E-07,none
Global Language Interpretation And Translation Solutions Inc.,150008,7.25E-07,none
Wyloo Ring Of Fire Ltd.,150000,7.25E-07,none
Patches 360 Inc,150000,7.25E-07,none
Town Of Mississippi Mills,150000,7.25E-07,none
Sheik Halal Farms Inc,150000,7.25E-07,none
Golden Valley Farms Inc,150000,7.25E-07,none
Trim Stamping Inc,150000,7.25E-07,none
2519558 Ontario Ltd,150000,7.25E-07,none
Norfolk Packers Inc,150000,7.25E-07,none
Roos Meat Products Ltd,150000,7.25E-07,none
Tamsco Food Systems Inc,150000,7.25E-07,none
Gary Will Professional Corp. (O/A Will Trial Lawyers) ,150000,7.25E-07,none
Success Beyond Limits Education Program Inc,150000,7.25E-07,none
White Veal Meat Packers Ltd,150000,7.25E-07,none
Heritage Grown Inc,150000,7.25E-07,none
Prep Culinary Inc,150000,7.25E-07,none
2339562 Ontario Inc,150000,7.25E-07,none
2213256 Ontario Ltd,150000,7.25E-07,none
Zadi Foods Limited,150000,7.25E-07,none
1737457 Ontario Inc (O/A Etnico Foods),150000,7.25E-07,none
Youth Now On Track Services (Ynot Services),150000,7.25E-07,none
Pathways Training And E-Learning Inc,149928,7.24E-07,none
Cdw Canada Corp.,149901,7.24E-07,none
Dryden Native Friendship Centre,149885,7.24E-07,none
Cross-Cultural Community Services Association,149860,7.24E-07,none
Mclean Mediation And Arbitration Inc.,149806,7.24E-07,none
Chubb Life Insurance Company Of Canada,149738,7.23E-07,none
Ferme Avicole Laplante Ltee/Laplante Poultry Farms Ltd,149663,7.23E-07,none
Holmes & Brakel Ltd,149645,7.23E-07,none
Zaagidwin Ndaknaan: A Centre Of Excellence For Indigenous Midwifery,149500,7.22E-07,none
Armstrong Listening Labs Inc.,149500,7.22E-07,none
Masc-Arts Multiculturels Dans Les Ecoles Et Les Collectives,149500,7.22E-07,none
Hearing First Inc.,149500,7.22E-07,none
Goldblatt Partners Llp,149491,7.22E-07,none
Metalcor Building Systems Inc.,149300,7.21E-07,none
Dr Nsirim Medicine Professional Corporation,149277,7.21E-07,none
St. Joseph'S Health Care System,149200,7.21E-07,none
Ghd Digital (Canada) Limited,149160,7.21E-07,none
Crawford Veterinary Medicine Professional Corporation,149146,7.20E-07,none
Janice Ho,149118,7.20E-07,none
Ibew Local 120 Bulidng Corporation,149000,7.20E-07,none
Donnelly Murphy Lawyers Professional Corp.,148937,7.19E-07,none
Ontario Woodlot Association,148897,7.19E-07,none
Irvine And Irvine Funeral Home Ltd,148770,7.19E-07,none
Centre D' Education Et De Formation Pour Adultes,148763,7.19E-07,none
Peter Tsui,148736,7.18E-07,none
898652 Ontario Limited,148634,7.18E-07,none
Stopfalls Canada Inc.,148500,7.17E-07,none
"Ontario Corporation #002842501, Kingston Ear Institute Inc.",148500,7.17E-07,none
Dr Amanda Devraj Medicine Professional Corporation,148273,7.16E-07,none
Mcdowell Lake First Nation,148200,7.16E-07,none
Flying Colours International ,148116,7.15E-07,none
"Heather Giffin, Speech-Language Pathology, Professional Corporation",148071,7.15E-07,none
Magna International Inc,148000,7.15E-07,none
Matthew House Refugee Services (Ottawa) Inc (O/A Matthew House Ottawa),147966,7.15E-07,none
Ergo-Industrial Seating Systems Inc,147688,7.13E-07,none
Scott Fenton Professional Corp. (O/A Fenton Law Barristers),147676,7.13E-07,none
Eastern Ontario Removal Services,147578,7.13E-07,none
Brian A Fortune,147556,7.13E-07,none
15076692 Canada Inc,147519,7.13E-07,none
Fisher Farms Lawn Care,147507,7.13E-07,none
932787 Ontario Limited,147500,7.13E-07,none
Green Infrastructure Partners Inc.,147445,7.12E-07,none
Hm Youth Foundation,147278,7.11E-07,none
Equifax Canada Inc.,147181,7.11E-07,none
Earcare Hearing Center Inc.,147000,7.10E-07,none
Kerr Industries Ltd,146986,7.10E-07,none
"Ontario Corporation No. 1867564, Sense Of Hearing Inc.",146850,7.09E-07,none
Timmins Learning Centre Inc,146793,7.09E-07,none
Morse Canada Systems Inc,146774,7.09E-07,none
Ken Brownlee & Sons Equipment Corporation,146727,7.09E-07,none
Amelia N Levey,146496,7.08E-07,none
Tara Gatten Professional Corp.,146486,7.08E-07,none
Morningstar Research Inc,146448,7.07E-07,none
Huron County Public Library,146390,7.07E-07,none
Frank Cameron Law Office,146311,7.07E-07,none
"International Association Of Bridge, Structural, Ornamental & Reinforcing Iron Workers Local 759",146257,7.07E-07,none
Caron Equipment Inc.,146155,7.06E-07,none
Maxama Protection Inc,146059,7.06E-07,none
"2717897 Ontario Inc., Hometown Hearing Centre",146000,7.05E-07,none
Durham Deaf Services Inc,145865,7.05E-07,none
Fort Erie Meals On Wheels Inc,145649,7.04E-07,none
Milton Meals On Wheels,145506,7.03E-07,none
The George R Gardiner Museum Of Ceramic Art,145482,7.03E-07,none
Youth Centre For Sports Development,145207,7.01E-07,none
Cundari Group Ltd,145205,7.01E-07,none
Woodfield Canada Inc,145037,7.01E-07,none
Literacy Council Of North Timiskaming,144964,7.00E-07,none
Grain Farmers Of Ontario,144781,6.99E-07,none
Sault Ste Marie Region Conservation Authority,144690,6.99E-07,none
M Residential Real Estate Limited Partnership,144683,6.99E-07,none
Kau K. Woo,144650,6.99E-07,none
Sound Therapy / 2493586 Ontario Corporation Number,144500,6.98E-07,none
Cress Contracting Inc.,144388,6.97E-07,none
Stephen James Psychology Professional Corporation,144376,6.97E-07,none
Algoma Hearing Centre Inc.,144350,6.97E-07,none
"Manji Audiology Professional Corporation, Ontario Corporation No. 002787063",144350,6.97E-07,none
Ohsps Inc (O/A Url Training),144301,6.97E-07,none
Fish Farm Supply Co.,144249,6.97E-07,none
Internal Trade Secretariat Corporation,144193,6.97E-07,none
Tanvir Ahmed,144145,6.96E-07,none
Mirwais I. Wahidi,144134,6.96E-07,none
Huron County Housing Corp,144015,6.96E-07,none
K & H Audiology Inc.,144000,6.96E-07,none
Elizabeth Alice Ellis & Donald Joseph Lang,144000,6.96E-07,none
Ontario Amateur Kickboxing Council,144000,6.96E-07,none
Essential Hearing Services,144000,6.96E-07,none
1662864 Ontario Ltd (O/A Pelmen Foods),143887,6.95E-07,none
Rc Yantha Electric Ltd,143873,6.95E-07,none
Thayanithy T. Anthonipillai,143821,6.95E-07,none
English Language Arts Network - Ontario (O/A Elan - Ontario),143800,6.95E-07,none
Annie'S Bed & Biscuit,143795,6.95E-07,none
Hls Linen Services,143787,6.95E-07,none
Wahnapitae First Nation Indian Band Council (O/A Wahnapitae First Nation),143744,6.94E-07,none
Provincial Helicopters Ltd.,143691,6.94E-07,none
Nottawasaga Valley Conservation Authority,143681,6.94E-07,none
Northridge Funeral Home,143588,6.94E-07,none
Ojibway Nation Of Saugeen,143448,6.93E-07,none
Remarkable Interpreter & Translation Services Inc.,143437,6.93E-07,none
Vaughan Public Library Board,143234,6.92E-07,none
Ainsworth Inc,143163,6.92E-07,none
"Corporation Of The United Counties Of Stormont, Dundas & Glengarry O/A United Counties Of Stormont Dundas & Glengarry ",143077,6.91E-07,none
Foghi Legal Services Professional Corp.,143058,6.91E-07,none
Distinct Design General Contracting,143047,6.91E-07,none
Multicultural Assoc Of Northwestern Ont (Manwo),143000,6.91E-07,none
Kyla Niochet,142951,6.91E-07,none
Fitzgerald & Dionne ,142889,6.90E-07,none
Wacyk Adr Inc,142886,6.90E-07,none
"Ontario Corporation # 002360947, Independent Abilities Group Inc.",142886,6.90E-07,none
Soheila Khatami And Hamid Reza Khatami,142797,6.90E-07,none
The Canadian Hearing Society,142700,6.89E-07,none
Fort Garry Fire Trucks Ltd,142627,6.89E-07,none
Exceldor Foods Ltd,142522,6.88E-07,none
Mashal Hakimi,142408,6.88E-07,none
Debastos & Sons Ltd,142253,6.87E-07,none
10313033 Canada Inc,142252,6.87E-07,none
Carrier Canada,142246,6.87E-07,none
Rua Meats Ltd,142203,6.87E-07,none
2626900 Ontario Ltd (O/A Mastro Vinci),142200,6.87E-07,none
Township Of East Hawkesbury,142164,6.87E-07,none
Paytahpun Inc (O/A Paytahpun Fuels),142072,6.86E-07,none
Action Car And Truck Accessories Inc,142063,6.86E-07,none
Hearing Health Clinic Clinique De Sante Auditive (Hhc/Csa) Inc.,142000,6.86E-07,none
Trans Canada Safety Co,141928,6.86E-07,none
Khurram Makhmoor,141903,6.85E-07,none
Star Metroland Media Metroland Media Group Ltd,141861,6.85E-07,none
Hon. Victor Fedeli,141795,6.85E-07,none
Canadian Back Institute Operating Limited Partnership,141737,6.85E-07,none
Katalon Inc,141726,6.85E-07,none
David Pfingstgraef Joanne Parsons (O/A Elgin Audiology Consultants),141713,6.85E-07,none
Brenna Lanktree And Associates Inc,141700,6.84E-07,none
Omar M M Ghadieh,141665,6.84E-07,none
Genesis Metalworks Inc,141625,6.84E-07,none
Iserve Technology Consulting Ltd (Istcl),141589,6.84E-07,none
Ann Zora Korenic,141584,6.84E-07,none
2109756 Ontario Inc,141519,6.84E-07,none
Linde Canada Inc (O/A Oxy-Med),141429,6.83E-07,none
Sarah Hicknell,141424,6.83E-07,none
Zulema M. Ortega,141362,6.83E-07,none
The Soil Resource Group Ltd.,141250,6.82E-07,none
Eso Solutions Canada,141250,6.82E-07,none
Fatma Khalid,141050,6.81E-07,none
Epc Language Solutions Inc.,140931,6.81E-07,none
Aip Connect Inc,140920,6.81E-07,none
"Avison Young Valuation And Advisory Services, Lp",140770,6.80E-07,none
Dr P Diavolitsis Medicine Professional Corporation,140685,6.80E-07,none
Afghans Women'S Counselling & Integration Community Support Organization,140489,6.79E-07,none
Challenger Fleet Management Services Ltd.,140305,6.78E-07,none
Farm & Food Care Ontario,140284,6.78E-07,none
Burlington Hydro Electric Inc.,140176,6.77E-07,none
Societe De Protection Des Forets Contre Le Feu,140174,6.77E-07,none
Taiga Air Services Ltd.,140165,6.77E-07,none
Ardra Inc.,140121,6.77E-07,none
Kumail Karimjee Professional Corporation,140012,6.76E-07,none
Indspire,140000,6.76E-07,none
Ilham Tamari,139968,6.76E-07,none
Association Of Boards Of Certification (Abc),139825,6.75E-07,none
Dr. Melanie Strike,139777,6.75E-07,none
Dubai World Trade Centre Llc,139735,6.75E-07,none
Marta L. Mejia,139731,6.75E-07,none
Tvm Schoolhouse Inc,139684,6.75E-07,none
Dualicom Inc,139662,6.75E-07,none
Township Of Hudson,139650,6.75E-07,none
Centre De Formation Des Adultes Inc,139630,6.74E-07,none
Laurier Local Services Board,139531,6.74E-07,none
Alpha Hearing Centre Inc.,139500,6.74E-07,none
Newcomp Analytics Inc (O/A Newcomp Solutions),139469,6.74E-07,none
Jordash Trucking And Equipment,139270,6.73E-07,none
Sandra C. Grant,139253,6.73E-07,none
Timmins Native Friendship Centre,139249,6.73E-07,none
Kids With Incarcerated Parents (Kip) Canada,139220,6.73E-07,none
London Police Service,139210,6.72E-07,none
Tom Fisher Logging Inc.,139148,6.72E-07,none
Staples Inc,139142,6.72E-07,none
Munro & Morris Funeral Homes Ltd,139136,6.72E-07,none
Aenos Food Services Inc,139042,6.72E-07,none
Talk Is Free Theatre,139040,6.72E-07,none
P Bhatt Physiotherapy Professional Corporation,138996,6.71E-07,none
Focus Physiotherapy (Mississauga) Inc,138996,6.71E-07,none
Citron Hygiene Lp,138919,6.71E-07,none
Oxford County Public Library,138904,6.71E-07,none
Canadian Hearing Services,138893,6.71E-07,none
Misamikowis Community Economic Development Corporation,138668,6.70E-07,none
15740070 Canada Inc.,138528,6.69E-07,none
Centre D'Education Fianciere Ebo (Entraide Budgetaire Ottawa)O/A Ebo Financial Education Centre),138500,6.69E-07,none
Robillard Hearing Centres/2255790 Ontario Inc.,138500,6.69E-07,none
Plan Automation Inc,138364,6.68E-07,none
Sheena T. Lee-Lo,138358,6.68E-07,none
1276154 Ontario Limited,138263,6.68E-07,none
Perimeter Aviation,138259,6.68E-07,none
Newmarket Tay Power Distribution Ltd,138237,6.68E-07,none
Dr David A Chiasson Medicine Professional Corp,138100,6.67E-07,none
Antrim Mechanical Ltd,138020,6.67E-07,none
Chainalysis Investigations Solution,137975,6.66E-07,none
Big Brothers Big Sisters Of Halton And Hamilton,137910,6.66E-07,none
Lorelei Gutoskie,137815,6.66E-07,none
Costco Wholesale,137760,6.65E-07,none
Britt And Area Fire And Rescue Department,137760,6.65E-07,none
Cox Construction Ltd,137649,6.65E-07,none
Timiskaming Speech And Language Inc,137572,6.65E-07,none
Directions Evidence And Policy Research Group Llp,137506,6.64E-07,none
Saugeen First Nation (29),137500,6.64E-07,none
Foreman Manufacturing Inc,137413,6.64E-07,none
Marsh Canada Ltd ,137264,6.63E-07,none
Canafric Inc O/A Mortimer'S Fine Foods,137230,6.63E-07,none
Fuat Tuac,137227,6.63E-07,none
Ecosuperior ,137147,6.62E-07,none
2564694 Ontario Inc.,137000,6.62E-07,none
Warder Law Professional Corp.,136951,6.62E-07,none
Nadia Ghobrial,136830,6.61E-07,none
Deloitte Touche Tohmatsu Ltd.,136730,6.60E-07,none
Mental Health Innovations Consulting (Mhic),136723,6.60E-07,none
13453758 Canada Inc.,136566,6.60E-07,none
Lakeshore Paramedical Hearing Services Inc.,136500,6.59E-07,none
Chapleau Ojibwe First Nation,136364,6.59E-07,none
Delta Elevator ,136293,6.58E-07,none
Elliot Lake Palliative Care Program,136245,6.58E-07,none
777 Bay Management Services Inc,136224,6.58E-07,none
Standardbred Canada,136051,6.57E-07,none
Blue Ant Media Inc.,135989,6.57E-07,none
"Ontario Corporation # 1975578, Oc-Hearing Corporation",135950,6.57E-07,none
Vermeer Canada Inc,135949,6.57E-07,none
Township Of Cockburn Island,135925,6.57E-07,none
Gavin Mackenzie,135820,6.56E-07,none
Ontario Association For Family Mediation,135818,6.56E-07,none
Canadian Centre For Victims Of Torture,135779,6.56E-07,none
Janice Crane (O/A Crane Transcripts),135752,6.56E-07,none
Iclei - Local Governments For Sustainability ,135700,6.56E-07,none
Guelph Animal Hospital Professional Corporation,135647,6.55E-07,none
Sunshine Centres For Seniors,135615,6.55E-07,none
Conscia Corporation,135600,6.55E-07,none
Asp Security Services,135397,6.54E-07,none
Literacy Council Of York South,135388,6.54E-07,none
Sunshine Learning Centre Inc,135364,6.54E-07,none
Michael De La Roche Medicine Professional Corporation,135315,6.54E-07,none
Jalal Dehzani,135217,6.53E-07,none
Apitipi Anicinapek Nation*,135200,6.53E-07,none
Solstice Gold Corp,135109,6.53E-07,none
Lisa A. Johnson,135074,6.52E-07,none
Ash Education Inc.,135063,6.52E-07,none
Mary Grace Porras Lanceta,135000,6.52E-07,none
Ontario Culture Days,135000,6.52E-07,none
Steven N Cohen Medicine Professional Corporation,134920,6.52E-07,none
Jiyoung Hwang,134834,6.51E-07,none
Glacier Farmmedia Limited Partnership,134809,6.51E-07,none
Treescape Tree Care Professionals Limited,134771,6.51E-07,none
1924911 Ontario Inc.,134751,6.51E-07,none
Catherine Ball Physiotherapy Professional Corporation,134735,6.51E-07,none
Water Ski Wakeboard Ontario,134693,6.51E-07,none
Theresian Selvakumar,134692,6.51E-07,none
Classic Fire+ Life Safety,134670,6.51E-07,none
1490261 Ontario Inc O/S More Than Words Employment Services,134566,6.50E-07,none
Walmart Inc.,134509,6.50E-07,none
A.C. Technical Systems Ltd,134508,6.50E-07,none
Genumark Inc.,134484,6.50E-07,none
"Dr. Markowitz, Michelle",134405,6.49E-07,none
1401380 Ontario Limited (O/A Wilderness North Air),134403,6.49E-07,none
The Dam - Develop Assist Mentor,134340,6.49E-07,none
Hellenic Community Of Hamilton And District,134221,6.48E-07,none
Thm Canada,134096,6.48E-07,none
Federation Of Ontario Cottagers Associations ,134000,6.47E-07,none
North-Wood Garage Doors Ltd,133819,6.46E-07,none
Spanish/English Interpretation And Translation Services,133808,6.46E-07,none
"Ontario Corporation # 002484954, Audiosense Inc.",133767,6.46E-07,none
1816810 Ontario Inc. (O/A Kusnick Electric),133709,6.46E-07,none
Local Services Board Of Nolalu,133660,6.46E-07,none
Mike Litwin Fuels,133657,6.46E-07,none
Ontario Fencing Association,133638,6.46E-07,none
718645 Ontario Limited,133616,6.45E-07,none
2354683 Ontario Inc. (O/A Sound Septic Service),133596,6.45E-07,none
Chromatographic Specialities Inc,133561,6.45E-07,none
Centre De Counselling Familial De Timmins Inc.,133445,6.45E-07,none
Employee Development Learning Solutions (Edls),133312,6.44E-07,none
Parkland Fuel Corp.,133139,6.43E-07,none
Montego Farm,133091,6.43E-07,none
Abdifatah Ismail,133066,6.43E-07,none
1696906 Ontario Limited,133000,6.42E-07,none
Business Furniture Solutions (Canada) Inc. (O/A The Collective),132933,6.42E-07,none
Morrison Reid,132814,6.42E-07,none
Peterborough Public Library,132806,6.42E-07,none
Dale Hewat,132725,6.41E-07,none
Garry Erwin Shapiro,132662,6.41E-07,none
Assemblee De La Francophonie De L'Ontario,132500,6.40E-07,none
Enbridge Inc.,132400,6.40E-07,none
Ancora Technologies Inc,132357,6.39E-07,none
Construction And Allied Workers Local Union 607 Training And Education Fund (Liuna),132297,6.39E-07,none
Edelman Public Relations Worldwide Canada Inc (Edelman),132277,6.39E-07,none
Densan Consultants Ltd,132189,6.39E-07,none
Co-Ot Taxi (1999) Ltd,132146,6.38E-07,none
Lexisnexis Canada Inc. ,132137,6.38E-07,none
St. Leonard'S House (Windsor),132000,6.38E-07,none
"Ontario Corp. No. 1910052, Northumberland Hearing Centres Inc.",132000,6.38E-07,none
Global Hearing Aid Clinic Inc.,131850,6.37E-07,none
Holiday Inn Hotels & Resorts,131844,6.37E-07,none
Primary Electrical Supply,131831,6.37E-07,none
Armtec,131764,6.36E-07,none
Steven Leitman,131724,6.36E-07,none
Dr Alvin U Segal,131704,6.36E-07,none
"Surge Medical Supplies Inc., Ontario Corporation No. 002597723",131683,6.36E-07,none
Quinte United Immigrant Services (O/A Central Eastern Ontario Translation And Interpretation Services),131580,6.36E-07,none
Beck Hearing Aid Centre Inc,131542,6.35E-07,none
Emily Murphy Nonprofit Housing Corp,131494,6.35E-07,none
Vipond Inc,131459,6.35E-07,none
Saugeen Shores Chamber Of Commerce,131397,6.35E-07,none
Sky Gold Corp,131365,6.35E-07,none
E Givenrod-Wood Physiotherapy Professional Corp,131128,6.33E-07,none
Medical Centre Hearing Services,131100,6.33E-07,none
Timber Ridge Contracting Ltd.,130967,6.33E-07,none
Connex Telecommunications Inc (O/Aconnex Ontario),130900,6.32E-07,none
Danielle Serré Professional Corp.,130868,6.32E-07,none
S O Mcintyre Medicine Professional Corporation,130860,6.32E-07,none
Mte Consultants Inc,130833,6.32E-07,none
Pukka Inc,130752,6.32E-07,none
Rushnell Funeral Homes Inc,130632,6.31E-07,none
2627693 Ontario Inc.,130500,6.30E-07,none
Centre De Formation Pour Adultes De Greenstone,130314,6.29E-07,none
Mohammad Nasir,130250,6.29E-07,none
Hansler Smith Ltd,130092,6.28E-07,none
Niagara-On-The-Lake Community Palliative Care,130079,6.28E-07,none
Mohammad Mashari,130071,6.28E-07,none
Gutauskas Medicine Professional Corporation,130060,6.28E-07,none
Vsi Inc. (O/A Vista Security & Investigations),130054,6.28E-07,none
Boys & Girls Club Of East Scarborough,130000,6.28E-07,none
"National Council For Air And Stream Improvement, Inc",130000,6.28E-07,none
Informatica Llc,129974,6.28E-07,none
Chinese Cultural Centre Of Greater Toronto,129930,6.28E-07,none
Holland Marsh Grower'S Association,129900,6.27E-07,none
Talentclick Workforce Solutions Inc,129887,6.27E-07,none
Black Moose Outposts Ltd. (O/A Viking Outpost Air),129858,6.27E-07,none
Talbot Trail Physiotherapy Blenheim,129817,6.27E-07,none
Cfy Group Inc,129611,6.26E-07,none
Steelgate Security Products Ltd,129602,6.26E-07,none
Focus Physiotherapy (Brampton) Inc,129489,6.26E-07,none
Working Skills Centre,129461,6.25E-07,none
Gordon Y. Mcdiarmid Barrister And Solicitor,129421,6.25E-07,none
Adonai Residential Services Inc,129387,6.25E-07,none
Tina Dadgostari,129375,6.25E-07,none
Literacy Council Of Durham Region,129309,6.25E-07,none
Babbco Office Services Ltd.,129166,6.24E-07,none
Tempo Plastics Limited,129084,6.24E-07,none
Rene Giroux Men'S Wear Ltd.,129078,6.24E-07,none
2107369 Ontario Limited,129000,6.23E-07,none
Sense Of Hearing Canada Inc (O/A Sense Of Hearing),128959,6.23E-07,none
Victor C. Chua,128957,6.23E-07,none
Shafiee Nyestanak Medicine Professional Corporation,128945,6.23E-07,none
Parasport Ontario,128900,6.23E-07,none
Staples Canada Inc.,128873,6.23E-07,none
Westower Communications Ltd,128831,6.22E-07,none
Spark Power High Voltage Services Inc.,128829,6.22E-07,none
St Joseph Printing Limited,128827,6.22E-07,none
Blyth Centre For The Arts,128816,6.22E-07,none
Italian Contemporary Film Festival,128816,6.22E-07,none
Mariposa Folk Festival,128816,6.22E-07,none
Hillside Community Festival Of Guelph,128816,6.22E-07,none
Dixon Toronto Airport Holdings Inc.,128783,6.22E-07,none
Action Car & Truck Accessories,128620,6.21E-07,none
Amal Ismail,128589,6.21E-07,none
"2748505 Ontario Inc., Hear Right Canada",128500,6.21E-07,none
University Of Ottawa ,128449,6.20E-07,none
Mississippi Valley Conservation Authority,128436,6.20E-07,none
"Water Resources Consulting Services, Inc.",128431,6.20E-07,none
Clean Air Metals,128331,6.20E-07,none
Charles Nantel,128322,6.20E-07,none
Hornepayne First Nation Inc,128200,6.19E-07,none
Manon Ethier Audiologie Societe Professionnelle,128200,6.19E-07,none
Susan Rutherford Medicine Professional Corporation,128175,6.19E-07,none
8574987 Canada Inc. (O/A Woodland Heritage Northwest),128098,6.19E-07,none
Titan Contractors (Kenora) Ltd,128011,6.18E-07,none
Abdulkadir M Abow (O/A Abow Translations),127999,6.18E-07,none
Mohammad A. S. Lyasi,127984,6.18E-07,none
Waterloo Public Library,127888,6.18E-07,none
Township Of Kerns,127870,6.18E-07,none
Rosemont Exposition Services,127774,6.17E-07,none
Centre D'Alpha La Route Du Savoir,127760,6.17E-07,none
Manitoulin Non-Profit Homes Inc,127539,6.16E-07,none
Leanna Dunkel,127522,6.16E-07,none
St Marys Public Library Board,127479,6.16E-07,none
Clinisys Inc.,127327,6.15E-07,none
Conocophillips,127313,6.15E-07,none
14929004 Canada Inc.,127266,6.15E-07,none
Garland Kejick,127264,6.15E-07,none
West Physio,127194,6.14E-07,none
Barrie Scuba House Ltd,127188,6.14E-07,none
Somasundaram Srikathirgamanathan,127186,6.14E-07,none
Lake Of The Woods Adult Learn Line,127159,6.14E-07,none
Marketing Leger Inc/Leger Marketing Inc,127125,6.14E-07,none
Carfax Canada Ulc,127074,6.14E-07,none
Gregory Davies Medicine Professional Corporation,127031,6.14E-07,none
The Hearing Aid Centre,127000,6.13E-07,none
Murray Hearing Centre Inc.,127000,6.13E-07,none
1395559 Ontario Inc. (O/A Sturgeon Falls Auto Sports & Marine),126979,6.13E-07,none
3Play Media Canada Inc. O/A National Captioning Canada Inc.,126976,6.13E-07,none
Gfl Environmental Inc.,126969,6.13E-07,none
Royal Meats Inc,126900,6.13E-07,none
John A. Butt,126584,6.11E-07,none
Margo Professional Corporation (O/A Osborne Margo),126560,6.11E-07,none
Tpa North America Inc,126421,6.11E-07,none
Daniel A Harris,126411,6.11E-07,none
Gabriela Monterroso,126386,6.11E-07,none
Alternative Funeral Services,126313,6.10E-07,none
London Quality Dairy & Wholesale Products Ltd,126252,6.10E-07,none
Pearson Canada Assessment Inc,126165,6.09E-07,none
Ideal Supply Inc,126152,6.09E-07,none
Forest Glenn Tree Care Inc,126144,6.09E-07,none
Intergovernmental Committee On Urban & Regional Research (Icurr),126140,6.09E-07,none
Northern Ontario Audiology Services Ltd,126079,6.09E-07,none
Ontario Racing Management Inc.,126065,6.09E-07,none
Mccormick Audiology Professional Corporation,126020,6.09E-07,none
6304591 Canada Ltee (O/A Talbotville Car Guys),126001,6.09E-07,none
Canadian Wood Council,125858,6.08E-07,none
Pollard Windows Inc,125800,6.08E-07,none
Literacy Society Of South Muskoka Inc,125670,6.07E-07,none
"Shawn Bell, Lucas Jewitt (O/A Edwards Bell Jewitt Llp)",125659,6.07E-07,none
The Strategic Counsel,125656,6.07E-07,none
Minnesota Department Of Transportation,125578,6.07E-07,none
D Pearl & Sons Produce Ltd,125570,6.07E-07,none
Coletta Audiology Professional Corporation,125500,6.06E-07,none
Wesley Urban Ministries Inc.,125458,6.06E-07,none
Serenity Transfer Services,125409,6.06E-07,none
Gregory Chan (O/A Gmc Transcriptions),125407,6.06E-07,none
Rocky Bay Child & Family Services,125295,6.05E-07,none
"Ontario Corporation # 1919853, Essex Sleep & Respiratory Inc.",125186,6.05E-07,none
Linda Bleau (O/A Bleau Associates Inc.),125148,6.05E-07,none
Wabigoon Local Services Board,125028,6.04E-07,none
Crow Shield Lodge,125010,6.04E-07,none
Saunders Farm,125000,6.04E-07,none
Linamar Holdings Inc,125000,6.04E-07,none
Festival Management Committee,125000,6.04E-07,none
Children'S Festival De La Jeunesse,125000,6.04E-07,none
Windsor International Film Festival,125000,6.04E-07,none
Whatever Productions,125000,6.04E-07,none
Veld Music Festival Inc.,125000,6.04E-07,none
Toronto Biennial Of Art,125000,6.04E-07,none
Motoring Experiences Inc.,125000,6.04E-07,none
Jones Entertainment Group Inc.,125000,6.04E-07,none
Oakville Blades Centennial Corporation,125000,6.04E-07,none
Supercrawl Productions,125000,6.04E-07,none
Contact Photography Festival,125000,6.04E-07,none
Ontario Association Of School Business Officials (Oasbo),125000,6.04E-07,none
Huron Technologies International Inc,125000,6.04E-07,none
Pride Toronto,125000,6.04E-07,none
Inclusion In Canadian Sports Network (Icsn),125000,6.04E-07,none
Cravings Food Co.,125000,6.04E-07,none
Beerlicious Inc,125000,6.04E-07,none
Lambton Audiology Associates,125000,6.04E-07,none
"Arterra Wines Canada, Inc. Vins Arterra Canada, Inc.",125000,6.04E-07,none
Cityfolk Festival,125000,6.04E-07,none
Caribbean Promotions Arts & Culture Inc.,125000,6.04E-07,none
Lucknow And District Kinsmen Club Inc (O/A Lucknow Music In The Fields),125000,6.04E-07,none
Canadian Music Week Inc.,125000,6.04E-07,none
Canadian Tennis Association (O/A Tennis Canada),125000,6.04E-07,none
Canadian Salsa Festivals Project,125000,6.04E-07,none
Canadian Film Institute,125000,6.04E-07,none
Kenyon Agricultural Society,125000,6.04E-07,none
Niagara Grape And Wine Festival,125000,6.04E-07,none
Drayton Theatres Inc.,125000,6.04E-07,none
Lot 18 Productions Inc (O/A Riverfest Elora),125000,6.04E-07,none
Toronto International Film Festival,125000,6.04E-07,none
Kitchener Blues Community Incorporated,125000,6.04E-07,none
Toronto Downtown Jazz,125000,6.04E-07,none
"Christine Boehm, Ocularist",124987,6.04E-07,none
Xanalys Canada Inc,124858,6.03E-07,none
R B Rostek Construction Ltd,124856,6.03E-07,none
Matachewan First Nation,124854,6.03E-07,none
Thunder Airlines Ltd,124802,6.03E-07,none
Local Services Board Of Robinson,124645,6.02E-07,none
Teranet Inc.,124603,6.02E-07,none
Muhammad Shafiq,124600,6.02E-07,none
Dr John Teshima,124589,6.02E-07,none
Centre De Formation Manitouwadge Learning Centre,124560,6.02E-07,none
"Canada Corporation #8625174, Earsense",124550,6.02E-07,none
Forsite Consultants Ltd,124481,6.01E-07,none
Avolin Llc,124442,6.01E-07,none
Gateway Centre For Learning,124442,6.01E-07,none
Meals On Wheels Port Colborne Inc,124430,6.01E-07,none
Emeline E. Thermidor,124327,6.01E-07,none
Civicentric Inc. ,124300,6.00E-07,none
Mussio-La Grassa Inc.,124215,6.00E-07,none
Bluewater Respite Inc,124203,6.00E-07,none
Brampton Board Of Trade,124198,6.00E-07,none
Stevens Company Ltd,124122,6.00E-07,none
Neeta Desai,124109,6.00E-07,none
Windsor Essex Child/Youth Advocacy Center,123981,5.99E-07,none
Organization For Literacy In Lambton,123961,5.99E-07,none
Dr Jessica Robinson Medicine Professional Corporation,123950,5.99E-07,none
Eaton Industries (Canada) Company,123943,5.99E-07,none
Canadian Niagara Power Inc (O/A Eastern Ontario Power),123940,5.99E-07,none
Centre De Formation Pour Adultes Francophones A Timmins,123835,5.98E-07,none
Element General Contracting Inc,123814,5.98E-07,none
2724594 Ontario Inc.,123735,5.98E-07,none
1806159 Ontario Limited O/A Hartzel Mar,123712,5.98E-07,none
Lakefish Net & Twine,123617,5.97E-07,none
Ahmad F. Baloutch,123548,5.97E-07,none
"Picarro, Inc.",123501,5.97E-07,none
Avi-Spl Canada Ltd ,123411,5.96E-07,none
Healthmark Ltd,123327,5.96E-07,none
William J Komer Medicine Professional Corporation,123309,5.96E-07,none
Dr Emir Thomas Ali,123295,5.96E-07,none
Metro Toronto'S Largest Installation (2007) Ltd,123239,5.95E-07,none
Dr Meling Lee,123205,5.95E-07,none
Compucom Canada Co.,123202,5.95E-07,none
Spencer Macleod,123182,5.95E-07,none
Hitchon'S Hearing Centre Inc,123063,5.94E-07,none
Blanchfield Roofing Company Limited,122938,5.94E-07,none
Lancer Tiger Lofts Corporation,122892,5.94E-07,none
"Fisher Audiology Professional Corporation, Ontario Corporation No. 1000225664",122850,5.93E-07,none
Tulloch,122848,5.93E-07,none
Da-Lee Dust Control,122715,5.93E-07,none
Leveque Bros.,122707,5.93E-07,none
Christopher G. Knowles,122692,5.93E-07,none
Dr. Mark Pearce Medicine Professional Corp,122662,5.93E-07,none
Mega-Technical Holdings Ltd,122620,5.92E-07,none
Gpsgate Ab,122616,5.92E-07,none
Become Resilient Individuals Counselling,122550,5.92E-07,none
Love'S Tree Removal Ltd,122519,5.92E-07,none
Paul Plimmer & Associates Inc.,122500,5.92E-07,none
Solotech Inc.,122446,5.91E-07,none
Farhat & Mcgee Removals And Services Ltd,122413,5.91E-07,none
Racelogic Usa Corporation,122390,5.91E-07,none
Literacy Council Of Niagara West (Dba Niagara West Adult Learning Centre),122316,5.91E-07,none
Big Island First Nation,122300,5.91E-07,none
Sepideh Yari Pour Pharmacy Limited,122289,5.91E-07,none
"Ontario Corporation #1479165, Davidson Hearing Aid Centres Limited",122250,5.91E-07,none
Centre De Formation Cochrane-Iroquois Falls,122211,5.90E-07,none
Richmond Hill Public Library,122199,5.90E-07,none
Weiler Maloney Nelson Llp,122043,5.90E-07,none
Ernst & Young Orenda Corporate Finance Inc,122040,5.90E-07,none
Open-Mind Interiors Ltd,122015,5.89E-07,none
Kneaded Care Inc,121949,5.89E-07,none
Martel And Mitchell Rehabilitation Inc,121949,5.89E-07,none
Tim Allen'S Aerial Services,121814,5.88E-07,none
Walmart,121766,5.88E-07,none
Ex Libris (Usa) Inc. ,121750,5.88E-07,none
Jian H. Lin,121746,5.88E-07,none
Caledon Seniors Centre,121720,5.88E-07,none
French Family,121703,5.88E-07,none
2809126 Ontario Inc.,121610,5.87E-07,none
Death In Venice Gelato Comapany Inc,121510,5.87E-07,none
Peto Maccallum Ltd,121509,5.87E-07,none
"Ontario Corporation # 002525521, Curt Culford Audiologist Professional Corporation",121500,5.87E-07,none
Jml Engineering Ltd.,121452,5.87E-07,none
"Geosyntec Consultants International, Inc",121403,5.86E-07,none
Tammy Law Professional Corp.,121351,5.86E-07,none
Ojibways Of The Sheguiandah,121300,5.86E-07,none
"Ontario Corporation # 002594356, Cpap Air Inc.",121248,5.86E-07,none
Immigrant Services - Guelph - Wellington Inc,121233,5.86E-07,none
East York Learning Experience,121191,5.85E-07,none
Gloucester Non-Profit Housing Corp,121074,5.85E-07,none
Ats Automation Tooling Systems Inc,121000,5.84E-07,none
Saugeen Valley Conservation Authority,120883,5.84E-07,none
Amazon Toronto Office ,120793,5.83E-07,none
Breaking Down Barriers,120636,5.83E-07,none
Niagara Centre For Independent Living,120606,5.83E-07,none
2427458 Ontario Inc.,120575,5.82E-07,none
Buchanan Enterprises,120474,5.82E-07,none
Phara Westwinds Heights,120444,5.82E-07,none
Glen Cairn Community Resource Centre,120308,5.81E-07,none
Yves Bidal (O/A Fx Logistics),120147,5.80E-07,none
Miller Waste Systems Inc,120092,5.80E-07,none
1759184 Ontario Inc.,120075,5.80E-07,none
Restorative Justice Chatham-Kent,120010,5.80E-07,none
"Ontario Corporation # 002374248, Deegan Hearing Corporation",120000,5.80E-07,none
2022 Canada Games Sport Legacy Inc (O/A Sport Niagara),120000,5.80E-07,none
National Pasta Corporation,120000,5.80E-07,none
Symtech Innovations Ltd,120000,5.80E-07,none
Hear Now Hearing Healthcare Centre Inc.,120000,5.80E-07,none
Enginlabs Inc.,120000,5.80E-07,none
Solutions Auditives Annik Hearing Solutions,120000,5.80E-07,none
Cola'S Kitchen Inc.,120000,5.80E-07,none
Harvest Bioindustrial Group Inc.,120000,5.80E-07,none
Ontario Association For Counselling & Attendance Services,120000,5.80E-07,none
Cielito L. Drapeza,119994,5.80E-07,none
The Guelph Humane Society Inc,119883,5.79E-07,none
"  1 Member At 119,880.42",119880,5.79E-07,none
Mkwa Contracting Gp Ltd,119747,5.78E-07,none
Dr Terence Gregory Mihowich Medicine Professional Corporation,119738,5.78E-07,none
Sharon Leitch,119735,5.78E-07,none
Francis Thomas Contracting Company Ltd,119730,5.78E-07,none
Timmins & District Humane Society,119592,5.78E-07,none
Canadian Federation Of Independent Grocers,119511,5.77E-07,none
2550189 Ontario Inc. (O/A North Shore Forest Products),119449,5.77E-07,none
Bennett'S Marine Sales & Service Ltd,119364,5.77E-07,none
Platinum Liquidations Inc.,119345,5.77E-07,none
Overholt Medicine Professional Corporation,119242,5.76E-07,none
Poultry Specialties Inc,119227,5.76E-07,none
Dawn Marie Bennett Professional Corp.,119135,5.75E-07,none
Sommers Motor-Generator Sales Limited (O/A: Sommers Generator Systems),118873,5.74E-07,none
Veoci Inc,118820,5.74E-07,none
House Of Transcription Inc.,118806,5.74E-07,none
Simcoe Court Reporting Barrie Inc,118761,5.74E-07,none
"Alison R. Macdonald, Lawyer & Notary Public",118675,5.73E-07,none
Myrna Vodden,118602,5.73E-07,none
Hal Love Real Estate Advisory Services,118594,5.73E-07,none
Perfexia Inc,118581,5.73E-07,none
Brown Beattie O'Donovan Llp,118528,5.73E-07,none
Nadia Bhatti,118373,5.72E-07,none
Primespec,118349,5.72E-07,none
Runtime Collective Ltd,118314,5.72E-07,none
Lisa S. Labute,118164,5.71E-07,none
Galarneau & Associates,118164,5.71E-07,none
Navan Veterinary Services,117935,5.70E-07,none
Rees Scientific Corporation,117932,5.70E-07,none
Robert P. Williams,117859,5.69E-07,none
Pk Welding & Fabricators Inc.,117859,5.69E-07,none
Nwo Well Services Ltd,117858,5.69E-07,none
Yolanda Sutts Language Services Inc.,117853,5.69E-07,none
Lex Reporting Services,117771,5.69E-07,none
Mauro W. Dicarlo,117746,5.69E-07,none
Blended Perspectives Inc,117684,5.68E-07,none
1000120152 Ontario Inc.,117625,5.68E-07,none
Hue T. Ly,117600,5.68E-07,none
Cima+ Inc,117543,5.68E-07,none
Barrada Architects Inc,117413,5.67E-07,none
Mec Mountain Equipment Company Ltd.,117263,5.66E-07,none
Clare Humphreys,117241,5.66E-07,none
Jim F Aubie Jr,117011,5.65E-07,none
Bird Studies Canada,117000,5.65E-07,none
Jim Granger,116955,5.65E-07,none
Candiah Nadarajah,116933,5.65E-07,none
Bluewater Trailer Sales Ltd,116874,5.65E-07,none
Lac Seul Police Services Board Corp. (O/A Lac Seul Police Service) ,116808,5.64E-07,none
Itexpress Direct Inc,116769,5.64E-07,none
Yikai Men (O/A Wel Language & Business Services),116614,5.63E-07,none
Thermal Mechanical Systems Inc.,116601,5.63E-07,none
Parsons Inc.,116561,5.63E-07,none
Bgis Global Integrated Solutions Canada Lp./,116493,5.63E-07,none
Margaret A. Vicente Professional Corp.,116434,5.62E-07,none
Distribution Elite Canada Inc,116330,5.62E-07,none
Serge F. Treherne Professional Corp.,116319,5.62E-07,none
Wilson Piriz (O/A Wilson Translations And Research),116210,5.61E-07,none
Angie'S Pooper Pumping Septic Service,116201,5.61E-07,none
Rizwana Mahmood,116168,5.61E-07,none
Kristin Knoepfli,116161,5.61E-07,none
Major Nagra,116117,5.61E-07,none
Elaine A. Paquette,116062,5.61E-07,none
Su L. Chen,116004,5.60E-07,none
Superior Propane,115979,5.60E-07,none
Secure Orbit Inc (O/A Northwest Fencing/Northwest Culvert/Mills Industrial Suppl),115562,5.58E-07,none
Cti Working Environments Inc. ,115482,5.58E-07,none
Landmark Behaviour Inc,115438,5.58E-07,none
Co-Operators Life Insurance Company/Co-Operators Compagnie D'Assurance-Vie,115415,5.58E-07,none
Law Society Of Upper Canada (O/A Law Society Of Ontario),115281,5.57E-07,none
Iryna Andrenyuk,115246,5.57E-07,none
Arctic Relocatable Structures Inc,115192,5.56E-07,none
Zimmer Air Services Inc,115138,5.56E-07,none
Police Ordnance Company Inc,114851,5.55E-07,none
Dr Mikhail Epelbaum Medicine Professional Corp,114823,5.55E-07,none
Katherine Bobula,114791,5.55E-07,none
Intrinsik Corp,114749,5.54E-07,none
Assessmed Inc. (Canadian Rehabilitation Institute),114685,5.54E-07,none
Irene Fridman,114678,5.54E-07,none
Stellar Print Solutions,114661,5.54E-07,none
Marilyn Nairn,114632,5.54E-07,none
Hamilton-Toronto Area Process Serving Inc,114555,5.53E-07,none
Sullivan Mahoney Llp,114520,5.53E-07,none
Trent Hills & District Chamber Of Commerce Inc,114386,5.53E-07,none
Siskinds Llp,114283,5.52E-07,none
Emco Corporation,114281,5.52E-07,none
Dave Duhre,114279,5.52E-07,none
Lawrence G. Phillips,114231,5.52E-07,none
Richard Murray,114049,5.51E-07,none
Perch Bay Resort & Rv Park Ltd,114033,5.51E-07,none
Mandel Scientific Company Inc/La Compagnie Scientifique Mandel Inc,113958,5.50E-07,none
14981570 Canada Inc.,113945,5.50E-07,none
Mtcc Operations Limited Partnership (O/A Intercontinental Toronto Centre),113892,5.50E-07,none
Paula'S Canine Country Club,113791,5.50E-07,none
Hearst Air Service Ltd.,113786,5.50E-07,none
Brum'S Dairy Ltd,113749,5.49E-07,none
The Manufacturers Life Insurance Company,113726,5.49E-07,none
V Bindlish Medicine Professional Corporation,113701,5.49E-07,none
Scigiene Corporation,113578,5.49E-07,none
Russell Boucher,113546,5.48E-07,none
Sahar Al-Haddad Medicine Professional Corporation,113400,5.48E-07,none
"Davey Tree Expert Co. Of Canada, Limited",113365,5.48E-07,none
The Prince Arthur Waterfront Hotel,113271,5.47E-07,none
Christopher Duvernet ,113179,5.47E-07,none
Eva Lake Mining Ltd.,113157,5.47E-07,none
David Anderson,113152,5.47E-07,none
Abs Machining Inc,113075,5.46E-07,none
Toronto Global Forum,113000,5.46E-07,none
M K Talwar Medicine Professional Corporation,112819,5.45E-07,none
Documens Traduction Inc.,112694,5.44E-07,none
G Kilburn Veterinary Medicine Professional Corporation,112566,5.44E-07,none
Village Media Inc. ,112399,5.43E-07,none
Deborah Herriot-Howes,112367,5.43E-07,none
Paul J. B. Nielsen,112322,5.43E-07,none
Commvault Systems Canada Inc. ,112297,5.42E-07,none
Carolyn Shedletzky Medicine Professional Corporation,112238,5.42E-07,none
Ultimately Digital Inc.,111870,5.40E-07,none
1788296 Ontario Inc.,111775,5.40E-07,none
Dr. Treena D. Wilkie,111655,5.39E-07,none
Thunder Bay Aviation Ltd.,111644,5.39E-07,none
Black Creek Metal Inc,111426,5.38E-07,none
S&P Global Market Intelligence Llc,111364,5.38E-07,none
Mieske Forestry Inc,111335,5.38E-07,none
M'Cwabeni Medicine Professional Corporation,111250,5.37E-07,none
Jaswinder Vasrah,111128,5.37E-07,none
1000479251 Ontario Inc. (O/A Hd Contracting Enterprises),111038,5.36E-07,none
John Livey,111000,5.36E-07,none
Samuel M. Equbatsion,110695,5.35E-07,none
Eline R. Anders,110632,5.34E-07,none
Best Buy Canada Ltd.,110455,5.34E-07,none
Redline Packaging Ltd,110432,5.33E-07,none
Jailbird Design,110427,5.33E-07,none
The Friends Of Algonquin Park,110417,5.33E-07,none
Alfredo Suarez,110398,5.33E-07,none
Asbex Ltd. ,110263,5.33E-07,none
Grace Vaccarelli Professional Corporation,110175,5.32E-07,none
2690928 Ontario Inc.,110085,5.32E-07,none
Brigholme Inc. (O/A Brigholme Interiors Group),110034,5.32E-07,none
Cloud Synapps Inc.,110009,5.31E-07,none
Lp Analyst Lp,110000,5.31E-07,none
Brigitta Gothar,109929,5.31E-07,none
"Northerntel,Limited Partnership/ Northerntel,Societe En Commandite",109695,5.30E-07,none
Martha L. Chamberlain,109695,5.30E-07,none
Rocket Software Canada Inc./Logiciel Rocket Canada Inc.,109671,5.30E-07,none
"Canada North Environmental Services Inc, Kitsaki Development Corporation,Integrated Environmental Sciences Inc",109650,5.30E-07,none
Agro Zaffiro Llp,109592,5.29E-07,none
Ravinder S. Dheensa,109581,5.29E-07,none
Tracey Cook,109325,5.28E-07,none
D&Jp Pietrangelo Law,109108,5.27E-07,none
Cerilliant Corporation,108906,5.26E-07,none
Hon. Doug Ford,108869,5.26E-07,none
Mann Mccracken & Associates,108843,5.26E-07,none
Clarkway Construction Ltd,108706,5.25E-07,none
North West Company Lp,108700,5.25E-07,none
Lance C. Talbot,108586,5.25E-07,none
Caisar C. W. Warda,108577,5.24E-07,none
Puc Services Inc.,108553,5.24E-07,none
Strathcona Solutions Inc. ,108480,5.24E-07,none
Digital Fire & Security Services Inc ,108370,5.23E-07,none
Eshkaa Niibiish Day Inc,108358,5.23E-07,none
Paramount Landscaping Inc,108334,5.23E-07,none
Historice Consultants Inc.,108318,5.23E-07,none
P D Moran Medicine Professional Corporation,108204,5.23E-07,none
Ann Logan & Stefanie Rudd (O/A Third Street Law),108189,5.23E-07,none
Traduction Documens,108171,5.23E-07,none
Gholamreza Rezvani-Ghadimi,108155,5.22E-07,none
Glen Martin Ltd,108115,5.22E-07,none
Cheetah,108024,5.22E-07,none
"D. Christopher Climo, Cpa, Ca............................................................. ",107998,5.22E-07,none
Bernardi Human Resource Law Llp,107976,5.22E-07,none
Sandstone Treasures Inc,107975,5.22E-07,none
Metaligna Modular Inc,107929,5.21E-07,none
Computacenter Teramach Inc. ,107668,5.20E-07,none
Thomas A. Hewitt,107576,5.20E-07,none
Dr David Janhunen,107485,5.19E-07,none
Township Of Manitouwadge,107349,5.19E-07,none
Agc And Associates Inc,107236,5.18E-07,none
1922167 Ontario Inc. (O/A Diamond Cnc),107153,5.18E-07,none
Robert Gillezeau,107011,5.17E-07,none
John N. Davis,106870,5.16E-07,none
1552431 Ontario Inc (O/A Ecowater North),106867,5.16E-07,none
Drain Bros Excavating Ltd.,106853,5.16E-07,none
Ontario Aggregate Resources Corporation (Oarc),106835,5.16E-07,none
Yasser Metwally El Gohary Medicine Professional Corporation,106800,5.16E-07,none
Traductions A La Page,106785,5.16E-07,none
Iconix Waterworks Limited Partnership,106706,5.15E-07,none
Michael Scott Architect Inc. ,106571,5.15E-07,none
Andre Rajna,106559,5.15E-07,none
Sophia Reyes,106474,5.14E-07,none
Nicholas R. White,106333,5.14E-07,none
Charlene Kloos,106283,5.13E-07,none
Hillwy Juma,106239,5.13E-07,none
Aashto (American Association Of State Highway & Transport Officials),106237,5.13E-07,none
Waterford Property Group Ltd,106026,5.12E-07,none
Metro Aviation Inc,105652,5.10E-07,none
Alexandra R. Panke,105646,5.10E-07,none
Joseph D Carrier,105565,5.10E-07,none
Powerland,105523,5.10E-07,none
Marantz & Son Ltd,105327,5.09E-07,none
Integrated Insurance Resources Inc,105311,5.09E-07,none
Sandra Lee Watson,105151,5.08E-07,none
Hunter Aerospace,105071,5.08E-07,none
Lynch Fluid Controls Inc,105000,5.07E-07,none
Janet L. Smith,104956,5.07E-07,none
Marinas Enterprises Ltd,104935,5.07E-07,none
Leroy Construction (408761 Ontario Ltd O/A),104891,5.07E-07,none
Expo Canada France Inc.,104885,5.07E-07,none
Rps Real Property Solutions Inc,104853,5.06E-07,none
Mehran Farahi,104748,5.06E-07,none
Acquia Inc. ,104724,5.06E-07,none
Thiruchelvan Sivasamy,104644,5.05E-07,none
Chemise Empire Ltd,104615,5.05E-07,none
Dr. K E Turner,104519,5.05E-07,none
Anne C. Francisco,104439,5.04E-07,none
Arcadis Canada Inc,104395,5.04E-07,none
Sonepar Canada Inc,104367,5.04E-07,none
Unilogik Systems Inc,104288,5.04E-07,none
John C. Thompson,104077,5.03E-07,none
Brinc Drones,103930,5.02E-07,none
Dr Ryan Carlini Medicine Professional Corporation,103920,5.02E-07,none
Laurel J. Mcpherson,103904,5.02E-07,none
Samuel Charles Peter Bryson Medical Professional Corporation,103858,5.02E-07,none
Rajesh Macwan,103844,5.02E-07,none
Hilton Toronto/Markham Suites Conference Centre & Spa,103747,5.01E-07,none
Opti-Tech Scientific Inc,103738,5.01E-07,none
Paul Kursell Medicine Professional Corporation,103675,5.01E-07,none
Katherine Moran-Mcalpine,103599,5.00E-07,none
Future Transfer Co. Inc.,103546,5.00E-07,none
Espey D Robert Excavating & Septic Services Ltd,103452,5.00E-07,none
Victoria Nix,103395,4.99E-07,none
J Provost Contracting Ltd,103360,4.99E-07,none
Henderson Family Law,103204,4.99E-07,none
Frank Poce Medicine Professional Corporation,103161,4.98E-07,none
Withsecure Inc.,103113,4.98E-07,none
Nichevision Forensics Llc,103031,4.98E-07,none
Precisely Software Incorporated,102815,4.97E-07,none
Eckler Partners Ltd.,102795,4.97E-07,none
Mark'S Work Warehouse,102794,4.97E-07,none
Elizabeth Jane Rubenstein,102771,4.96E-07,none
Oxford Economics Usa Inc,102744,4.96E-07,none
Nms Labs,102743,4.96E-07,none
Remsoft Inc.,102559,4.95E-07,none
Campbell Scientific Canada,102541,4.95E-07,none
William Acres,102463,4.95E-07,none
Lois Robinson,102440,4.95E-07,none
Region Of Waterloo,102435,4.95E-07,none
Sarah J Keating Medicine Professional Corporation,102300,4.94E-07,none
Natalie T. Cooper,102244,4.94E-07,none
Smartsimple Software Inc,102039,4.93E-07,none
Qamar Faiz,101940,4.92E-07,none
Shaw Communications,101919,4.92E-07,none
Majd Jibrini,101817,4.92E-07,none
Kontent Us Llc,101774,4.92E-07,none
Qatalyst Research Group Inc.,101700,4.91E-07,none
Digital Governance Council,101700,4.91E-07,none
Catherine D. Purvis,101687,4.91E-07,none
Snapstream ,101600,4.91E-07,none
The Financial Times Limited,101600,4.91E-07,none
Tsewang Norbu,101501,4.90E-07,none
Fluid Management Systems Inc,101285,4.89E-07,none
Sara Zoghbi (O/A Lectures),101233,4.89E-07,none
1105729 Ontario Inc (O/A Classic Towing),101140,4.89E-07,none
Walco Inc,101138,4.89E-07,none
Next Generation Manufacturing Canada,101135,4.89E-07,none
11776746 Canada Inc.,101090,4.88E-07,none
Shore Consulting Group Inc.,101079,4.88E-07,none
Workers Health & Safety Centre,101017,4.88E-07,none
Sysco Corporation,100891,4.87E-07,none
Bayshore Healthcare Ltd,100841,4.87E-07,none
Iron Mountain Canada Operations Ulc (O/A Iron Mountain Canada),100736,4.87E-07,none
Waters Limited,100721,4.87E-07,none
Motorola Solutions Canada Ltd. ,100680,4.86E-07,none
Falconers Llp ,100627,4.86E-07,none
Execulink Telecom Inc.,100612,4.86E-07,none
J.D. Barnes Ltd.,100553,4.86E-07,none
Mediation Centre Inc.,100548,4.86E-07,none
A-Aaron Protection Services Inc.,100465,4.85E-07,none
Lowell Hunking (O/A Lowell Hunking Law Practice),100457,4.85E-07,none
Blackline Consulting,100317,4.85E-07,none
Swan And Saenz Llp,100317,4.85E-07,none
Suzi Yakop,100231,4.84E-07,none
Purolator Courier Ltd,100168,4.84E-07,none
Allan T Hirsch,100128,4.84E-07,none
Zayo Canada Inc,100030,4.83E-07,none
Vasiliki Spiliotopoulos,99999,4.83E-07,none
Mustang Survival Ulc,99968,4.83E-07,none
Nicole Beaudoin,99857,4.82E-07,none
Varkala Krishnamurthy,99829,4.82E-07,none
Kingsville Non-Profit Port Management Corp,99714,4.82E-07,none
Dov Hacham,99658,4.81E-07,none
Peter Weltman,99634,4.81E-07,none
Globalindustrialcanda,99632,4.81E-07,none
Starcom...................................................................................... ,99591,4.81E-07,none
Ebd Group Gmbh,99503,4.81E-07,none
Anne Y. Z. Cheng,99418,4.80E-07,none
Chinh Hoang,99404,4.80E-07,none
Michael Robb,99327,4.80E-07,none
Dryden Community Funeral Home Ltd,99321,4.80E-07,none
Joe Wright Barrister & Solicitor,99310,4.80E-07,none
Cloud Synapps Inc,99158,4.79E-07,none
Foster Townsend Graham & Associates,99103,4.79E-07,none
Tone Software Corporation,99103,4.79E-07,none
Island Funeral Home Ltd,98996,4.78E-07,none
Ambe Arts And Crafts Lp,98943,4.78E-07,none
Cintas Canada Ltd.,98919,4.78E-07,none
Foodland,98826,4.77E-07,none
Cgi Information Systems & Mgt. Consultants Inc.,98717,4.77E-07,none
Quadient Canada Ltd/Quadient Canada Ltee,98650,4.77E-07,none
2232260 Ontario Inc.,98577,4.76E-07,none
Jonathon Deluca,98569,4.76E-07,none
Erik E Grinbergs,98431,4.75E-07,none
Sandy M. Di Martino,98423,4.75E-07,none
Abraha Tekie,98407,4.75E-07,none
2845881 Ontario Inc,98200,4.74E-07,none
Acklands Grainger Inc,98170,4.74E-07,none
Rivington Commercial Appraisers Inc,98102,4.74E-07,none
Dr B Jay Thrush Veterinary Medicine Professional Corporation,98079,4.74E-07,none
Todd Perreault,98079,4.74E-07,none
Dr V Lao Medicine Professional Corporation,97835,4.73E-07,none
Cabela'S Retail Canada Inc.,97558,4.71E-07,none
Pgi Inc,97475,4.71E-07,none
Phil Mauer & Associates Inc,97138,4.69E-07,none
Christine A. Ready,97079,4.69E-07,none
Grace Pang,97064,4.69E-07,none
Stephen B. Collinson,97010,4.69E-07,none
Barbara N Morrison,96983,4.68E-07,none
Lynn F. Carriere,96939,4.68E-07,none
Gottlieb Family Law Professional Corp.,96890,4.68E-07,none
Eric Vallillee (O/A Vallillee Family Lawyers),96872,4.68E-07,none
Doosan Bobcat,96789,4.68E-07,none
Alexander & Houle Funeral Home Ltd,96782,4.68E-07,none
Diamond Plus Specialized,96739,4.67E-07,none
David Elhadad,96728,4.67E-07,none
Valley Fire Protection & Services Ltd,96714,4.67E-07,none
1000012293 Ontario Inc,96615,4.67E-07,none
Ivey Business School Foundation,96472,4.66E-07,none
Cs Enterprises Lp,96429,4.66E-07,none
2728018 Ontario Inc.,96308,4.65E-07,none
Suhas And Sangeeta Joshi Medicine Professional Corporation,96300,4.65E-07,none
Northern Precision Mfg Inc,96293,4.65E-07,none
Marandola Contracting Inc,96187,4.65E-07,none
Jacobs Consultancy Canada Inc,96166,4.65E-07,none
Consulting Matrix Inc,96126,4.64E-07,none
Vgr Investments Ltd. ,96089,4.64E-07,none
Tom Dellandrea,96050,4.64E-07,none
Jr Corner Store,95982,4.64E-07,none
Alla Saket Volodina,95945,4.63E-07,none
Leigh Fishleigh,95937,4.63E-07,none
Elena Bozovic,95809,4.63E-07,none
Global Experience Specialists Inc,95673,4.62E-07,none
Portage Cybertech Inc,95623,4.62E-07,none
Nicolle Kopping-Pavars,95577,4.62E-07,none
Impact Auto Auctions Ltd. (O/A Nor Ontario Auctions),95552,4.62E-07,none
"Sport, Physical Activity & Recreation Council (Sparc)",95500,4.61E-07,none
Laurie Noel (O/A Verona Sports And Variety),95494,4.61E-07,none
Manco Recycling Systems Inc,95466,4.61E-07,none
Mr Linen Laundry Service,95451,4.61E-07,none
Tricia Rudy Enterprises Inc.,95443,4.61E-07,none
Accuristix,95429,4.61E-07,none
Environmental 360 Solutions Ltd,95424,4.61E-07,none
Rajinder Singh,95399,4.61E-07,none
Arodal,95372,4.61E-07,none
David B. Russell,95372,4.61E-07,none
Brinks Canada Limited,95293,4.60E-07,none
The Manitoba Housing And Renewal Corporation,95292,4.60E-07,none
Mirems Ltd,95195,4.60E-07,none
Saunders Men'S Wear Ltd,95167,4.60E-07,none
D Koutsogiannis Medicine Professional Corporation,95100,4.59E-07,none
Brandi L. Neil,95083,4.59E-07,none
Mr. Janitorial Supplies ,94823,4.58E-07,none
Jorge F. Van Schouwen,94668,4.57E-07,none
Qmr Staffing Solutions Incorporated,94626,4.57E-07,none
Jeannine Rousselle,94566,4.57E-07,none
Wsa Hvacr Inc,94563,4.57E-07,none
C Belay Pharmacy Inc,94411,4.56E-07,none
William Sommer,94394,4.56E-07,none
Unified Engineering.Com Corp,94355,4.56E-07,none
Karbren Holdings Limited,94213,4.55E-07,none
David Trick And Associates Inc,94152,4.55E-07,none
Worthington Products Inc.,94089,4.55E-07,none
Akkodis Canada Inc.,94039,4.54E-07,none
Addario Law Group Llp,93912,4.54E-07,none
Wendy Nott Planning & Mediation Inc.,93903,4.54E-07,none
Stantec Inc,93872,4.53E-07,none
Tyler Wentzell Consulting Inc.,93840,4.53E-07,none
Artur Aniol,93756,4.53E-07,none
Maison Funeraire Lessard-Stephens Funeral Home,93727,4.53E-07,none
Reed Exhibitions Ltd,93719,4.53E-07,none
Thunder Bay Multi-Trades Inc,93705,4.53E-07,none
Atlantic Industries Ltd.,93688,4.53E-07,none
Fea Holdings Inc.,93660,4.52E-07,none
Wildroses Landscaping Corp.,93643,4.52E-07,none
Allmar Inc,93628,4.52E-07,none
Crate'S Lake Country Boats Inc,93608,4.52E-07,none
1778704 Ontario Ltd. (O/A Superior Landfill Management Services),93583,4.52E-07,none
Pyke-Hansford Hdw Inc,93516,4.52E-07,none
Bud Wright Hauling And Landscaping,93483,4.52E-07,none
State Of Washington,93477,4.52E-07,none
Waterfarmers Urban Agriculture Innovations Inc.,93441,4.51E-07,none
Firstcanada Ulc,93342,4.51E-07,none
Accurate Phc Inc,93155,4.50E-07,none
Ontario Oil Gas & Salt Resources Corporation,93098,4.50E-07,none
Hill Hunter Losell Law Firm Llp,93077,4.50E-07,none
Bearcom Canada Corp,93034,4.49E-07,none
2630383 Ontario Inc,92993,4.49E-07,none
Sukhpaul Tut (O/A Trillium Law),92944,4.49E-07,none
Flocor Inc.,92943,4.49E-07,none
Legacy Funeral And Cremation Services Inc,92936,4.49E-07,none
Compugen Inc,92808,4.48E-07,none
Antonina Oliinyk,92807,4.48E-07,none
Maccoubrey Funeral Home Ltd,92752,4.48E-07,none
Marketing Leger Inc,92660,4.48E-07,none
Thomson Reuters,92646,4.48E-07,none
Canadian Urban Transit Association (Cuta),92621,4.47E-07,none
Miriam B. Compagnoni,92611,4.47E-07,none
Serenity Burial & Cremation Services Inc,92555,4.47E-07,none
Darta Enterprises Inc.,92540,4.47E-07,none
Dr. Achal Mishra Medicine Professional Corp,92516,4.47E-07,none
S. Denyse Diaz Professional Corp.,92460,4.47E-07,none
Carmen-Daniela Hritcu,92276,4.46E-07,none
Consilium Marine & Safety Canada Incorporated,92274,4.46E-07,none
Barrys Bay Home Hardware Building Centre,92236,4.46E-07,none
Tab Products Of Canada Ltd.,92217,4.45E-07,none
Peter J Berlingieri Professional Corporation,92172,4.45E-07,none
Syntax Transcription Inc,92166,4.45E-07,none
Shopstix Inc. (O/A Avshop.Ca),92052,4.45E-07,none
Fitzpatrick Law Office,92029,4.45E-07,none
Donohoe Mobile Veterinarian,91978,4.44E-07,none
Andre G Lamoureux (O/A Agl Property Management),91946,4.44E-07,none
Juan A. Diaz Sananes,91939,4.44E-07,none
1221807 Ontario Inc (O/A Aquateck),91893,4.44E-07,none
Fresh Start Foods Canada,91881,4.44E-07,none
Sarjeant Company Ltd,91801,4.43E-07,none
Phyllis Torrance,91749,4.43E-07,none
David J. Elliott,91724,4.43E-07,none
Outedge Media Canada Lp ,91681,4.43E-07,none
Feldman Optimal Outcomes Inc,91666,4.43E-07,none
Cognizant Technology Solutions Canada Inc.,91530,4.42E-07,none
1972404 Ontario Inc.,91454,4.42E-07,none
Bonnie Goldberg,91443,4.42E-07,none
Megan J. Pallett,91394,4.41E-07,none
Elizabeth M. Walsh,91319,4.41E-07,none
Empire Sealing & Paving Ltd.,91310,4.41E-07,none
Larco Hospitality Inc.,91298,4.41E-07,none
Les Aliments Matrix Inc,91220,4.41E-07,none
Meeser Forestry Services Limited,91185,4.40E-07,none
Levac Supply Limited,91146,4.40E-07,none
Rogers Communications Canada Inc. Cash Management,91062,4.40E-07,none
Mary Hartley,91030,4.40E-07,none
Venky Rao Expo Consultants Inc,90999,4.40E-07,none
Toronto Home Shows Lp,90965,4.39E-07,none
Samantha Mardlin,90847,4.39E-07,none
Anne F. Calpin,90750,4.38E-07,none
A Supreme Nursing And Home Care Services Inc,90715,4.38E-07,none
Gryphon Engineering Services,90639,4.38E-07,none
Dynamsoft Corporation,90550,4.37E-07,none
Tanya Farkouh Martin Professional Corp.,90542,4.37E-07,none
Earnscliffe Strategy Group Gp,90519,4.37E-07,none
Hts Engineering Ltd,90490,4.37E-07,none
Grayce Daley,90485,4.37E-07,none
Federal Dynamics Corporation,90451,4.37E-07,none
1603933 Ontario Inc. (O/A E. Beryl Macmillan),90422,4.37E-07,none
Kpmg Llp ,90400,4.37E-07,none
Levio Conseils Inc.,90400,4.37E-07,none
Queue-It Inc,90391,4.37E-07,none
Caseware International Inc,90386,4.37E-07,none
"Sabourin, Josee Celine",90368,4.37E-07,none
Nova Networks Inc,90361,4.36E-07,none
Pl Technology Solutions Inc,90327,4.36E-07,none
Dr Ardit Deliallisi Medical Professional Corporation,90300,4.36E-07,none
Toromont Cat,90229,4.36E-07,none
Robert J. Bourgon & Associates Ltd (O/A Bourgon Construction),90154,4.35E-07,none
Fournier Cremation Ltd/Cremation Fournier Ltee,90093,4.35E-07,none
Bluewater Power Distribution Corporation,89903,4.34E-07,none
Helen Kurgatnikov Miller,89866,4.34E-07,none
Augusta Fruit Market Ltd. ,89822,4.34E-07,none
Carib Counselling & Psychotherapy,89804,4.34E-07,none
Rl All Terrain Services Ltd.,89763,4.34E-07,none
Damen Services B V,89705,4.33E-07,none
Anil Joseph Medicine Professional Corporation,89700,4.33E-07,none
Dr Leon Lerm Medicine Professional Corporation,89688,4.33E-07,none
Lexisnexis Inc,89658,4.33E-07,none
Maryana Kravtsenyuk Medicine Professional Corp.,89609,4.33E-07,none
Take Action Nursing Limited,89576,4.33E-07,none
Family Matters Niagara Inc.,89341,4.32E-07,none
Fraser Kelly,89315,4.31E-07,none
Sq Uniformone,89272,4.31E-07,none
North West Industries Inc,89270,4.31E-07,none
Carol Mcnamara,89200,4.31E-07,none
Julie C. Volkmann,89198,4.31E-07,none
"Nitso Holdings Inc, (O/A Five Brothers Hospitality Partnership)",89116,4.30E-07,none
Bmc Pharmacy,89026,4.30E-07,none
Charles R. Rolston,88956,4.30E-07,none
Hamid Khatami,88954,4.30E-07,none
Projects By 91 Inc.,88937,4.30E-07,none
Stuffed Animal House Ltd,88921,4.30E-07,none
Cooksville Interiors Ltd.,88807,4.29E-07,none
Ltl Group,88795,4.29E-07,none
The Canada Life Assurance Company Great West Life Assurance,88682,4.28E-07,none
Allen Skuce Barrister & Solicitor,88632,4.28E-07,none
Maria Isabel Bellon,88592,4.28E-07,none
A & A Services And Marine Contracting Ltd.,88592,4.28E-07,none
Zoltan Deseo,88562,4.28E-07,none
Veteran Cab Company,88528,4.28E-07,none
Attila Darvas,88491,4.27E-07,none
Elissa M. Reimer (O/A Elissa Hines Reimer),88479,4.27E-07,none
Abdollah Zahiri,88425,4.27E-07,none
4Imprint Inc,88376,4.27E-07,none
Leader Manufacturing Inc (Leader Frames),88309,4.27E-07,none
Foreman Rosenblatt & Lewis In Trust,88211,4.26E-07,none
Dr. Brian A. Ballantyne,88200,4.26E-07,none
City Electric Supply Corporation,88174,4.26E-07,none
H Sudan And Company Inc,88140,4.26E-07,none
Claudius Koosees (O/A Claudius And Son'S Equipment Services),88130,4.26E-07,none
Tia S. Mccalla,88082,4.25E-07,none
Williams Hr Law Llp,88028,4.25E-07,none
Biotechnology Innovation Organization (Bio),87961,4.25E-07,none
Sasi Spring Water,87908,4.25E-07,none
Brown Book Company [Bbc] Ltd. ,87853,4.24E-07,none
Mds Aero Support Corporation,87837,4.24E-07,none
Isa Cybersecurity Inc. ,87758,4.24E-07,none
Tim Rainone O/A Rainone Services,87748,4.24E-07,none
Massey Wholesale Ltd,87711,4.24E-07,none
Structura Engineering Inc.,87665,4.23E-07,none
Eliot Roofing Ltd.,87660,4.23E-07,none
Association Of Municipalities Of Ontario,87608,4.23E-07,none
Enbridge ,87559,4.23E-07,none
John Sotirakos,87519,4.23E-07,none
Voltaire Communications Corporation,87441,4.22E-07,none
Dr. Sherri Cox,87337,4.22E-07,none
Creative Currency Inc,87293,4.22E-07,none
Jml Engineering Ltd,87259,4.22E-07,none
Dr Peter Kondra,87230,4.21E-07,none
Jgw Machine Ltd,87203,4.21E-07,none
Jim Nichols Trucking Ltd.,87186,4.21E-07,none
Esit Canada Enterprise Services Co................................... ,87162,4.21E-07,none
Canada Computers,87159,4.21E-07,none
Kutting Edge Inc,87130,4.21E-07,none
Cedar Signs Inc,87121,4.21E-07,none
Rodrigo E. Hernandez,87119,4.21E-07,none
Phenomenex Inc,87087,4.21E-07,none
Sea Synergy Consulting Ltd,87010,4.20E-07,none
Unit Park Management Inc,86995,4.20E-07,none
Gregory J. Barker,86784,4.19E-07,none
Paola Lorenzini,86686,4.19E-07,none
Jason Mcgogy,86665,4.19E-07,none
Wolseley Canada Inc.,86653,4.19E-07,none
Legislative Counsel ,86613,4.18E-07,none
Commissionaires Canada,86335,4.17E-07,none
M.D. Charlton Co. Ltd. O/A Mdc Law Enforcement &,86325,4.17E-07,none
Bohamgaz Inc,86303,4.17E-07,none
Chris Lefebvre,86274,4.17E-07,none
Abigail Choo (O/A Korean Interpretation & Translation Services),86235,4.17E-07,none
Sigma Assessment Systems Ltd,86187,4.16E-07,none
"David Capulli, Anthony Capulli (O/A Capulli Law Llp)",85852,4.15E-07,none
True North Safety Group Incorporated,85775,4.14E-07,none
Expedition Helicopters Inc,85709,4.14E-07,none
Imagewear Canada,85527,4.13E-07,none
Mary Patricia Reilly (O/A Law Office Of T Edgar Reilly),85493,4.13E-07,none
Scott C. Vining Barrister & Solicitor,85363,4.12E-07,none
Planet Labs Geomatics Corp,85349,4.12E-07,none
Linde Canada Inc,85333,4.12E-07,none
"Marriott International, Inc.",85328,4.12E-07,none
Debora D. Charron,85262,4.12E-07,none
2337585 Ontario Inc,85212,4.12E-07,none
Kc Security Services,85123,4.11E-07,none
Capital Therapy Services Inc,85116,4.11E-07,none
Jeannette Gillezeau,85089,4.11E-07,none
Stephen I. Beck,85017,4.11E-07,none
Certified Energy Solutions Inc,85000,4.11E-07,none
Serge Bisson,85000,4.11E-07,none
Safe Software Inc.,85000,4.11E-07,none
Bt/A Advertising Inc,84947,4.10E-07,none
Reva Devins Dispute Resolution Inc,84881,4.10E-07,none
Nella Cutlery & Food Equipment Inc. ,84777,4.10E-07,none
Lock City Dairies Inc,84777,4.10E-07,none
Gawas Farm,84750,4.09E-07,none
Corridor Construction Lp,84750,4.09E-07,none
Made Manifest Inc,84750,4.09E-07,none
Van Osch Innovations Ltd,84735,4.09E-07,none
Riggs Engineering Ltd,84688,4.09E-07,none
Ankush Chander Medicine Professional Corporation,84600,4.09E-07,none
Hexagon,84569,4.09E-07,none
Leco Instruments Ltd,84503,4.08E-07,none
Brad Hominick Productions Ltd,84452,4.08E-07,none
Fitch Solutions Inc,84422,4.08E-07,none
Sinclair Dental Co Ltd,84388,4.08E-07,none
University Of Alberta,84247,4.07E-07,none
"Illumina Canada, Inc.",84222,4.07E-07,none
Taboo,84204,4.07E-07,none
Summertime Holdings Inc,84178,4.07E-07,none
Rona,84130,4.06E-07,none
"Pepsico, Inc.",84086,4.06E-07,none
Lanier Healthcare Canada,84074,4.06E-07,none
Aladtec Inc,84041,4.06E-07,none
Carbon Management Canada Inc.,83882,4.05E-07,none
Dr. J. Prpic Medicine Professional Corporation,83808,4.05E-07,none
Sudbury Regent Street Inc,83763,4.05E-07,none
Bradshaw Consulting Services Inc,83731,4.04E-07,none
Zero 1 Exhibitions Limited,83635,4.04E-07,none
Julie Findlay,83620,4.04E-07,none
Aig Insurance Company Of Canada (O/A Chartis),83606,4.04E-07,none
Bnl Northwestern Enterprises Ltd.,83427,4.03E-07,none
Catherine A. Reid,83354,4.03E-07,none
Vanassa Richards-Thompson,83283,4.02E-07,none
Samir Gerbou,83253,4.02E-07,none
Insurance Bureau Of Canada,83150,4.02E-07,none
Snapstream,83100,4.01E-07,none
Far North Contracting Inc.,83003,4.01E-07,none
Linde,82955,4.01E-07,none
Tompkins Outdoors,82947,4.01E-07,none
Eastlink,82902,4.00E-07,none
Laura M. White Professional Corp.,82829,4.00E-07,none
Great Lakes Forest Fire Compact,82806,4.00E-07,none
Sivanandachelvan Thillainathan,82713,4.00E-07,none
966021 Ontario Ltd,82707,4.00E-07,none
Lexisnexis Canada Inc,82534,3.99E-07,none
Mckeil Marine Ltd,82533,3.99E-07,none
Arco Inc. Group Ltd.,82425,3.98E-07,none
Dalex Canada Inc,82403,3.98E-07,none
Tidal Sw Inc. (O/A Tidal Migrations),82377,3.98E-07,none
Dhi Water & Environment,82348,3.98E-07,none
Lucy Aita,82321,3.98E-07,none
Angela Jeffrey,82264,3.97E-07,none
Boudreau-Espley-Pitre Corporation (O/A Bestech),82223,3.97E-07,none
"Robert Mcmullan, Michelangelo Mule (O/A M & M Fit Testing)",82108,3.97E-07,none
Perron Law Firm Professional Corp.,82058,3.96E-07,none
Dufferin Veterinary Services Professional Corporation,81933,3.96E-07,none
Natural Resources Canada,81925,3.96E-07,none
Stephen F Murray,81923,3.96E-07,none
Universal Interpreter Services Of Peel,81917,3.96E-07,none
Kinisi Moving Corp,81826,3.95E-07,none
Dr. Julian Gojer Medicine Professional Corp.,81784,3.95E-07,none
Ian D. Scott,81679,3.95E-07,none
Simcoe Funeral Home Inc,81672,3.95E-07,none
Feldcamp Equipment Limited,81575,3.94E-07,none
School Boards' Co-Operative Inc (Sbci),81506,3.94E-07,none
Glenn Ambrose,81435,3.93E-07,none
Terra Nova Now Trans,81427,3.93E-07,none
Patricia L. Meehan,81413,3.93E-07,none
Walden Animal Hospital,81401,3.93E-07,none
Nancy L. Macdonald,81360,3.93E-07,none
Christine Serbina Knight,81271,3.93E-07,none
Biodetection Systems B.V.,81270,3.93E-07,none
William Day Construction Ltd,81265,3.93E-07,none
In Twin City Mechanic,81258,3.93E-07,none
Tirizia Jajou,81211,3.92E-07,none
Luborsky Adr Services Inc,81157,3.92E-07,none
1425445 Ontario Limited (O/A Utilities Kingston),81084,3.92E-07,none
Elite Digital Inc.,81031,3.91E-07,none
Ic Controls Ltd./Ltee,81009,3.91E-07,none
International Registration Plan (Irp) Inc,80989,3.91E-07,none
Gardiner Roberts Llp,80987,3.91E-07,none
Metocean Telematics ,80937,3.91E-07,none
Waterloo Manufacturing Company,80906,3.91E-07,none
Theodore William Inc(O/A Twg Communications),80852,3.91E-07,none
The&Partnership Inc,80821,3.90E-07,none
Oset Institute,80820,3.90E-07,none
Harlan Realty Inc.,80795,3.90E-07,none
Dr. Mollot Medicine Professional Corporation,80758,3.90E-07,none
Bobcaygeon And Area Chamber Of Commerce,80735,3.90E-07,none
Wurth Canada Ltd,80660,3.90E-07,none
Nabatech Consultants Inc,80586,3.89E-07,none
Inficon Holding Ag,80558,3.89E-07,none
Little Lake Cemetery Company,80533,3.89E-07,none
Andrew Wiese Law Professional Corp.,80456,3.89E-07,none
Lagasco Inc.,80397,3.88E-07,none
Performance Assessment Network Inc,80393,3.88E-07,none
Paul P. Ip,80372,3.88E-07,none
Northwinds Environmental Services,80332,3.88E-07,none
Wd Tait Enterprises Ltd.,80246,3.88E-07,none
Ghd Ltd.,80174,3.87E-07,none
Schomberg Sheet Metal,80119,3.87E-07,none
Taxitab,80006,3.86E-07,none
Servicemaster Canada,79951,3.86E-07,none
Jean M. Blier,79939,3.86E-07,none
Greenland International Consulting Ltd,79925,3.86E-07,none
Kurita Canada Inc,79911,3.86E-07,none
Jasmine C. Gassi Professional Corp.,79875,3.86E-07,none
Dr Gf Denardi Medicine Professional Corp,79800,3.85E-07,none
Eliza Montour,79789,3.85E-07,none
Hospitals In-Common Laboratory Inc,79789,3.85E-07,none
Mekorma Enterprises,79631,3.85E-07,none
Poliwoda Translations,79552,3.84E-07,none
Livingworks,79476,3.84E-07,none
1578800 Ontario Inc,79416,3.84E-07,none
Triton Canada Inc.,79366,3.83E-07,none
Daniel Habte,79296,3.83E-07,none
"Mulligan, Patrick James",79235,3.83E-07,none
Calm.Com Inc.,79160,3.82E-07,none
Info-Tech Research Group Inc.,79157,3.82E-07,none
Beacon Events Management Pty Ltd,79142,3.82E-07,none
Silver Star Janitorial Services,79133,3.82E-07,none
Oakridge Animal Clinic Professional Corporation,79116,3.82E-07,none
Allyson Lunny (O/A Allyson Lunny Research),79100,3.82E-07,none
Renata Y. Duma,79089,3.82E-07,none
Andrea R. Toth,79070,3.82E-07,none
Ntc Reporting & Transcription Services Inc.,79057,3.82E-07,none
Atwill-Morin Associates Inc. ,78965,3.81E-07,none
James E. Weppler,78952,3.81E-07,none
K9 Dynamics Inc,78952,3.81E-07,none
Enable Training And Consulting Inc.,78874,3.81E-07,none
N Musisi Psychotherapy Professional Corporation (O/A Karibu Mental Health Network),78849,3.81E-07,none
Redwood Performance Group Inc,78720,3.80E-07,none
Veronika Krivankova,78693,3.80E-07,none
Jose C. Silva,78541,3.79E-07,none
Maryann Ouimet Bohumila Bednarova (O/A Benda Catering),78538,3.79E-07,none
Heritage Home Hardware Building Centre,78531,3.79E-07,none
Skinner Law Professional Corporation,78522,3.79E-07,none
Tnt Work & Rescue,78235,3.78E-07,none
Ontario Southland Railway Inc,78173,3.78E-07,none
Carmichael Engineering Ltd,78141,3.77E-07,none
Linda Lang O/A Georgian Bay Court Reporting And Transcription Services,78132,3.77E-07,none
Trudell Healthcare Solutions Inc,78118,3.77E-07,none
Government Of Yukon,78002,3.77E-07,none
De Lage Landen Financial Services Canada Inc,77992,3.77E-07,none
North Grey K9 Limited,77929,3.76E-07,none
Dr Vidyanand Budhram Singh,77920,3.76E-07,none
Elisabeth Gyorko,77881,3.76E-07,none
Province Of New Brunswick,77860,3.76E-07,none
Apotex Inc (O/A Apobiologix),77773,3.76E-07,none
Valin Partners Llp,77696,3.75E-07,none
Kbrs 2022 Ltd (O/A Meridia Recruitment Solution),77688,3.75E-07,none
Gwl Realty Advisors Inc.,77683,3.75E-07,none
Orkin Canada Corporation,77683,3.75E-07,none
Metric Storage Systems,77587,3.75E-07,none
Revay And Associates Limited/Revay Et Associés Limitée,77569,3.75E-07,none
Premier Continuum Inc,77564,3.75E-07,none
Keiba Designs,77544,3.75E-07,none
Ron Nowell,77465,3.74E-07,none
Telus Mobility,77417,3.74E-07,none
Stringer Llp Management Lawyers ,77329,3.74E-07,none
Marks & Ciraco Professional Corp.,77292,3.73E-07,none
Natural Asl Interpreting Inc.,77172,3.73E-07,none
777628 Ontario Ltd. (O/A Norcon Construction),77148,3.73E-07,none
Valeria Ruoso Barrister & Solicitor,77110,3.72E-07,none
Les Technologies Forensic (Canada) Inc,77090,3.72E-07,none
Smiths Detection Montreal Inc,76986,3.72E-07,none
Abell Pest Control Inc,76954,3.72E-07,none
Ninham Law Office,76944,3.72E-07,none
Linda Rankin Medicine Professional Corporation,76937,3.72E-07,none
Forensic Dynamics Inc,76933,3.72E-07,none
Informa Connect Usa Llc,76877,3.71E-07,none
Carole Vaillancourt,76856,3.71E-07,none
Watershed 144 Ltd,76852,3.71E-07,none
Get Go Inc,76840,3.71E-07,none
Municipal Engineers Association,76826,3.71E-07,none
Bennett Grant Llp,76792,3.71E-07,none
Kristen A. Morris,76776,3.71E-07,none
Florinda M. Peschisolido,76773,3.71E-07,none
Bbw International Inc.,76747,3.71E-07,none
Johnston Net & Twine Ltd.,76737,3.71E-07,none
Coop Edgar,76694,3.70E-07,none
Zuzek Inc.,76691,3.70E-07,none
Kristen L. Hales,76631,3.70E-07,none
"Tremblay, Daniel",76586,3.70E-07,none
Anjeline J. Thisairajah,76578,3.70E-07,none
Robins Naik Llp,76544,3.70E-07,none
Pedersen Construction Inc,76526,3.70E-07,none
Logan'S Of Parry Sound,76450,3.69E-07,none
Judy Cybulskie,76352,3.69E-07,none
Hands Of Blessing Agency Inc.,76339,3.69E-07,none
Donald S. Clarke,76307,3.69E-07,none
Tomasita T. Mendiola,76281,3.68E-07,none
13075567 Canada Inc.,76275,3.68E-07,none
Buffam Leveille Funeral Home Ltd,76248,3.68E-07,none
Badge Of Life Canada,76226,3.68E-07,none
Statements Media Inc ,76205,3.68E-07,none
Federal Express Canada Corp.,76202,3.68E-07,none
Dr Donald H Shattuck,76144,3.68E-07,none
Cheryl L. Spires (O/A Word Enchantment),76073,3.67E-07,none
Industrial Electrical Contractors Brockville Ltd,75943,3.67E-07,none
Silvacom Ltd.,75936,3.67E-07,none
Mso Construction Ltd,75915,3.67E-07,none
T Elsayegh Medicine Professional Corporation,75900,3.67E-07,none
1000928625 Ontario Inc.,75868,3.66E-07,none
Eabametoong First Nation Power Authority,75818,3.66E-07,none
Agat Laboratories Ltd,75773,3.66E-07,none
Informa Connect Limited,75718,3.66E-07,none
Triple Crown Industries Inc.,75717,3.66E-07,none
Cohen Highley Llp,75682,3.66E-07,none
Brown Book Company (Bbc) Ltd,75632,3.65E-07,none
Penswick Medicine Professional Corporation,75600,3.65E-07,none
Qujabr Merchandising Ltd,75575,3.65E-07,none
Drafting Clinic Canada Ltd,75564,3.65E-07,none
Canadian Safety Equipment,75543,3.65E-07,none
Edb Uk Limited,75543,3.65E-07,none
Victory Verbatim Reporting Services Inc.,75461,3.65E-07,none
Man Ha Cheung (O/A Eppie Cheung),75421,3.64E-07,none
Norfolk Disposal Services Ltd,75418,3.64E-07,none
Julien & Cormier Professional Corp.,75405,3.64E-07,none
Amanda R. Walker (O/A Muskoka Transcription Services),75403,3.64E-07,none
Hon. Stephen Lecce,75367,3.64E-07,none
Vertigis North America Ltd.,75339,3.64E-07,none
Dejero Labs Inc,75258,3.64E-07,none
Lorne Glass (O/A Glass And Associates),75201,3.63E-07,none
Province Of Ontario,75179,3.63E-07,none
Patrick Esmond Case (O/A Patrick Case),75145,3.63E-07,none
Amazon Canada,75134,3.63E-07,none
Kojo Institute Inc,75104,3.63E-07,none
Karen A. Beckett Barrister & Solicitor,75094,3.63E-07,none
Colour Industries Inc,75027,3.62E-07,none
Government Of The Province Of Saskatchewan,75000,3.62E-07,none
Nextalk Inc,75000,3.62E-07,none
Ecojustice Canada Society ,75000,3.62E-07,none
Karl Marx,74935,3.62E-07,none
B & F Shier Contractors Ltd,74891,3.62E-07,none
Martins Fire Safety Ltd,74867,3.62E-07,none
Spot Llc.,74851,3.62E-07,none
Meehan'S Industrial Maintenance Ltd,74850,3.62E-07,none
Korn Ferry (Ca) Ltd.,74750,3.61E-07,none
Oakham House O/B The Palin Foundation,74735,3.61E-07,none
"Mclaughlin & Associates, Inc.",74698,3.61E-07,none
Testerdigital O/A Eddt Inc,74580,3.60E-07,none
Syed Naqvi,74578,3.60E-07,none
Lisa L. Leiher,74549,3.60E-07,none
Towards Sustainable Infrastructure (Tsi) Inc,74530,3.60E-07,none
Beard Winter Barristers And Solicitors Llp,74472,3.60E-07,none
Amina Ali Medicine Professional Corp.,74411,3.59E-07,none
Giovanni Marcelli And Anna Marcelli,74333,3.59E-07,none
North Bay Hydro,74321,3.59E-07,none
Alan M. Gorth,74319,3.59E-07,none
Terraplus Inc,74267,3.59E-07,none
Embertech Industrial Inc.,74189,3.58E-07,none
Toronto Hydro-Electric System Limited,74127,3.58E-07,none
Michael Lynk Arbitration Inc,74074,3.58E-07,none
Enibas & Assosiates,74072,3.58E-07,none
Mimeri Investments Ltd (O/A Radiant),73947,3.57E-07,none
Evans Caseload Inc,73910,3.57E-07,none
Dafco Filtration Group,73875,3.57E-07,none
The Treadmill Factory,73794,3.56E-07,none
Shequita Thompson (O/A Str Consulting),73733,3.56E-07,none
Koshertrends,73416,3.55E-07,none
Battlefield Equipment,73396,3.55E-07,none
Eleanor Shaw,73394,3.55E-07,none
2870893 Ontario Inc,73313,3.54E-07,none
Metzger Veterinary Services Professional Corporation,73305,3.54E-07,none
Fedorchuk Masonry Ltd.,73290,3.54E-07,none
Margarida Pacheco,73200,3.54E-07,none
Jin J. Yu,73171,3.53E-07,none
Keith Snyder Construction Ltd,73143,3.53E-07,none
Armking Contracting Limited,73115,3.53E-07,none
Katherine Regimbal,73055,3.53E-07,none
Upper James Hotels Inc,73028,3.53E-07,none
"Clarion Events, Inc",73022,3.53E-07,none
Gary Spraakman (O/A S Consulting & Research),72998,3.53E-07,none
Cecilia A. Conover,72978,3.53E-07,none
Aircraft Spruce Canada,72958,3.52E-07,none
Catherine M. Smuk,72948,3.52E-07,none
Huron Tractor Ltd,72842,3.52E-07,none
Adrienne D. Cruz,72836,3.52E-07,none
Ctg Brands Inc.,72835,3.52E-07,none
Vita Obses Technology,72816,3.52E-07,none
Gat International Localization Service Inc.,72755,3.51E-07,none
Bay Lock & Security,72661,3.51E-07,none
Central Building Services ,72659,3.51E-07,none
"Blueprint Events, Llc",72638,3.51E-07,none
Silver Hotels (Vancouver) Ltd (O/A Novotel Toronto Centre),72630,3.51E-07,none
579453 Ontario Inc (O/A Mantech),72630,3.51E-07,none
Spectrum Networks Inc,72597,3.51E-07,none
1422022 Ontario Inc. (O/A Sierra Construction),72546,3.50E-07,none
Glory To,72509,3.50E-07,none
Clow Darling Ltd,72484,3.50E-07,none
Royal Canadian Legion (Ontario Command),72459,3.50E-07,none
Selene Plastic Bags,72429,3.50E-07,none
Day Communications Group Inc. ,72418,3.50E-07,none
Laeticia Eid Medicine Professional Corp.,72377,3.50E-07,none
A Seven Eleven Taxi Inc.,72350,3.49E-07,none
Eco Tree Care Inc,72320,3.49E-07,none
Brite Linen And Laundry,72269,3.49E-07,none
Beggs Funeral Home Ltd,72150,3.49E-07,none
Ericksons Llp,72113,3.48E-07,none
Rethink Communications Lp,72084,3.48E-07,none
Calibrate Solutions Inc,72060,3.48E-07,none
Persona Communications Inc (O/A Eastlink),71979,3.48E-07,none
Lori C. Macintosh Professional Corp.,71868,3.47E-07,none
Sonya Notturno (O/A Chenier & Notturno),71789,3.47E-07,none
Joshua Levy,71755,3.47E-07,none
Susan Maclaren (O/A Top Of The Bay Licences),71723,3.46E-07,none
Lan Ltd (O/A Lancaster House),71676,3.46E-07,none
"Kowalsky, Daryl",71631,3.46E-07,none
Welch Llp,71552,3.46E-07,none
Deborah Knight (O/A Knight Transcripts),71527,3.46E-07,none
Mctague Law Firm Llp,71512,3.45E-07,none
Avia Ng Inc,71507,3.45E-07,none
Budd Steele Dentistry Professional Corporation,71500,3.45E-07,none
Ats Healthcare Inc.,71500,3.45E-07,none
Compassion Institute Inc,71496,3.45E-07,none
Acklands-Grainger,71491,3.45E-07,none
Josephine Hurley (O/A J A Hurley Law),71335,3.45E-07,none
Town Of Penetanguishene),71325,3.45E-07,none
Sara J. Slinn Arbitration Services Inc.,71321,3.45E-07,none
Hamilton Company,71248,3.44E-07,none
O I International Labour Source Inc,71230,3.44E-07,none
Black And Mcdonald Limited ,71224,3.44E-07,none
Co-Op Cabs,71192,3.44E-07,none
Blown Away Property Services,71190,3.44E-07,none
John Mclellan Contracting Inc,71077,3.43E-07,none
Irma Niklas,71041,3.43E-07,none
High Purity Water Services Ulc.,71015,3.43E-07,none
Autoforecast Solutions Llc,70981,3.43E-07,none
The Driving Force Inc.,70972,3.43E-07,none
"Cd3, General Benefit Corporation",70932,3.43E-07,none
Joe Neniska & Sons Ltd,70894,3.42E-07,none
Tim Hortons,70800,3.42E-07,none
Primespec Distribution Inc,70796,3.42E-07,none
1708998 Ontario Ltd. (O/A Medical Courier Services),70768,3.42E-07,none
Haardeng Lutchin Mckenzie Middleton O'Brien Schulenberg Veterinary Medicine Professional Corporation,70754,3.42E-07,none
Niagara Veterinary Emergency Clinic,70725,3.42E-07,none
2734884 Ontario Inc,70693,3.41E-07,none
Harvest King Produce,70690,3.41E-07,none
Supply Line,70642,3.41E-07,none
Canor Construction,70633,3.41E-07,none
Optiv Canada Inc.,70622,3.41E-07,none
Teva Canada Limited,70579,3.41E-07,none
Vamsi Gandikota,70478,3.40E-07,none
Kelly Waddingham,70431,3.40E-07,none
King Animal Hospital,70380,3.40E-07,none
Norpro Security Ltd.,70371,3.40E-07,none
2746904 Ontario Inc. (O/A Pivot Airlines),70369,3.40E-07,none
Fitzgerald & Dionne,70368,3.40E-07,none
Michel Bedard (O/A Accuwrite),70345,3.40E-07,none
Caesars Entertainment Windsor Ltd (O/A Caesars Windsor),70344,3.40E-07,none
Yedishtra Naidoo Medicine Professional Corporation,70317,3.40E-07,none
2725312 Canada Inc. C/O Quadreal Property Group,70308,3.40E-07,none
Trane Canada,70286,3.40E-07,none
Ecoh Management Inc.,70198,3.39E-07,none
Gowling Wlg Canada Llp,70190,3.39E-07,none
Pp Inq Law,70186,3.39E-07,none
Syngrafii Inc,70173,3.39E-07,none
Rogers Communications Partnership,70132,3.39E-07,none
Embr Events Inc,70005,3.38E-07,none
"Mason, Dawn M.H.",70000,3.38E-07,none
Nvs Professional Corporation........................................................ ,70000,3.38E-07,none
Canadian Linen & Uniform Services,69966,3.38E-07,none
House Of Broadloom Ltd,69947,3.38E-07,none
Beth L. Gosselin,69786,3.37E-07,none
Kenneth E Schippling (O/A 1 Contact Safety Training & Consulting),69778,3.37E-07,none
Premier Tech Home & Garden Inc,69701,3.37E-07,none
Hana Ahmad-Yousuf,69674,3.37E-07,none
Modern Niagara,69651,3.36E-07,none
Spiegle Zahra Veterinary Medicine Professional Corporation,69649,3.36E-07,none
Dalton Consulting,69578,3.36E-07,none
Regency Electrical Contractors,69566,3.36E-07,none
Zyad Mohammed,69561,3.36E-07,none
Canadian Technical Solutions Inc.,69540,3.36E-07,none
Monotype Imaging Inc,69519,3.36E-07,none
M & G Fencing Inc,69498,3.36E-07,none
Wildlife Acoustics Inc.,69483,3.36E-07,none
Niagara River Trading Company,69353,3.35E-07,none
Total Transportation Solutions Inc,69350,3.35E-07,none
D And R Electronics,69227,3.34E-07,none
Teel Technologies Canada,69206,3.34E-07,none
Wyloo Pty Ltd.,69163,3.34E-07,none
Hon. Stan Cho,69133,3.34E-07,none
Veterinary Emergency Clinic,69085,3.34E-07,none
R&L Equipment Sales & Service Ltd,69066,3.34E-07,none
Fhc Hotels & Resorts Inc.,69038,3.33E-07,none
Anita Grewal Medicine Professional Corporation,68983,3.33E-07,none
Data Direct Group Inc.,68971,3.33E-07,none
Rbs,68944,3.33E-07,none
Yasmeen F. Mosa,68868,3.33E-07,none
Atlantic Packaging Products,68863,3.33E-07,none
Royal Canadian Legion,68813,3.32E-07,none
Country Paws Boarding Inc,68750,3.32E-07,none
Exxon Mobil Corp.,68680,3.32E-07,none
Rachel Maveneka,68671,3.32E-07,none
Community Alternative Funeral & Cremation Services Ltd,68667,3.32E-07,none
Cris C. Jones,68651,3.32E-07,none
Sirineni Veterinary Professional Corporation,68649,3.32E-07,none
Xianjun Liu (O/A Kingly Translations),68626,3.32E-07,none
Wyndham Hotels & Resorts Inc.,68609,3.31E-07,none
Prism Data Services Ltd,68563,3.31E-07,none
Rjr Innovations Inc,68493,3.31E-07,none
Provenzano Law Professional Corporation,68487,3.31E-07,none
Twenty6Two International Inc,68463,3.31E-07,none
Rasim Misheal Law Office,68429,3.31E-07,none
Prestige Verbatim Transcription,68380,3.30E-07,none
Watershed 144 Ltd.,68356,3.30E-07,none
Macnaughton Hermsen Britton Clarkson Planning Limited (O/A Mhbc Planning),68277,3.30E-07,none
Automated Logic Corporation,68255,3.30E-07,none
Torys Llp.................................................................................... ,68184,3.29E-07,none
Stacey Sheehan,68139,3.29E-07,none
Kathleen S. Hao,68077,3.29E-07,none
Abloy Canada Inc,68021,3.29E-07,none
Water Environment Federation Wef,68021,3.29E-07,none
2724074 Ontario Inc. 1048 Business Consultants,68019,3.29E-07,none
2554546 Ontario Inc.,68018,3.29E-07,none
Iapp ,67941,3.28E-07,none
Western Mechanical Electrical Millwright Services Ltd,67919,3.28E-07,none
Bureau Veritas Marine (Canada) Inc,67895,3.28E-07,none
Wood Mackenzie Inc,67890,3.28E-07,none
Hach Company,67881,3.28E-07,none
Dale Mado (O/A Dale Mado Bobcat & Bulldozer Services ),67873,3.28E-07,none
Softchoice Lp,67836,3.28E-07,none
Ingrid Rehkoph,67801,3.28E-07,none
Daisy Consulting Group Inc. ,67800,3.28E-07,none
Berg Communications Inc (O/A Wireless Personal Communications),67770,3.27E-07,none
Fiona Forsayeth,67699,3.27E-07,none
Steelhead Food Co,67691,3.27E-07,none
Nd Graphics Inc,67673,3.27E-07,none
Euroscript Canada Inc,67623,3.27E-07,none
8265836 Canada Inc. (O/A Falcon Security Services),67617,3.27E-07,none
Professional Court Reporters Inc.,67612,3.27E-07,none
Dr Melanie Strike,67575,3.26E-07,none
Stepping Forward Counselling Services,67474,3.26E-07,none
Victoria H. Lemoine,67444,3.26E-07,none
Kanwal P. Jammu,67439,3.26E-07,none
Accessibil-It Inc.,67348,3.25E-07,none
Juno Advisors Ltd,67292,3.25E-07,none
Melita Popic,67271,3.25E-07,none
Capital Events Llc,67269,3.25E-07,none
"Best Western International, Inc.",67243,3.25E-07,none
Barry'S Bay Dairy Ltd,67238,3.25E-07,none
Pa Miller Surveying Ltd.,67235,3.25E-07,none
2866601 Ontario Inc O/A Total Septic,67235,3.25E-07,none
Precisely Software And Data Canada Inc,67232,3.25E-07,none
Zoom Video Communications Inc,67228,3.25E-07,none
Artistic Frameworks,67186,3.25E-07,none
Overburden Drilling Management Ltd,67172,3.24E-07,none
Costco Wholesale ,67165,3.24E-07,none
Mettler-Toledo Inc,67142,3.24E-07,none
Pci Geomatics Enterprises Inc.,67122,3.24E-07,none
Mary C. W. Rodriguez,67066,3.24E-07,none
Blue Labs Analytics Inc. ,67000,3.24E-07,none
Three Nuts Inc ,66986,3.24E-07,none
Staples ,66984,3.24E-07,none
Royal J & M Distributing Inc,66970,3.24E-07,none
Geometrix Data Systems Inc,66896,3.23E-07,none
Hoskin Scientific Ltd,66896,3.23E-07,none
Paul Valliant Psychology Professional Corp,66888,3.23E-07,none
Harkel Office Furniture Ltd.,66843,3.23E-07,none
Rideau Supply,66821,3.23E-07,none
David Leveille (O/A David Leveille Contracting),66811,3.23E-07,none
Kupper Contracting Inc.,66783,3.23E-07,none
Investigative Solutions Network Inc. (O/A Investigative Research Group),66783,3.23E-07,none
Vital Link Ice Cream & Event Marketing Inc,66776,3.23E-07,none
G F Preston Sales & Service Ltd,66773,3.23E-07,none
Avenza Systems Inc.,66748,3.22E-07,none
Vista Radio Ltd ,66670,3.22E-07,none
Screen Machine Promotions ,66668,3.22E-07,none
Advanis Inc,66647,3.22E-07,none
Cale Swearengen (O/A Cale'S Contracting & Repairs),66643,3.22E-07,none
Brooklin Concrete Products Corp,66633,3.22E-07,none
Agropur Cooperative Agropur Coopérative (O/A Natrel),66618,3.22E-07,none
Tracey Gamsby,66618,3.22E-07,none
1770979 Ontario Inc,66557,3.22E-07,none
Geraldton Community Forest Inc,66557,3.22E-07,none
Servicepro Plus Inc.,66553,3.21E-07,none
David Sandor,66552,3.21E-07,none
Central Taxi,66518,3.21E-07,none
Shirley Nunn,66517,3.21E-07,none
Ontario Oil Gas & Salt Resources Corp.,66453,3.21E-07,none
The Midwestern Legislative Conference ,66438,3.21E-07,none
Ina Nicolae,66435,3.21E-07,none
Hon. Paul Calandra,66378,3.21E-07,none
Gear Up For Outdoors,66368,3.21E-07,none
Accara Inc,66364,3.21E-07,none
Sherbrooke Heights Animal Hospital Professional Corporation,66362,3.21E-07,none
Wasaya Airways Limited Partnership,66329,3.20E-07,none
Zohr Family Funeral Home Inc,66315,3.20E-07,none
Reflex Print,66301,3.20E-07,none
Dr Kenneth J Newell Medicine Professional Corporation,66300,3.20E-07,none
Egress Systems Of Canada Ltd,66260,3.20E-07,none
Warren Winkler (O/A Winkler Adr),66248,3.20E-07,none
Elizabeth M. Moore,66248,3.20E-07,none
"Rapiscan Systems, Inc.",66215,3.20E-07,none
"Dellelce, Thomas Michael",66205,3.20E-07,none
Sunwire Inc,66196,3.20E-07,none
Durham-Metro Courier Ltd,66184,3.20E-07,none
Ecrion Software,66166,3.20E-07,none
Boydon Ontario Inc,66150,3.20E-07,none
Grace Vaccarelli Professional Corp.,66049,3.19E-07,none
Armstrong-Springwater Limited,66030,3.19E-07,none
Michael Franklyn Medicine Professional Corporation,66000,3.19E-07,none
Dr Mohamed El-Fakharany Medicine Professional Corporation,66000,3.19E-07,none
City South Limited ,65972,3.19E-07,none
Orangeville Hydro Ltd,65893,3.18E-07,none
Visioncraft Development Corp,65892,3.18E-07,none
Vandelay Deliveries Inc,65826,3.18E-07,none
Phaedra Klodner Professional Corp.,65798,3.18E-07,none
Comco Canada Ltd.,65789,3.18E-07,none
1595499 Ontario Ltd.,65760,3.18E-07,none
Eric Jolliffe,65750,3.18E-07,none
Erika Perez,65738,3.18E-07,none
Techport Services Ltd.,65691,3.17E-07,none
6175015 Canada Inc (O/A Adss),65678,3.17E-07,none
Bamaji Lake Economic Development Corp,65600,3.17E-07,none
Whitten & Lublin Professional Corporation,65553,3.17E-07,none
Bellefeuille Head Law Partners Llp,65530,3.17E-07,none
Digital Science And Research Solutions Inc,65500,3.16E-07,none
Bernard Ngu,65498,3.16E-07,none
Cjr Wholesale Grocers Ltd,65497,3.16E-07,none
Running Technologies Inc.,65445,3.16E-07,none
Watocan Holdings Limited ,65430,3.16E-07,none
George V. Puthussery,65418,3.16E-07,none
Culligan Water Canada,65410,3.16E-07,none
Adana Fraser Law Professional Corp.,65371,3.16E-07,none
Baxter'S Bakery (Cobourg) Inc,65316,3.16E-07,none
Clean Sheet Communications Inc,65314,3.16E-07,none
Leanne M. Osborne,65287,3.15E-07,none
Lakeside Mobile Veterinary Services,65284,3.15E-07,none
1833228 Ontario Ltd.,65242,3.15E-07,none
Becc Construction Inc (O/A Becc Modular),65212,3.15E-07,none
Leon J Genesove,65200,3.15E-07,none
Voltaire Communications Corp,65191,3.15E-07,none
Roadpost Inc.,65189,3.15E-07,none
15814570 Canada Inc,65122,3.15E-07,none
Burnford Realty Limited ,65067,3.14E-07,none
Pave-Al Ltd,65055,3.14E-07,none
D2L Corporation,65053,3.14E-07,none
Heather Boylan (O/A Cruise Verbatim),65048,3.14E-07,none
Teknion,65006,3.14E-07,none
"Dobner, Sara",65000,3.14E-07,none
Universite Laval,65000,3.14E-07,none
Eekels Technology B.V.,64996,3.14E-07,none
Rockland Scientific International Inc,64986,3.14E-07,none
Dr Michael D'Agostino Medicine Professional Corporation,64950,3.14E-07,none
Sheila Mackinnon,64938,3.14E-07,none
11211692 Canada Inc. (O/A Vivid Stream Production Services),64882,3.13E-07,none
Irena Morava (O/A De Vries Consulting),64871,3.13E-07,none
K4 Integration Inc,64764,3.13E-07,none
Densan Consultants Ltd./Ltee,64749,3.13E-07,none
Clearview Geophysics Inc,64726,3.13E-07,none
Allium Us Holding Llc,64706,3.13E-07,none
Protech Engine Solutions Inc.,64680,3.12E-07,none
The Brick,64647,3.12E-07,none
Aaron B. Harnett,64636,3.12E-07,none
Francine Watkins Translation Services Inc.,64616,3.12E-07,none
Prevost & Mccullough,64605,3.12E-07,none
Joti Sidhu,64541,3.12E-07,none
Daniel L. Braganza,64521,3.12E-07,none
Vancouver Petrographics Ltd.,64443,3.11E-07,none
Sapawe Air Ltd.,64412,3.11E-07,none
Michael Hunter,64400,3.11E-07,none
Shazia Aman,64394,3.11E-07,none
Darlene Niemi,64383,3.11E-07,none
M. Stiles,64336,3.11E-07,none
Pine Meadows Pet Resort,64260,3.10E-07,none
Hon. Peter Bethlenfalvy,64236,3.10E-07,none
Aliaksandr Medzviadziuk,64184,3.10E-07,none
Ppe Solutions Inc,64179,3.10E-07,none
Osgoode Company,64153,3.10E-07,none
Ontario Dental Association,64132,3.10E-07,none
Longhaul Trailer Sales,64063,3.09E-07,none
Troy Life & Fire Safety Ltd.,64048,3.09E-07,none
Wilderness Supply Co. Ltd.,64038,3.09E-07,none
Sharon A. Moote,64013,3.09E-07,none
Eastern Fluid Power Inc,63972,3.09E-07,none
Lori Jackson And Michael Jackson,63941,3.09E-07,none
Melanie Spence-Ariemma,63902,3.09E-07,none
Canadian Corps Of Commissionaires ,63817,3.08E-07,none
White Buffalo Road Healing Lodge,63808,3.08E-07,none
King Station Inc. ,63732,3.08E-07,none
Tenaquip Limited,63710,3.08E-07,none
Odette Cote,63705,3.08E-07,none
Starlink,63675,3.08E-07,none
Richard Green,63669,3.08E-07,none
Als Ltd.,63629,3.07E-07,none
Marquis Imprimeur Inc (Marquis Book Printing Inc),63616,3.07E-07,none
Louis Pradal & Sons Ltd,63605,3.07E-07,none
Terago Networks Inc,63578,3.07E-07,none
Prospectors & Developers Association Of Canada,63570,3.07E-07,none
Accurate Design & Communication Inc.,63538,3.07E-07,none
All Languages Ltd,63530,3.07E-07,none
York Bremner Hotel Leaseholds Ltd Germain Maple Leaf Square,63479,3.07E-07,none
1787377 Ontario Inc ,63468,3.07E-07,none
Toromont Cat Power Systems,63449,3.06E-07,none
Daniele Ouanes,63434,3.06E-07,none
Sharon Nicklas,63415,3.06E-07,none
"Biomark, Inc.",63322,3.06E-07,none
Pathway Law Professional Corporation,63251,3.06E-07,none
Safeway,63209,3.05E-07,none
Intercity Industrial Supply Ltd.,63172,3.05E-07,none
"Badwal, Jagjit Singh",63139,3.05E-07,none
Gat Intl Localization,63126,3.05E-07,none
Emond Publishing,63106,3.05E-07,none
Www.Informatech.Com,63094,3.05E-07,none
Titmus Llc,63068,3.05E-07,none
Lean Agility Inc.,63041,3.05E-07,none
Sustainable Resources Forestry Fisheries & Environmental Services Inc.,63029,3.04E-07,none
Suzuki Canada Inc,62995,3.04E-07,none
Elte Carpets Ltd.,62949,3.04E-07,none
Rejean R. Parise (O/A Parise Law Office),62947,3.04E-07,none
Stella Rahman,62819,3.03E-07,none
Analysis Group Ulc,62774,3.03E-07,none
Halton Regional Police Service ,62751,3.03E-07,none
Claude Thibeault (O/A Thibeault Forestry Consulting),62716,3.03E-07,none
Perkinelmer Scientific Canada Ulc,62694,3.03E-07,none
Joe Mumby Septic Inc.,62647,3.03E-07,none
Chagger Dental Clinic,62586,3.02E-07,none
Arlene Gorewicz,62539,3.02E-07,none
Rosaleen Cutler,62520,3.02E-07,none
Lloyd Libke Law Enforcement Sales ,62478,3.02E-07,none
Paraphrase Translation Inc.,62463,3.02E-07,none
Fairbarns Machine Shop Ltd,62411,3.01E-07,none
Outdoor-Fit Exercise Systems Inc,62378,3.01E-07,none
Maurice A. Gagnon,62360,3.01E-07,none
Rita Quaglia,62355,3.01E-07,none
Belnor Engineering Inc,62286,3.01E-07,none
Wyndham Hotels,62226,3.01E-07,none
Liburd & Associates Secretarial Services,62214,3.01E-07,none
Oudit N. Rai,62211,3.01E-07,none
Maria Shoshan,62190,3.00E-07,none
Tpg Interactive Llc,62180,3.00E-07,none
"  1 Member At 62,160",62160,3.00E-07,none
Itex Inc. (O/A Technology Integration Group),62150,3.00E-07,none
Alina Olejniczak,62117,3.00E-07,none
Mark Borden,62041,3.00E-07,none
Enbridge Gas,62032,3.00E-07,none
Lenovo (Canada) Inc,62018,3.00E-07,none
Katie Williams,62000,2.99E-07,none
Gordon A Monk Funeral Home Ltd,61990,2.99E-07,none
Amazon.Com.Ca Inc,61979,2.99E-07,none
Tacoma Engineers Inc,61964,2.99E-07,none
Centre Street Properties Inc. (E),61922,2.99E-07,none
Atlassian Corp.,61883,2.99E-07,none
Outrun Animal Rehabilitation Center Inc,61845,2.99E-07,none
University Of St Michaels College,61829,2.99E-07,none
Blair Sean Morley,61800,2.99E-07,none
Dba Driver Research Institute (Css,61786,2.98E-07,none
Wood Dentistry Professional Corporation,61750,2.98E-07,none
Durham Radio Inc ,61712,2.98E-07,none
Punam Pharmacy Ltd,61708,2.98E-07,none
Hubbard Mechanical Inc,61663,2.98E-07,none
Rural Ontario Municipal Association (Roma),61614,2.98E-07,none
Margaret Jones,61600,2.98E-07,none
Walker Road Animal Hospital,61533,2.97E-07,none
Zeebest Plastics Of Canada Inc,61530,2.97E-07,none
Rod Geer,61529,2.97E-07,none
Pacific Rim Laborataries Inc,61472,2.97E-07,none
Foreflight,61463,2.97E-07,none
T.A. Networks Inc.,61454,2.97E-07,none
Allyce B. Mutungi,61444,2.97E-07,none
Corlan Electric Inc,61427,2.97E-07,none
Uni-Select Inc.,61408,2.97E-07,none
Wal-Mart,61393,2.97E-07,none
Kathleen G O'Neil,61364,2.96E-07,none
David Boulet (O/A Barrister And Solicitor),61359,2.96E-07,none
Yellow London Taxi Inc,61304,2.96E-07,none
Christopher G. Severn,61263,2.96E-07,none
Heather Smith-Mcgurk,61119,2.95E-07,none
Carruthers & Davidson Funeral Home Ltd,61090,2.95E-07,none
Odgers Interim Canada Inc.,61020,2.95E-07,none
Hon. Lisa M. Thompson,60957,2.94E-07,none
Sheraton Hotels & Resorts,60931,2.94E-07,none
Cloud 9 Productions,60929,2.94E-07,none
Equipment World Inc,60920,2.94E-07,none
George Solomon & Sons Machining & Manufacturing Ltd.,60916,2.94E-07,none
Elemental Scientific Inc,60869,2.94E-07,none
Marsh'S Waubaushene Marina Inc.,60695,2.93E-07,none
Sema Kenan,60694,2.93E-07,none
Jacqueline F. L. Bobyk-Krumins,60561,2.93E-07,none
Teel Technologies Canada Inc,60486,2.92E-07,none
Nafor Inc.,60471,2.92E-07,none
2511352 Ontario Inc. (O/A Pro Post Thunder Bay),60457,2.92E-07,none
Renee Kaplan,60429,2.92E-07,none
Sagatay Economic Development Lp.,60427,2.92E-07,none
Reciprocal Consulting Inc.,60418,2.92E-07,none
Canadian Waste Management Inc,60399,2.92E-07,none
Ventix-M Ponieman Interpreting & Translation Services,60319,2.91E-07,none
Mte Consultants Inc.,60318,2.91E-07,none
7299362 Canada Inc (O/A Alexa Translations),60212,2.91E-07,none
Accuworx Inc,60198,2.91E-07,none
David Pentz Professional Corp.,60177,2.91E-07,none
Southwest Business Products Ltd,60173,2.91E-07,none
Dr Gbolahan Odejayi,60145,2.91E-07,none
Neeta B. Johar,60130,2.90E-07,none
Cambridge Suites Hotel,60116,2.90E-07,none
Barbara Pollard,60106,2.90E-07,none
Campbell Scientific,60058,2.90E-07,none
Hon. Jill Dunlop,60038,2.90E-07,none
Hendren Funeral Home Ltd (1987),60036,2.90E-07,none
Canadian Centre For Child Protection Inc,60000,2.90E-07,none
"Bacon, Darian",60000,2.90E-07,none
1095999 Ontario Inc. Lawrence Warden Centre,59977,2.90E-07,none
"Southeast Aeropace, Inc.",59958,2.90E-07,none
Edge Environmental Contracting Inc. ,59947,2.90E-07,none
Resource Productivity And Recovery Authority,59945,2.90E-07,none
Vertha C Coligan (O/A Vertha Coligan Consulting),59890,2.89E-07,none
Leclanche S.A.,59845,2.89E-07,none
Mie T. Lah,59831,2.89E-07,none
Kadex Aero Supply,59807,2.89E-07,none
Igor Astapov,59773,2.89E-07,none
World Wide Electric Inc. ,59771,2.89E-07,none
Ontario Pension Board ,59741,2.89E-07,none
Jeff'S Outdoor Inc,59731,2.89E-07,none
Nirtag Holdings Limited Mh Janzen Real Estate/,59703,2.88E-07,none
Amy De Munnik,59702,2.88E-07,none
Karen Guthrie-Douse,59670,2.88E-07,none
Weiss International Ltd,59664,2.88E-07,none
Jennifer J. A. Coffin,59606,2.88E-07,none
Bighorn Helicopters Inc.,59577,2.88E-07,none
Victoria B. Legris,59529,2.88E-07,none
Bsrep Ii Hospitality Toronto Lp,59511,2.87E-07,none
Energy Exemplar Llc,59476,2.87E-07,none
Deloitte Touche Tohmatsu Ltd,59413,2.87E-07,none
Strongbar Industries Inc,59388,2.87E-07,none
Pamela Broadhead (O/A Pamela Thomson),59338,2.87E-07,none
Chantel M. Lawton,59327,2.87E-07,none
Howey Line Forestry Inc,59325,2.87E-07,none
Nottawasaga Inn Resort,59295,2.86E-07,none
Avison Young Itf Chidley Glen Developments Ltd. Whitby Town Square Plaza,59274,2.86E-07,none
Surgo Surgical Supply,59269,2.86E-07,none
Kathryn Terry (O/A Kate Terry),59243,2.86E-07,none
Jordan Nash (O/A Nash Technolgy Services),59235,2.86E-07,none
Saputo Dairy Products Canada Gp,59213,2.86E-07,none
Phillips Barristers Professional Corp.,59203,2.86E-07,none
Fire Defenserus Inc,59161,2.86E-07,none
Wireless Personal Comm. Inc. ,59118,2.86E-07,none
Tenda Canada Inc,59116,2.86E-07,none
1936100 Ontario Inc (O/A Systems Plus),59106,2.86E-07,none
Hce Telecom Inc,59096,2.85E-07,none
Job L. Wandallo,59060,2.85E-07,none
Ball Service Group Inc,59048,2.85E-07,none
Gef Consulting Inc,59019,2.85E-07,none
Mullen Group Ltd.,59012,2.85E-07,none
"Amazon Advertising Canada, Inc.",58995,2.85E-07,none
Bell'S Septic (Kenora) Inc,58989,2.85E-07,none
Braund Supergraving Co. Ltd.,58982,2.85E-07,none
Cliffe Printing Inc.,58980,2.85E-07,none
Canteen Canada,58978,2.85E-07,none
Dhi Water & Environment Inc,58972,2.85E-07,none
Janna Luettmann,58967,2.85E-07,none
Robert Low Financial Advisory Inc.,58965,2.85E-07,none
David B Bieman Funeral Directors Services Ltd,58960,2.85E-07,none
Daniel Smyk Professional Corporation,58950,2.85E-07,none
Ian Davidson (O/A Ian Davidson Management Services),58930,2.85E-07,none
Sqm Janitorial Services Inc,58920,2.85E-07,none
Rosemary Young,58906,2.85E-07,none
Total Battery,58895,2.84E-07,none
Tri-Phase Group Inc. ,58879,2.84E-07,none
Tammy L. Mckay,58766,2.84E-07,none
Connected Intelligence (Canada) Ltd,58760,2.84E-07,none
Calm.Com Inc,58732,2.84E-07,none
Mccabe Promotional Advertising Inc,58688,2.83E-07,none
Pratt & Whitney Canada,58673,2.83E-07,none
Guelph Career Institute Inc.,58672,2.83E-07,none
Heartland Printing Inc ,58581,2.83E-07,none
Uptodate Inc,58574,2.83E-07,none
Whiterock Sussex Centre Mississauga Inc,58564,2.83E-07,none
"Meadus, Cody Allan",58527,2.83E-07,none
Silviu R. Sturdza,58500,2.83E-07,none
Parkpass Inc,58456,2.82E-07,none
Yasmin Amlani,58453,2.82E-07,none
President And Fellows Of Harvard College,58446,2.82E-07,none
Skyservice,58432,2.82E-07,none
Muhammad Y. Khan,58372,2.82E-07,none
Family Connections Group Inc.,58345,2.82E-07,none
Alix J. Chernish (O/A Alix J Chernish Barrister And Solicitor),58316,2.82E-07,none
Tenaquip Ltd.,58315,2.82E-07,none
Beth Ellwood,58303,2.82E-07,none
Feast Your Eyes Inc,58277,2.82E-07,none
Sharon Crawford,58235,2.81E-07,none
8906629 Canada Inc,58183,2.81E-07,none
Fawcett Funeral Home Ltd,58179,2.81E-07,none
Canada Bread - Head Of,58162,2.81E-07,none
Susan Duquette (O/A Skoot Services),58159,2.81E-07,none
Maverick Metals Inc.,58153,2.81E-07,none
Superior Strategies Inc,58120,2.81E-07,none
Ipss Cyber Security,58114,2.81E-07,none
"Articulate Global, Llc",58060,2.80E-07,none
Sdevelopments O/A Sarkis Kidanian ,58049,2.80E-07,none
Diane S. Barker,58048,2.80E-07,none
Van Looyen And Fallon Law Professional Corp.,57983,2.80E-07,none
Georgia Whalen,57948,2.80E-07,none
1146465 Ontario Inc. (O/A Advanced Electronic Inovations),57933,2.80E-07,none
Zamira Isai,57887,2.80E-07,none
Mackey Funeral Home Inc,57862,2.80E-07,none
Marian Gage Professional Corp.,57844,2.79E-07,none
Leighton Arbitrations Inc,57837,2.79E-07,none
Palumbo Mobile Veterinary Services Professional Corporation,57824,2.79E-07,none
Rampart International Corp. ,57746,2.79E-07,none
Rl Equipment,57724,2.79E-07,none
Beacon Events Limited,57644,2.78E-07,none
Patra Business Supplies,57629,2.78E-07,none
Collin Mckelvey (O/A Wildjack Enterprises),57604,2.78E-07,none
24/7 Occupational & Emergency #300-848 Courtney St.,57600,2.78E-07,none
Mary X. L. Wang,57574,2.78E-07,none
Atc Canada Ulc,57570,2.78E-07,none
Miska Trailer Factory,57558,2.78E-07,none
Wolters Kluwer Ltd,57503,2.78E-07,none
"Morin, Helene",57500,2.78E-07,none
Tigi Associates Inc.,57489,2.78E-07,none
Dr Ajay Prakash,57323,2.77E-07,none
Rlb Llp,57291,2.77E-07,none
Mobile Police Training Stuctures,57282,2.77E-07,none
Industrial Safety Trainers Inc,57231,2.76E-07,none
Carol Huxley,57212,2.76E-07,none
Igor Maslov,57211,2.76E-07,none
Vistek Ltd. ,57111,2.76E-07,none
Michelle Scott (O/A Scott Paralegal),57093,2.76E-07,none
Archana A. Medhekar,57079,2.76E-07,none
Michael J. Polisuk,57078,2.76E-07,none
Siesloan Contacting Inc,57064,2.76E-07,none
Canek Corporation ,57020,2.75E-07,none
Henderson Metal Fabricating Co. Ltd.,57009,2.75E-07,none
Hypenotic Inc,56952,2.75E-07,none
Dan O'Connor Professional Corp.,56952,2.75E-07,none
Articulate Global Llc,56916,2.75E-07,none
Jean L. Metcalfe,56890,2.75E-07,none
Dmg Events (Canada) Inc,56872,2.75E-07,none
Bryan Choi,56869,2.75E-07,none
Adam Goodman,56839,2.75E-07,none
Bita J. Ghasempour,56828,2.75E-07,none
Altis Hr,56822,2.74E-07,none
Ryan Dorsman,56783,2.74E-07,none
Cannington Veterinary Services Professional Corporation,56770,2.74E-07,none
Investigative Solutions Network Inc.,56756,2.74E-07,none
My Broadcasting Corporation O/A My Fm,56749,2.74E-07,none
Intuitive Water Systems Inc,56677,2.74E-07,none
Estate Vision Co. Inc.,56625,2.74E-07,none
874672 Ontario Ltd,56616,2.73E-07,none
Kelly Sitland,56550,2.73E-07,none
Brigholme Inc (O/A Brigholme Interiors Group),56532,2.73E-07,none
Wendy Cumbo,56500,2.73E-07,none
Ontariomd Inc,56500,2.73E-07,none
Astra Custom Packaging Inc,56491,2.73E-07,none
Madden Company Tree Service Ltd,56480,2.73E-07,none
Phase 4 Electrical Contractor Ltd.,56394,2.72E-07,none
C.F. Crozier & Associates Inc.,56387,2.72E-07,none
Pivotal Technologies Inc,56387,2.72E-07,none
Echotech,56385,2.72E-07,none
Laura Verdin,56352,2.72E-07,none
Dell Financial Services Canada ,56329,2.72E-07,none
1923806 Ontario Limited ,56325,2.72E-07,none
Hon. Kinga Surma,56322,2.72E-07,none
Planet Labs Geomatics Corp.,56301,2.72E-07,none
Unity Connected Solutions Inc,56253,2.72E-07,none
Janice Austin,56224,2.72E-07,none
Multilingual Community,56219,2.72E-07,none
Rv Line Construction Inc,56208,2.72E-07,none
Bradley Bedford,56200,2.71E-07,none
Moderno Restoration Inc.,56193,2.71E-07,none
Lucas Weiler (O/A Weiler Law),56192,2.71E-07,none
Valley Outdoor Power Equipment Ltd.,56062,2.71E-07,none
Vernon Copenace,56040,2.71E-07,none
Green & Nijjer Psychotherapy Professional Corporation,56016,2.71E-07,none
Business Furniture Solutions (Canada) Inc.,55995,2.70E-07,none
Dnt Transportation Inc,55986,2.70E-07,none
Sheehan Arbitration Mediation Services,55978,2.70E-07,none
Adams Bros. Construction Ltd,55961,2.70E-07,none
Sinedu D. Tefera,55941,2.70E-07,none
1602724 Ont. Inc. M.A. Feldman Developments,55935,2.70E-07,none
Livin It N Diggin It Ltd,55923,2.70E-07,none
The Beauty Cabin Canada Inc,55918,2.70E-07,none
Lee Hecht Harrison Knightsbridge Corp Lhh Canada,55876,2.70E-07,none
Canadian Press Enterprises Inc,55860,2.70E-07,none
Suntrac Contracting & Rentals,55854,2.70E-07,none
Smith Valeriote Law Firm Llp,55844,2.70E-07,none
Cooper Sandler Shime & Schwartzentruber Llp,55800,2.70E-07,none
Inter Township Fire Department,55794,2.70E-07,none
1995723 Ontario Inc (O/A Cree Aski),55794,2.70E-07,none
Ldx Inc,55775,2.69E-07,none
Lawlor & Co (Hamilton) Ltd (O/A Lawlor Safety),55774,2.69E-07,none
Lisa Cini,55737,2.69E-07,none
Kamala Yuhendran,55733,2.69E-07,none
Suzanne Cote,55698,2.69E-07,none
Ali Samhat,55682,2.69E-07,none
S. L. Hunter & Associates,55649,2.69E-07,none
Hon. Caroline Mulroney,55601,2.69E-07,none
Junyoung Choi,55568,2.68E-07,none
Prince Edward Square Inc. ,55534,2.68E-07,none
Ges Canada Limited,55532,2.68E-07,none
Foster Farm Animal Sanctuary Inc,55518,2.68E-07,none
William C. Wicken,55517,2.68E-07,none
Mccorriston Adr Inc,55511,2.68E-07,none
Katric Inc (O/A 401 Dixie Kia),55491,2.68E-07,none
Dokainish & Company Inc.,55438,2.68E-07,none
Rfp Solutions Inc,55370,2.67E-07,none
Freymond Lumber Ltd.,55353,2.67E-07,none
M Conway & Sons Ltd.,55347,2.67E-07,none
Hilton,55322,2.67E-07,none
Microsoft Azure,55310,2.67E-07,none
Fireside Transportation Ltd,55270,2.67E-07,none
Joel J. W. G. Szaefer Professional Corp.,55235,2.67E-07,none
Advanced Systems Concepts Inc,55183,2.67E-07,none
Canadian Association Of Chiefs Of Police,55163,2.66E-07,none
Henein Hutchison Robitaille Llp,55160,2.66E-07,none
1910636 Ontario Inc (O/A Fisher Tree Services),55144,2.66E-07,none
Dr Adedayo Alabi Medicine Professional Corporation,55125,2.66E-07,none
"Delaney, Teresa C",55120,2.66E-07,none
Aaron Grupp Professional Corp.,55115,2.66E-07,none
Soneil Oakville Inc. O/A Soneil Morningside,55091,2.66E-07,none
Hon. Sylvia Jones,55075,2.66E-07,none
Klassen Auto Parts,55025,2.66E-07,none
"Thibault, Roxanne D",55000,2.66E-07,none
Monkhouse Law Professional Corporation,55000,2.66E-07,none
Cwell Consulting Inc,54993,2.66E-07,none
Salim J. Khot Legal Professional Corp.,54933,2.65E-07,none
Origo Communications Corp. ,54911,2.65E-07,none
Blackstone Consulting - Dennis Waithe,54900,2.65E-07,none
Sudbury Airport Community Development Corporation (O/A Greater Sudbury Airport),54899,2.65E-07,none
Smart Ip Inc,54893,2.65E-07,none
Donna M. Dobson,54888,2.65E-07,none
Sault Ste. Marie Airport Development Corp.,54884,2.65E-07,none
Pat Rogers Towing Serv,54878,2.65E-07,none
Amazon.Com Inc,54867,2.65E-07,none
Tw Ansley Excavating,54845,2.65E-07,none
Haudenosaunee Development Institute (Hdi),54816,2.65E-07,none
1766909 Ontario Inc (O/A Dundee Marine Services),54805,2.65E-07,none
Stuart Hunt & Associates Ltd,54729,2.64E-07,none
John Wlad & Sons Construction Ltd,54715,2.64E-07,none
Maintainx Inc,54687,2.64E-07,none
Kanapathypillai K. Uthayamoorty,54669,2.64E-07,none
Prompt Assembly And Packaging,54647,2.64E-07,none
A Vumbaca Professional Corporation (O/A Vumbaca And Associates),54639,2.64E-07,none
Monique Waknine,54630,2.64E-07,none
Southern Cross Aviation,54624,2.64E-07,none
Egmond Associates Ltd,54590,2.64E-07,none
Elgin Drugs Inc,54583,2.64E-07,none
Christopher G Knowles,54506,2.63E-07,none
Messe Munchen Gmbh,54463,2.63E-07,none
Covenant Group Ltd. ,54426,2.63E-07,none
Jennifer A. O'Reilly Professional Corp.,54396,2.63E-07,none
Corner Counsellor - Genevieve Alao,54387,2.63E-07,none
P H E Contractor Sales Ltd,54332,2.62E-07,none
Shauna Pemberton,54314,2.62E-07,none
Lakefield Animal Welfare Society,54310,2.62E-07,none
Gulerana Iqbal,54262,2.62E-07,none
Gibbons Goats,54249,2.62E-07,none
Best Deal Graphics & Printing Inc. ,54249,2.62E-07,none
1432334 Ontario Inc (O/A Preferred Towing),54241,2.62E-07,none
Cleartouch Media Inc,54240,2.62E-07,none
Deloitte Llp ,54240,2.62E-07,none
Soma Holding Ltd ,54240,2.62E-07,none
Pac Rac Systems Inc,54236,2.62E-07,none
Fundy Tactical ,54233,2.62E-07,none
Ombabika Group Inc.,54157,2.62E-07,none
Wilson'S Lawn Care And Snow Removal,54133,2.61E-07,none
Slack T5Elj2J66,54097,2.61E-07,none
Brown Mills Klinck Prezioso Llp,54087,2.61E-07,none
Cale Harper,54076,2.61E-07,none
Selwyn Andrew Pieters,54070,2.61E-07,none
Impact Cpas Llp...................................................................................... ,54000,2.61E-07,none
Alternative Well Drilling Inc.,53986,2.61E-07,none
George C. Nicolae,53962,2.61E-07,none
Six Star Cleaning Services,53929,2.61E-07,none
Mauro De Lorenzi,53908,2.60E-07,none
H. B. Baker Enterprises Ltd.,53906,2.60E-07,none
Mds Express Ltd,53899,2.60E-07,none
Dgn Marketing Services Ltd,53884,2.60E-07,none
S&P Global Platts,53856,2.60E-07,none
Stokes Economic Consulting,53800,2.60E-07,none
Douglas J. Millstone,53727,2.60E-07,none
Dina A. Bianco,53711,2.59E-07,none
Imperial Centre Developments Inc. ,53617,2.59E-07,none
Excelsior Canada Language Services Inc.,53585,2.59E-07,none
Wilson'S Business Solutions,53545,2.59E-07,none
Charles Roderick Rolston,53541,2.59E-07,none
Kingsett Canadian Real Estate Income Fund Lp,53524,2.59E-07,none
Twin City Lumber,53518,2.59E-07,none
Tactical Logistics,53491,2.58E-07,none
Fred Hook Limited,53440,2.58E-07,none
Oakland Computers Recycling Inc,53438,2.58E-07,none
Michael Williams,53262,2.57E-07,none
Nathalie M. Bouffard,53249,2.57E-07,none
Kourtis Flooring Inc,53189,2.57E-07,none
Flamur Selmani,53169,2.57E-07,none
J B Holden Electrical Services Limited,53132,2.57E-07,none
Sadem Isai,53094,2.56E-07,none
Matthew Eaton-Kent,53079,2.56E-07,none
Fairbarn'S Machine Shop (1983) Ltd.,53027,2.56E-07,none
Trans Canada Stamp,52999,2.56E-07,none
Monterey Park Inc. ,52998,2.56E-07,none
Northern Image Project Management,52997,2.56E-07,none
Opti-Tech Scientific Inc.,52948,2.56E-07,none
Agnovi Corporation,52935,2.56E-07,none
Toromont Industries Ltd.,52924,2.56E-07,none
Korn Ferry Ca Ltd,52922,2.56E-07,none
Joel Huber,52884,2.55E-07,none
Michal Harel,52844,2.55E-07,none
Trombly'S Tackle Box,52818,2.55E-07,none
Diligen Inc,52803,2.55E-07,none
Robina Tariq,52748,2.55E-07,none
Paragon Micro It Solutions Group Canada Ulc ,52727,2.55E-07,none
Durham Reporting Inc.,52722,2.55E-07,none
Purelogic It Solutions Inc,52689,2.55E-07,none
Eecol Electric Corp,52685,2.54E-07,none
Syed A. Ahmed,52644,2.54E-07,none
Jmv Electric & Contracting Inc,52634,2.54E-07,none
Georgian College,52605,2.54E-07,none
1000684810 Ontario Inc. Wash Bistro/North Kipling Coin ,52591,2.54E-07,none
Karen Dunn,52558,2.54E-07,none
Inland Liferafts & Marine Limited,52557,2.54E-07,none
Dr Chungman Yoon,52525,2.54E-07,none
Owwwm Limited,52512,2.54E-07,none
Select Tool Inc,52500,2.54E-07,none
Posit Software,52468,2.53E-07,none
Aaron Corbiere And Curtis Corbiere (O/A E Corbiere & Sons Contracting),52460,2.53E-07,none
Leadership Contract Inc,52453,2.53E-07,none
Beverley Dowd,52450,2.53E-07,none
Ramamohan Veluri Medicine Proffessional Corporation,52440,2.53E-07,none
David D'Intino (O/A D'Intino Legal Services),52432,2.53E-07,none
Campbell Moving Systems,52388,2.53E-07,none
Powerschool Canada Ulc,52386,2.53E-07,none
Dr. Al-Battran Medicine Professional Corp.,52357,2.53E-07,none
Hon. Michael Ford,52342,2.53E-07,none
Chubb Fire & Security Canada Inc,52301,2.53E-07,none
Wi-Com Solutions Inc,52272,2.53E-07,none
Bond-Boyd & Co Ltd,52265,2.52E-07,none
Bondi Produce,52259,2.52E-07,none
Tamara Copeman Ocd Janitorial Inc.,52243,2.52E-07,none
Trees & Beyond Ltd,52233,2.52E-07,none
Hon. Andrea Khanjin,52217,2.52E-07,none
Tyco O/A Johnson Controls,52215,2.52E-07,none
Shahla A. Husain,52214,2.52E-07,none
Meti Telecommunication Installations Inc,52189,2.52E-07,none
Michael Gee-Hong Lee ,52138,2.52E-07,none
Pickering Square (1986) Inc. ,52132,2.52E-07,none
William German,52125,2.52E-07,none
Kk Traders Inc (O/A Kk Tech & Traders ),52108,2.52E-07,none
Shawn Eagles (O/A Shawn Eagles Barrister Solicitor & Notary),52093,2.52E-07,none
Erin Betts,52091,2.52E-07,none
Evans Philp Llp,52089,2.52E-07,none
Stephen Pender (O/A Pender Law),52057,2.51E-07,none
The Drafting Clinic Canada Ltd.,52045,2.51E-07,none
Source Office Furniture & Systems Ltd.,52018,2.51E-07,none
Brightling & Watson Lawyers Professional Corporation,52000,2.51E-07,none
2266003 Ontario Limited Perimeter Development Corp.,51998,2.51E-07,none
Linkedin ,51980,2.51E-07,none
"John Seigel, David Seigel Et Al(O/A Sfe Partnership)",51980,2.51E-07,none
Parallel Electric Ltd,51954,2.51E-07,none
Emergency North Training Inc,51946,2.51E-07,none
Imperial Parking Corp.,51931,2.51E-07,none
Mini Mall Storage,51920,2.51E-07,none
"Winiecki, Paul",51894,2.51E-07,none
Carpenter Law Professional Corp,51885,2.51E-07,none
Rose Samano,51879,2.51E-07,none
Stanley Manufacturing Company Inc,51867,2.51E-07,none
Elizabeth A. Logan,51843,2.50E-07,none
Altohelix Corporation,51833,2.50E-07,none
Courtney'S Distributing Inc,51820,2.50E-07,none
Meley Bezzabeh,51809,2.50E-07,none
Point North Fence Ltd,51754,2.50E-07,none
Cnw Group Ltd.,51752,2.50E-07,none
Global Knowledge Network (Canada) Inc.,51749,2.50E-07,none
1947933 Ontario Limited ,51748,2.50E-07,none
Hon. Robert Flack,51720,2.50E-07,none
L P Royer Inc,51714,2.50E-07,none
West Carleton Animal Hospital Professional Corporation,51653,2.50E-07,none
Tal Pharmacy Recruitment Inc,51652,2.50E-07,none
Dronexperts Inc.,51648,2.49E-07,none
John A. Christensen And Peter C. Heath,51641,2.49E-07,none
Arcontest Incorporated ,51629,2.49E-07,none
Ann M. Degrace,51528,2.49E-07,none
111 Sheppard West Inc. Dr. F. R. Komeilinejad,51528,2.49E-07,none
Colleen Johnson,51528,2.49E-07,none
"Wiwchar, Chris Michael",51521,2.49E-07,none
The Corporation Of The City Of Waterloo,51503,2.49E-07,none
Trent Valley Distributors Ltd,51497,2.49E-07,none
Daikin Applied Canada Inc,51496,2.49E-07,none
Williamson Arbitration Services,51487,2.49E-07,none
Informa Exhibitions Us Construction,51457,2.49E-07,none
Hon. Todd J Mccarthy,51454,2.49E-07,none
Sarjeant Propane Limited,51444,2.49E-07,none
"Hogg, Ashley",51432,2.48E-07,none
Miro.Com,51411,2.48E-07,none
Northern Crack Sealers Inc,51404,2.48E-07,none
Joan M. Macpherson,51386,2.48E-07,none
Sq Dualicom Inc.,51370,2.48E-07,none
Lexum Informatique Juridique Inc.,51304,2.48E-07,none
Emsi Canada Ventures Inc,51281,2.48E-07,none
Andrzej Wisniewski O/A Linguaplus,51257,2.48E-07,none
Plateforme Workleap Inc,51235,2.47E-07,none
Ashok Rana,51201,2.47E-07,none
Nasreen Khan,51200,2.47E-07,none
Mike Murdoch,51189,2.47E-07,none
Excel-Altis,51167,2.47E-07,none
Agile Fleet Inc,51163,2.47E-07,none
Henrys Enterprises Inc,51136,2.47E-07,none
"Shannon, Mary Theresa",51132,2.47E-07,none
Nova Printing Inc. ,51111,2.47E-07,none
Trailers Plus,51109,2.47E-07,none
Daniel E. Renaud,51089,2.47E-07,none
London Health Science,51062,2.47E-07,none
Med-Arbsolutions Limited,51040,2.47E-07,none
Zoetica Wildlife Research Services Inc.,51038,2.47E-07,none
Dr Susan Waserman,51034,2.47E-07,none
Bernardi Human Resources Law Llp,51030,2.47E-07,none
Soucie-Salo Safety Inc,50999,2.46E-07,none
Eva Casino,50929,2.46E-07,none
Lisa M. Laborde,50893,2.46E-07,none
Pipefusion Services Inc,50872,2.46E-07,none
Phelps Group Inc.,50850,2.46E-07,none
Dr Kona Williams Medicine Professional Corporation,50850,2.46E-07,none
Wsp Canada Inc.,50850,2.46E-07,none
Norbert Bruyere,50850,2.46E-07,none
Judge Veterinary Medicine Professional Corporation,50842,2.46E-07,none
Mid-North Containers Ltd.,50774,2.45E-07,none
Elizabeth A Brown Medicine Professional Corporation,50754,2.45E-07,none
Speedy Storage Containers Corp.,50737,2.45E-07,none
Chippewas Of Georgina Island First Nation,50733,2.45E-07,none
Wesley Clover International Corp. Krp Properties,50678,2.45E-07,none
Smith Funeral Home,50622,2.45E-07,none
Parneet Sethi,50595,2.44E-07,none
Telus Health Canada,50587,2.44E-07,none
Merle Fast,50574,2.44E-07,none
Heather Marceau (O/A Heather Marceau Typing Services),50552,2.44E-07,none
Lt Construction Plus Inc.,50549,2.44E-07,none
Nakina Air Service Ltd.,50531,2.44E-07,none
879142 Alberta Ltd,50487,2.44E-07,none
Heather Macinnis,50480,2.44E-07,none
Lailey Stewart Medicine Professional Corporation,50475,2.44E-07,none
Datasnipper Inc,50450,2.44E-07,none
Connective Intelligence Inc.,50429,2.44E-07,none
Ava Myjak,50404,2.43E-07,none
11006754 Canada Inc. ,50375,2.43E-07,none
Sks Plumbing And Heating,50331,2.43E-07,none
Cse Works,50330,2.43E-07,none
Emblemtek ,50321,2.43E-07,none
Intertalk Critical Information Systems Inc,50317,2.43E-07,none
Greenspon Granger Hill,50310,2.43E-07,none
Rutherford Shopping Centre Inc ,50271,2.43E-07,none
Rogers Communications Canada Inc.,50268,2.43E-07,none
Nicole Hill (O/A Hill-Dolson Law Office),50172,2.42E-07,none
Kersol Inc,50172,2.42E-07,none
Flexera ,50162,2.42E-07,none
Behiye Cinkilic,50147,2.42E-07,none
Shields O'Donnell Mackillop Llp,50133,2.42E-07,none
Hernando Coronell,50122,2.42E-07,none
Jenny Singh-Akalu,50060,2.42E-07,none
Taimaa Al-Kinani,50048,2.42E-07,none
Chamberlain Building Services Inc,50047,2.42E-07,none
University Of British Columbia,50036,2.42E-07,none
Cupe - Canadian Union Of Public Employees ,50000,2.42E-07,none
Winnie P. Nkrumah,50000,2.42E-07,none
Victim Support Europe,50000,2.42E-07,none
Standing Committee On Procedure And House Affairs,49790,2.41E-07,none
Hon. Doug Downey,49510,2.39E-07,none
Hon. Raymond Cho,49357,2.38E-07,none
Hon. Neil Lumsden ,49301,2.38E-07,none
Hon. Michael Parsa,49301,2.38E-07,none
Hon. Prabmeet Singh Sarkaria ,49301,2.38E-07,none
"Humphrey, David Leo",48549,2.35E-07,none
Hon. Gregory Rickford ,47578,2.30E-07,none
Hon. George Pirie ,47578,2.30E-07,none
Hon. Natalia Kusendova,47063,2.27E-07,none
Standing Committee On Public Accounts,45638,2.20E-07,none
"Middleton, William R.",44629,2.16E-07,none
"  1 Member At 43,862.90",43863,2.12E-07,none
"Louro, Cinthya",43741,2.11E-07,none
"Robinson, Bradley Lawrence",43660,2.11E-07,none
"Harvey, Chad",42517,2.05E-07,none
"Nnajiaka, Kingsley",41753,2.02E-07,none
Hon. Mike Harris,41295,1.99E-07,none
"Roy, Hubert Patrick",41198,1.99E-07,none
"Geigen-Miller, Matthew J.",39623,1.91E-07,none
"Ostrom, Donald",38491,1.86E-07,none
"Recoskie, Martin Ambrose",38245,1.85E-07,none
Hon. Gregory Rickford,37738,1.82E-07,none
"Burella, Corey James",37420,1.81E-07,none
"Mitchell, Stephen",37266,1.80E-07,none
"Kembel, Donald J",36902,1.78E-07,none
"Diedrick, Deadre Angelline",36710,1.77E-07,none
"Halliday, Lisa",36617,1.77E-07,none
T. Arnott,36364,1.76E-07,none
"Huggins, Rachel",36322,1.75E-07,none
"Caslick, Peter D",36098,1.74E-07,none
"Sustawenko, Ryan C",36092,1.74E-07,none
Hon. George Pirie,35947,1.74E-07,none
Standing Committee On Justice Policy,35706,1.72E-07,none
"Cameron, Tanya",35087,1.69E-07,none
"Chatland, Sean A",34940,1.69E-07,none
"Lazar, Zaia",34860,1.68E-07,none
"Paterson, David William",34627,1.67E-07,none
"Mackisoc, Mark",34511,1.67E-07,none
"Newman, Major Mackenzie",34304,1.66E-07,none
"Beckett-Brown, Christopher Edward",34112,1.65E-07,none
"Cooke, Alan",34066,1.65E-07,none
"Fedak, Brian Christopher",33955,1.64E-07,none
"Mattis, Deborah L.",33660,1.63E-07,none
"Nadeau, Daniel",33599,1.62E-07,none
"Pinto, Aaron",33392,1.61E-07,none
Matthew Rae,33334,1.61E-07,none
"Boileau, Rene",33333,1.61E-07,none
"Kokkinen, Andreas M.",33273,1.61E-07,none
"Turcotte, William Lawrence",33038,1.60E-07,none
"Campagnolo, Jamie E. M.",32983,1.59E-07,none
"Eren, Selin",32795,1.58E-07,none
"Accounts Under $50,000",32545,1.57E-07,none
"Lund, Jessica",32296,1.56E-07,none
Hon. Stephen Crawford,32135,1.55E-07,none
"Tonellato, Eric",32095,1.55E-07,none
Hon. Nina Tangri,31889,1.54E-07,none
"Cavanagh, James F.",31889,1.54E-07,none
"Sheppard, Lance Daniel",31763,1.53E-07,none
"Rizzuto, Bryan Robert",31539,1.52E-07,none
"Gillespie, Bradley",31524,1.52E-07,none
"Mackillop, Bryan J",31496,1.52E-07,none
"Giloyan, Arman",31414,1.52E-07,none
"Beaudin, Marcel",31154,1.50E-07,none
"Ward, Gregory Francis",31119,1.50E-07,none
"Gateman, Jeffrey Donald",31009,1.50E-07,none
Hon. Nolan Quinn ,30879,1.49E-07,none
"Provost, Earl Herve",30823,1.49E-07,none
Lerners Llp ,30538,1.48E-07,none
"Bocking, Jamie",30490,1.47E-07,none
"Smirnov, Amy N",30310,1.46E-07,none
"Humphreys, Matthew",30153,1.46E-07,none
"Walker, G.Robert",30150,1.46E-07,none
"Veley, Jason",29723,1.44E-07,none
"Rankin, Calum W",29642,1.43E-07,none
"Essensa, Greg",29423,1.42E-07,none
"Budhram, Trevor",29287,1.41E-07,none
"Sharpe, Richard",28599,1.38E-07,none
"Kaposy, Kevin John",28410,1.37E-07,none
"Payne, Ryan Eric",28312,1.37E-07,none
"Mills, James D.M.",28071,1.36E-07,none
"Huang, Zi Qing",28052,1.36E-07,none
"Batson, Adina",28040,1.35E-07,none
"Deluca, Justin Carlos",27970,1.35E-07,none
"Denston, Kevin Eric",27931,1.35E-07,none
"Chaylt, Nathan Adam",27914,1.35E-07,none
"Tannis, Mcnally Hillary",27863,1.35E-07,none
"Demers, Samantha",27757,1.34E-07,none
"Maclean, Lloyd S.",27718,1.34E-07,none
"Bradford, Andrew",27472,1.33E-07,none
"Giertuga, Warren A",27381,1.32E-07,none
"Vassos, Emily",27326,1.32E-07,none
"Qudsi, Eyad",27307,1.32E-07,none
"Rivando, Tammie Rose",27287,1.32E-07,none
"Zenkier, Jerzy",27105,1.31E-07,none
"Piche, Sylvain",26948,1.30E-07,none
"Bates, Graham Trevor",26927,1.30E-07,none
David Milosevic Professional Corp. (O/A Milosevic & Associates) ,26800,1.29E-07,none
"Patlan, Maria Rita",26616,1.29E-07,none
"Crabbe, Shaun J",26605,1.29E-07,none
"Clouthier, Yvon",26475,1.28E-07,none
"Marty, Sebastien David",26368,1.27E-07,none
"Farhat, Omar",26305,1.27E-07,none
"Skinner, Megan Louisa Eleanor",26297,1.27E-07,none
"Mcclain, Jeff",26112,1.26E-07,none
"Aquino, Frank",26032,1.26E-07,none
"Bulanda, Sarah Anne",25953,1.25E-07,none
"Salley, Mikayla Shelby Ferguson",25828,1.25E-07,none
"Dubé, Paul",25765,1.24E-07,none
"Beebe, Tim",25725,1.24E-07,none
"Hislop, Ruth",25644,1.24E-07,none
"Patterson, Brent",25595,1.24E-07,none
"Plante, Alain Maurice",25570,1.24E-07,none
"Abad Puelles, Jose Humberto",25398,1.23E-07,none
Village Of Point Edward,25297,1.22E-07,none
"Beninger, Jonathan P",25242,1.22E-07,none
"Chihab, Linda",25201,1.22E-07,none
"Roberts, Andrew George",24919,1.20E-07,none
"Roy, Duane",24748,1.20E-07,none
"Parsons, Robert J.",24687,1.19E-07,none
"Scoyne, Bradley M",24611,1.19E-07,none
"Slater, Guy",24576,1.19E-07,none
"Belanger, Alain",24547,1.19E-07,none
"Sisco, Brandee A",24545,1.19E-07,none
"Acay, Sergei",24432,1.18E-07,none
"Standing Committee On Heritage,Infrastr. & Cultural Plcy",24421,1.18E-07,none
"Cuthbertson, Chris",24325,1.18E-07,none
"De Hetre, Robert Iain Everette",24179,1.17E-07,none
"Souto, Alessia",24127,1.17E-07,none
"Enaya, Eyad",24126,1.17E-07,none
"Young, Richard",24042,1.16E-07,none
"Brown, Elizabeth",24018,1.16E-07,none
"Frechette, Bradley",23922,1.16E-07,none
"Davidson, Cheryl",23856,1.15E-07,none
"Beaudry, Devyn",23833,1.15E-07,none
"Gorrie, Michelle Lynn Maree",23819,1.15E-07,none
United Chiefs & Councils Of Manitoulin Police Services Commission ,23754,1.15E-07,none
"Murray, Nathan",23639,1.14E-07,none
"Deosaran, Gowkaran",23517,1.14E-07,none
Grace Bento,23378,1.13E-07,none
Hon. Vijay Thanigasalam,23370,1.13E-07,none
"Wenzler, Adrienne B",23324,1.13E-07,none
"Valente, Jason Solomon",23286,1.12E-07,none
"Bergstrom-Borins, Adryan",23275,1.12E-07,none
Hon. David Piccini,23191,1.12E-07,none
"Gaynor, Randy J",23053,1.11E-07,none
"Kielt, Steven",23051,1.11E-07,none
Hon. Graydon G. Smith,23002,1.11E-07,none
"Nauss, Sandra R",22836,1.10E-07,none
"Stone, Bradley",22798,1.10E-07,none
"Brown, Shirann K",22798,1.10E-07,none
"Manson, Colt",22735,1.10E-07,none
"Brooks, Andrew A",22716,1.10E-07,none
Hon. Michael S Kerzner,22684,1.10E-07,none
"Roukkula, Jennifer",22682,1.10E-07,none
"Sarajcic, Mina",22640,1.09E-07,none
"Campbell-Lauzon, Marnee Rae",22596,1.09E-07,none
"Beillard, Franck",22588,1.09E-07,none
"Hegney, Angela",22587,1.09E-07,none
"Davidson, Glenda E",22576,1.09E-07,none
"Gallinger, Kyle Steven",22558,1.09E-07,none
"Spidel, Jessamyn Jean",22514,1.09E-07,none
"Companion, Tanya A.",22513,1.09E-07,none
"Kelsey, Gregory W.",22455,1.08E-07,none
"Rybar, Ann-Marie",22439,1.08E-07,none
Hon. Charmaine Williams,22378,1.08E-07,none
"Arthur, David Bruce",22286,1.08E-07,none
"Davis, James G",22285,1.08E-07,none
"Simpson, Michelle A",22250,1.07E-07,none
"Elliott, Deborah L.",22207,1.07E-07,none
"Cook, Sherri Lynne",22202,1.07E-07,none
"Russell, Michael John",22188,1.07E-07,none
"Weglarz, Jeff",22177,1.07E-07,none
"Caluza, Loviriza Pador",22131,1.07E-07,none
"Delaney, Jennifer L",22129,1.07E-07,none
"Cameron, Willa J",22020,1.06E-07,none
"Naccarato, Steven Camillo",22018,1.06E-07,none
"Mcdermott, Brian",21989,1.06E-07,none
"Martin, Connor",21973,1.06E-07,none
"Duic, Michael Anthony",21941,1.06E-07,none
"De Benedictis, Dante",21917,1.06E-07,none
"Douma, Gerald Sybren",21894,1.06E-07,none
"Qi, Fang",21880,1.06E-07,none
"Proteau, Dean",21877,1.06E-07,none
"Machura, Anthony Edward",21845,1.06E-07,none
"Hanif, Sadaf",21795,1.05E-07,none
"Heyes, Mark",21792,1.05E-07,none
"Fawcett, Colleen Suzanne",21787,1.05E-07,none
"Mallais, Stefan",21748,1.05E-07,none
"Fulford, Joseph L",21704,1.05E-07,none
"Cao, Wei",21604,1.04E-07,none
Hon. Michael Tibollo,21596,1.04E-07,none
"Ingo, Julie",21572,1.04E-07,none
"Wade, Scott C",21542,1.04E-07,none
"Sawicki, Kevin C",21528,1.04E-07,none
"Frost, Brian J",21426,1.03E-07,none
"Curtis, Drake",21410,1.03E-07,none
"Cheng, Yimin",21334,1.03E-07,none
"Saville, Jonathan Edward",21334,1.03E-07,none
J. Vanthof,21329,1.03E-07,none
"Benoit, Josh",21245,1.03E-07,none
"Lawson, Sandra",21202,1.02E-07,none
"Colton, Guy R.",21143,1.02E-07,none
"Earle, Steven",21120,1.02E-07,none
"Curtis, Benjamin J",21099,1.02E-07,none
"Karpowich, David",21057,1.02E-07,none
"Besserer, Serenna",21032,1.02E-07,none
"Sauve, Nancy D",21006,1.01E-07,none
"Langille, Chester S",20983,1.01E-07,none
Hon. Steve Clark,20953,1.01E-07,none
R. Romano,20928,1.01E-07,none
"Jones-Turner, Shannon",20839,1.01E-07,none
"Daly, Teresa Louise",20816,1.01E-07,none
"Hart, Kelli Francein",20726,1.00E-07,none
"Verhelst, Marissa",20574,9.94E-08,none
"Lewis, Todd D",20443,9.88E-08,none
"Small, Bryan",20405,9.86E-08,none
"Patwari, Rishabh",20348,9.83E-08,none
"Loney, Andrew Wesley",20290,9.80E-08,none
"Sirola, Laura",20280,9.80E-08,none
"Downing, Caitlin",20248,9.78E-08,none
"Valcourt, William T.",20200,9.76E-08,none
"Mayor, Stephen Joseph",20186,9.75E-08,none
"Gauthier, Kurtis",20102,9.71E-08,none
"Monette, Kimberly Susan",20094,9.71E-08,none
"Purcell, Michael",20084,9.70E-08,none
Ravenlaw Llp ,20000,9.66E-08,none
Harold Chatson ,20000,9.66E-08,none
"Phillips, Mark Gordon",19986,9.65E-08,none
"Northrup, Joseph Michael",19951,9.64E-08,none
"Puliyodil, Angela Thomas",19919,9.62E-08,none
"Harkins, Christopher W",19888,9.61E-08,none
"Dunham, Donald Jeffrey",19888,9.61E-08,none
"Rivard, Allan John Alexander",19875,9.60E-08,none
"Gray, Jennifer Nicole",19829,9.58E-08,none
"Jannaway, Ryan",19820,9.57E-08,none
"Mulholland, Leah Adelia",19774,9.55E-08,none
"Smith, Graedyn Hamilton",19719,9.53E-08,none
Lucille Collard,19705,9.52E-08,none
"Mccormick, R. Ian",19665,9.50E-08,none
"Mckeon, Thomas Justin",19650,9.49E-08,none
"Hooper, James A. P.",19649,9.49E-08,none
"Proteau, Andre P.",19637,9.49E-08,none
"Fabiilli, Samantha Marie",19535,9.44E-08,none
"Duquette, Matthew D",19518,9.43E-08,none
"Bradette, Paul",19509,9.42E-08,none
"Gadreau, Christopher",19508,9.42E-08,none
"Mitchell, Romaine",19498,9.42E-08,none
"Coyne, Mike",19436,9.39E-08,none
"Suitters, Paul A.",19429,9.39E-08,none
"De Prinse, Siobhan E",19414,9.38E-08,none
"Peet, Chelsea",19414,9.38E-08,none
"Smith, Dawson Michael James",19362,9.35E-08,none
Hon. Rob Flack,19358,9.35E-08,none
"Lyndon, Jeffery",19298,9.32E-08,none
Hon. Trevor Jones,19278,9.31E-08,none
"Stawicki, Simone",19205,9.28E-08,none
Hon. Todd Smith,19197,9.27E-08,none
"Lueger, Ernst Georg",19133,9.24E-08,none
"Kyle, Callum",19112,9.23E-08,none
"O'Brien, Lisa M",19104,9.23E-08,none
France Gelinas,19101,9.23E-08,none
"Duguay, Jean P",19093,9.22E-08,none
"Bedard, Michel Andre",19091,9.22E-08,none
"Dines, Louis G",19055,9.20E-08,none
"Ladouceur, John Joseph",19051,9.20E-08,none
"Johnston, Daniel Curtis",19037,9.20E-08,none
"Montgomery, David John",18960,9.16E-08,none
"Gardner, Christopher",18959,9.16E-08,none
"Irvine, Andrew",18954,9.16E-08,none
"Myers, Cameron",18916,9.14E-08,none
"Elrick, Cameron James T",18867,9.11E-08,none
"Smith, Richard",18864,9.11E-08,none
"Havill, Sharon Ann",18854,9.11E-08,none
"Candy, Kelly Ann",18818,9.09E-08,none
"Gervais, Tom",18808,9.09E-08,none
"Sanita, Alexandra Nicole",18775,9.07E-08,none
"Towill, Michael",18774,9.07E-08,none
"Romas, Devin Graham",18745,9.05E-08,none
"Good, Kelsey",18742,9.05E-08,none
"Simmons, Timothy Wayne",18720,9.04E-08,none
"Debassige, Tanya",18650,9.01E-08,none
"Istl, Jennifer Marie",18636,9.00E-08,none
"Nakashima, Kam",18590,8.98E-08,none
"Kearns, Marty",18589,8.98E-08,none
"Nicholls, Jennifer Jane",18582,8.98E-08,none
"Blair, Andrew",18540,8.96E-08,none
"Kirwin, Deanna Leigh",18498,8.94E-08,none
"Maragna, Stephanie",18479,8.93E-08,none
"Ingham, Bill",18418,8.90E-08,none
"Ip, Stephen",18408,8.89E-08,none
"Rose, Darren F",18405,8.89E-08,none
"Muto, Davide",18383,8.88E-08,none
"Opaski, Randy",18377,8.88E-08,none
"Muncaster, Melanie",18364,8.87E-08,none
"Wood, Kristopher",18360,8.87E-08,none
"Fahrer, Mikayla",18346,8.86E-08,none
"Stone, Ryan Tapscott",18343,8.86E-08,none
"Bouma, Will",18339,8.86E-08,none
Hon. Samuel E Oosterhorf ,18338,8.86E-08,none
"Minor, Todd",18337,8.86E-08,none
"Gauthier, Shaloma Sarah",18267,8.82E-08,none
"Needham, Derek",18209,8.80E-08,none
"Maheswaran, Mathisan Null",18206,8.79E-08,none
"Hill, Karen L",18190,8.79E-08,none
"Wilson, Cameron Noble",18171,8.78E-08,none
"Van Vaerenberghe, Christopher M",18167,8.78E-08,none
"Dobransky, Paul",18155,8.77E-08,none
"Kocovski, Linda",18148,8.77E-08,none
"Smithson, Mitchell Alexander",18134,8.76E-08,none
"Osesky, Chelsea Mary",18112,8.75E-08,none
Andrew Roberts,18024,8.71E-08,none
"Milne, Daniel",18005,8.70E-08,none
"Tenhunen, Lauren Elizabeth Colleen",17968,8.68E-08,none
"Tuck, Jennifer L",17941,8.67E-08,none
"Locke, Jeremy",17938,8.67E-08,none
"Postma, Kevin J",17868,8.63E-08,none
"Campbell, Dyann M.",17865,8.63E-08,none
"Belanger, Amanda Lee Claire",17844,8.62E-08,none
"Kosmas, Rula",17834,8.61E-08,none
"Lord, Roger Maurice",17812,8.60E-08,none
"Wiersma, Joanna",17781,8.59E-08,none
"Mcauliffe, Justin Christopher",17773,8.59E-08,none
"Fasullo, Pamela",17750,8.57E-08,none
"Ducharme, Camille J",17745,8.57E-08,none
"Reeve, Christopher",17698,8.55E-08,none
"Cavaliere, Franca",17665,8.53E-08,none
"Jacklin, Wayde E",17655,8.53E-08,none
"Johnston, Kevin Lloyd",17630,8.52E-08,none
"Craig, Kevin Daniel",17626,8.51E-08,none
"Lepage, Yanick",17625,8.51E-08,none
"Allen, Kevin",17604,8.50E-08,none
"Savoie, Marc",17603,8.50E-08,none
"Petrovich, Andor",17598,8.50E-08,none
"Maclachlan, Darrin E.",17596,8.50E-08,none
"Lafleur, Josee",17576,8.49E-08,none
"Funk, Alisa",17561,8.48E-08,none
"Singleton, Marty",17443,8.43E-08,none
"Brisard, Bryon O",17434,8.42E-08,none
"Holmes, Kenneth",17426,8.42E-08,none
"Harrison, Celeste Caroline",17426,8.42E-08,none
"Innis, Todd",17401,8.41E-08,none
"Glynn, Wilfred",17380,8.40E-08,none
"Mason, Kelly",17341,8.38E-08,none
"Friederichsen, Sidarta",17283,8.35E-08,none
D. Skelly,17249,8.33E-08,none
"Belanger, Adam",17247,8.33E-08,none
"Duggan, Jeffrey P",17245,8.33E-08,none
"Nyhuis, Matthew Wayne",17210,8.31E-08,none
"Goble, Michael David",17209,8.31E-08,none
"Tremblay, Genevieve Lucie",17191,8.30E-08,none
"Ouimette, Robert A.",17186,8.30E-08,none
"Jackson, Devon S",17158,8.29E-08,none
"Gummow, Brittany Loreen",17122,8.27E-08,none
"Harris, Cassandra",17113,8.27E-08,none
"Dickson, Lisa Marie",17061,8.24E-08,none
"Pilon, Michael",17056,8.24E-08,none
Patricia Kosseim,17056,8.24E-08,none
"Martino, Janet",17052,8.24E-08,none
"Shabaga, Lyle",17020,8.22E-08,none
"Murray, Tanya",16980,8.20E-08,none
"Buzwah, Danielle",16961,8.19E-08,none
"Finlay, Barbara",16957,8.19E-08,none
"St. Clair, Karey Aloysius",16921,8.17E-08,none
"Fryia, Mitchell",16883,8.16E-08,none
"Gallaugher, Mike J.",16879,8.15E-08,none
"Sotiropoulos, Christos",16850,8.14E-08,none
"Dees, Darin M",16848,8.14E-08,none
Robin Martin,16846,8.14E-08,none
Jess Dixon,16846,8.14E-08,none
"Mighton, Gerald Bruce",16833,8.13E-08,none
"Kaspersen, Neil",16826,8.13E-08,none
"Andrews, David Lyle",16799,8.11E-08,none
"Metelkin, Evgenii",16791,8.11E-08,none
"Zavaglia, Rebecca Leigh-Anne",16753,8.09E-08,none
"Guerard, John",16739,8.09E-08,none
"Arnone, Matthew J.F.",16712,8.07E-08,none
"Woodley, Kirk",16707,8.07E-08,none
"Brockman, Richard",16702,8.07E-08,none
"Gough, Sarah Ashley",16701,8.07E-08,none
Hon. Associate Minister Michael Tibollo,16699,8.07E-08,none
"Bergman, Edward Emanuel",16686,8.06E-08,none
"Turcotte, Andrew Charles",16681,8.06E-08,none
Stephane Sarrazin,16667,8.05E-08,none
Effie Triantafilopoulos,16667,8.05E-08,none
Richard Byers,16667,8.05E-08,none
Brian Saunderson,16667,8.05E-08,none
Rudy Cuzzetto,16667,8.05E-08,none
Sheref Sabawy ,16667,8.05E-08,none
Amarjot Sandhu,16667,8.05E-08,none
Christine Hogarth,16667,8.05E-08,none
Logan Kanapathi,16667,8.05E-08,none
Daisy Wai,16667,8.05E-08,none
Billy Pang,16667,8.05E-08,none
Laura Smith,16667,8.05E-08,none
Robert Bailey,16667,8.05E-08,none
Ric Bresee,16667,8.05E-08,none
Andrew Dowie,16667,8.05E-08,none
Lorne Coe,16667,8.05E-08,none
Will Bouma,16667,8.05E-08,none
Brian Riddell,16667,8.05E-08,none
Natalie Pierre,16667,8.05E-08,none
John Jordon,16667,8.05E-08,none
John Yakabuski,16667,8.05E-08,none
Anthony Leardi,16667,8.05E-08,none
"Lim, Phaik Lay",16597,8.02E-08,none
"Van Rybroeck, Jeffrey Richard",16589,8.01E-08,none
"Zawada, Michal",16583,8.01E-08,none
"Nenadovic, Catherine A.",16583,8.01E-08,none
"Snider, Benjamin Dallas",16515,7.98E-08,none
"Ray, Zackary",16507,7.97E-08,none
"Anderson, Brian Eric",16506,7.97E-08,none
"Rose, Murray",16471,7.96E-08,none
"Sabri, Sabrina",16454,7.95E-08,none
"Yousif, Basil ",16432,7.94E-08,none
"Legros, Jody M.",16409,7.93E-08,none
"Burke, Brayden James",16405,7.92E-08,none
"Wilkins, Adam",16401,7.92E-08,none
"Dawson-Kinnonen, Tracey",16385,7.91E-08,none
"Karadzic, Vlatko",16357,7.90E-08,none
"Croghan, Derek Bradley",16343,7.89E-08,none
P. Sattler,16317,7.88E-08,none
"Reymer, Paul",16316,7.88E-08,none
"Hamilton, Alexandra",16315,7.88E-08,none
"Chivers-Wilson, Jason J",16307,7.88E-08,none
"Anderson, Caralyn Bj",16279,7.86E-08,none
"Tindall, Joshua Luke",16275,7.86E-08,none
"Poperechny, Jeffrey N",16271,7.86E-08,none
"Henderson, Jeffrey Scott",16258,7.85E-08,none
"Rivas, Raul I",16255,7.85E-08,none
"Card, Cory",16247,7.85E-08,none
"Fortin, Shawn",16239,7.84E-08,none
"Parsons, Bonnie Marie",16221,7.84E-08,none
"Brown, Timothy A",16215,7.83E-08,none
"De Sa, Dominic",16185,7.82E-08,none
"Sidiqi, Amena Mohammad",16149,7.80E-08,none
"Nicholl, Jennifer D.",16144,7.80E-08,none
"Beringer, Robert Shawn",16140,7.80E-08,none
"Jordison, Matthew Dale",16134,7.79E-08,none
"Carnevale, Julia",16132,7.79E-08,none
"Lindsay, Rebecca Marie",16124,7.79E-08,none
"Greer, Kristina Jean",16107,7.78E-08,none
"Macdonald, Victoria Louise",16074,7.76E-08,none
"Smith, Gary",16053,7.75E-08,none
"Roberts, Tawnya",16034,7.75E-08,none
"Wiebe, Matthew William",16027,7.74E-08,none
"Deras, Sara Michelle",16027,7.74E-08,none
"Taylor, Bradley",16023,7.74E-08,none
"Maclean, Sean",16003,7.73E-08,none
"Dauphin, Michael Wayne",15999,7.73E-08,none
"Stephens, Sean Sebastien",15991,7.72E-08,none
"Smith, Craig",15990,7.72E-08,none
"Pinkerton, Eric G",15978,7.72E-08,none
"Owen, Morgan Nicole",15975,7.72E-08,none
"Murphy, Shelley",15967,7.71E-08,none
"Parker, Nathan",15954,7.71E-08,none
"Levesque, Sylvain",15945,7.70E-08,none
"Brearley, Craig J",15943,7.70E-08,none
"Hill, Rebecca",15899,7.68E-08,none
"Whinney, Toby L",15896,7.68E-08,none
"Tassone, Raffaeli",15887,7.67E-08,none
"Kucharchuk, Christina Joanne",15854,7.66E-08,none
"Mead, Mark Patrick",15827,7.65E-08,none
"Leivo, Davin Kent",15812,7.64E-08,none
"Beaman, Sarah",15792,7.63E-08,none
"Zemba, Alexandra Loreen",15785,7.63E-08,none
"Mcgoldrick, Michael",15753,7.61E-08,none
"Legassic, Christopher Adam",15746,7.61E-08,none
"Voegtle, Brian D.",15734,7.60E-08,none
"Deruiter, Murray J",15719,7.59E-08,none
"Winn, Bruce Mark",15719,7.59E-08,none
"Hahkala, Devan",15698,7.58E-08,none
"Turcotte, Justin Ross",15679,7.57E-08,none
"Hubbard, Clive",15676,7.57E-08,none
"Fortier, Daniel Joseph Julien Gerard",15665,7.57E-08,none
"Sharpley, Jonathan",15655,7.56E-08,none
"Cullaton, Tanya Margaret",15625,7.55E-08,none
"Gould, Lindsay E",15616,7.54E-08,none
"Shah, Chaitanya",15598,7.53E-08,none
"Mckillop, Mark Daniel",15565,7.52E-08,none
"Choffe, Jaxon Carter",15516,7.50E-08,none
"Craig, Julia",15511,7.49E-08,none
"Shaw, William",15489,7.48E-08,none
"Kichiy, Brett…................................",15477,7.48E-08,none
"Fewster, Corinne",15476,7.48E-08,none
"Sterling, Brent",15469,7.47E-08,none
"Cole, John",15453,7.46E-08,none
"Ganesh, Anup Kumar",15448,7.46E-08,none
"Ready, Jason J",15403,7.44E-08,none
"Geauvreau, Amy",15396,7.44E-08,none
"Smith, Ryan Thomas",15393,7.44E-08,none
"Cronsberry, Sean J.",15391,7.43E-08,none
"Tressider, Lee-Anne",15391,7.43E-08,none
"Wheatley, Melanie",15382,7.43E-08,none
"Finn, Marcella Elaine",15382,7.43E-08,none
"Button, Robert John",15362,7.42E-08,none
"Krupica, Karla Lynn",15334,7.41E-08,none
"Deschamps, Angele Patricia",15328,7.40E-08,none
"Schumacher, Franz Adrian",15321,7.40E-08,none
"Robitaille, Brent R",15315,7.40E-08,none
"Moore, Dylan T",15295,7.39E-08,none
"Morningstar, Russell",15284,7.38E-08,none
"Colborne, Diana (Dee)",15281,7.38E-08,none
"Duff, Stephen",15271,7.38E-08,none
"Liang, Yi-Te",15256,7.37E-08,none
"Johnston, John Anthony",15254,7.37E-08,none
"Cundari, Robert Murray",15229,7.36E-08,none
"Fisher, Ashley L",15227,7.36E-08,none
"Dusto, Daniel W",15208,7.35E-08,none
"Evans, Janet",15196,7.34E-08,none
"Bowyer, Marcus A.E.",15194,7.34E-08,none
"Edey, Nicholas John",15189,7.34E-08,none
"Ewing, Alexander Mactaggart",15145,7.32E-08,none
"Wehrmann, David",15141,7.31E-08,none
"Sundy, David Jonathan",15124,7.31E-08,none
"Macrae, Cora R",15098,7.29E-08,none
"Ward, Kadie",15095,7.29E-08,none
"Witkowski, Rachel Diane",15086,7.29E-08,none
"Fitch, K. Andrew",15081,7.28E-08,none
"Brown, Jennifer Lee",15079,7.28E-08,none
"Ciamarra, Bianca Angela",15061,7.28E-08,none
"Hahn, Steven",15050,7.27E-08,none
"Alkins, Wesley A",15000,7.25E-08,none
Fogler Rubinoff Llp ,15000,7.25E-08,none
"Corner, Mark",14997,7.24E-08,none
"Robb, Blair Ryan",14946,7.22E-08,none
"Hanoski, Braeden Gregory John",14946,7.22E-08,none
"Bevilacqua, Jonathan Lee",14934,7.21E-08,none
"Robert, Holly Ann",14919,7.21E-08,none
"Tyagi, Akhil",14902,7.20E-08,none
Deborah La Mantia,14893,7.19E-08,none
"Noel, Michel",14890,7.19E-08,none
"Migueis, Daniel",14885,7.19E-08,none
"Tilt, Whitney",14867,7.18E-08,none
"Lundy, Larry",14865,7.18E-08,none
L. Scott,14860,7.18E-08,none
J. French,14860,7.18E-08,none
E. Hardeman,14860,7.18E-08,none
A. Babikian,14860,7.18E-08,none
T. Rakocevic,14860,7.18E-08,none
"Milosevic, Maja",14856,7.18E-08,none
"Mandamin, Darrell B.",14854,7.18E-08,none
"Romain, James D",14854,7.18E-08,none
"Mcarthur, Terrie",14830,7.16E-08,none
"Watson, Bailey",14823,7.16E-08,none
"Byrnes, Sylvie",14813,7.16E-08,none
"King, Angeli Marissa",14802,7.15E-08,none
"Cernigoj, Margaret Mary",14791,7.14E-08,none
"Crosby, Nathan Newcombe",14787,7.14E-08,none
"Egli, Anna",14779,7.14E-08,none
"Mulligan, Trisha Lee",14758,7.13E-08,none
"Camps, Chad Anthony",14755,7.13E-08,none
"Coleman, Robert James",14747,7.12E-08,none
"Ronan, Joseph Fergus",14747,7.12E-08,none
"Thompson, Rohan K",14740,7.12E-08,none
"Weeks, Kelly A.",14717,7.11E-08,none
"Stauder, Joshua",14715,7.11E-08,none
Jad El Tal,14705,7.10E-08,none
"Brown, Jennifer",14691,7.10E-08,none
"Mccarthy, Suzanna",14690,7.10E-08,none
"Jacko, Marian",14690,7.10E-08,none
"Elliott, David Scott",14684,7.09E-08,none
"Flumerfelt, Robin",14684,7.09E-08,none
"Watson, Matthew",14680,7.09E-08,none
"Chapados, Claude",14654,7.08E-08,none
"Lavoie, Olwen",14653,7.08E-08,none
"Lauricella, Jennifer H",14645,7.07E-08,none
"Polly, Sean William",14625,7.06E-08,none
"Rourke, Katelynn",14588,7.05E-08,none
"Campagna, Luca",14585,7.05E-08,none
J. Burch,14569,7.04E-08,none
"Mehra, Digvijay",14535,7.02E-08,none
"Saikkonen, Robert W",14519,7.01E-08,none
"Brown, Lynda Fernanda",14505,7.01E-08,none
"Kopf, Victoria Elizabeth",14476,6.99E-08,none
"Varone, Giuseppe",14458,6.98E-08,none
"Segree, Michael",14436,6.97E-08,none
"Snider, Carla Marie",14432,6.97E-08,none
"Shkilnyk, Janis M",14422,6.97E-08,none
"Pauley, Fraser Rf",14393,6.95E-08,none
"Rawn, Trina Lee",14375,6.94E-08,none
"Foy, Luke Christopher Jr",14368,6.94E-08,none
"Dunlop, Jill",14353,6.93E-08,none
"Pella, Patricia",14311,6.91E-08,none
"Amonson, Christopher Earl",14288,6.90E-08,none
"Wuta, Kinkela Nathali",14279,6.90E-08,none
"Brown, Wendy Kelsey",14279,6.90E-08,none
Donna Skelly,14274,6.90E-08,none
"Burns, Robert D.",14250,6.88E-08,none
Rosemary Ly,14250,6.88E-08,none
"Guindon, Jean",14241,6.88E-08,none
"Roy, Cary Victor",14233,6.88E-08,none
"Fraser, Justin Stuart",14216,6.87E-08,none
"Muchmaker, Tracy Lorraine",14214,6.87E-08,none
"Stehlik, Michael Josef",14206,6.86E-08,none
"Huyer, Dirk W",14204,6.86E-08,none
"Hogue, Gilles",14200,6.86E-08,none
"Foley, Rick",14196,6.86E-08,none
"Batise, Shawn",14195,6.86E-08,none
"Hopkins, Matthew Calvin",14184,6.85E-08,none
"Mcparland, Janet",14164,6.84E-08,none
"Gagnon, Dave",14164,6.84E-08,none
"Fitzgerald, Kenneth J",14161,6.84E-08,none
"Samson, Jonathan N",14157,6.84E-08,none
"Warren, Jeffrey R",14139,6.83E-08,none
"Leder, Jeffrey G",14135,6.83E-08,none
"Typer, Joseph",14133,6.83E-08,none
"Verdiel, Jeremy",14130,6.83E-08,none
"Sampson, Tanya",14118,6.82E-08,none
"Kerr, Douglas",14111,6.82E-08,none
"Nicol, Devin",14105,6.81E-08,none
"Lakovic, Tijana",14101,6.81E-08,none
"Cain, Blair Hunter",14092,6.81E-08,none
"Poisson, Samantha E.",14042,6.78E-08,none
"Lawless, Alexandra",14037,6.78E-08,none
"Mezzatesta, Melanie",14035,6.78E-08,none
"Moreno, Christian",14032,6.78E-08,none
"Baker, Scott",14031,6.78E-08,none
"Wilby, Jeffrey R",14027,6.78E-08,none
"Cunningham, Meaghan E.",14025,6.77E-08,none
"Meharrie, Dwayne",14009,6.77E-08,none
"Russell, Shannon Kelly",13993,6.76E-08,none
"Savioli, Wendy",13980,6.75E-08,none
"Hawkins, Brian J",13980,6.75E-08,none
"Chadwick, Keith P",13967,6.75E-08,none
"Weise, Christopher P",13933,6.73E-08,none
"Lemire, Robert Leo",13923,6.73E-08,none
"Baker, Austin Mitchell",13912,6.72E-08,none
"Gagnon, Serge",13906,6.72E-08,none
"Dhillon, Taranjit S.",13906,6.72E-08,none
"Green, Matthew Lawrence",13900,6.71E-08,none
"Cosgrove, Patricia ",13894,6.71E-08,none
"Dupuis, Jason",13889,6.71E-08,none
"Lamarche, Sebastien G",13879,6.70E-08,none
"Connell, Sharon",13877,6.70E-08,none
"Pitfield, Daryl W",13874,6.70E-08,none
"Thib, Dwight F",13872,6.70E-08,none
"King, Amy Elizabeth",13851,6.69E-08,none
"Leblanc, Mary Amelia",13836,6.68E-08,none
"Rochette, Tim A",13829,6.68E-08,none
"Donnelly, Gail",13816,6.67E-08,none
"Burtenshaw, Charla Anne",13793,6.66E-08,none
Israel Foulon Wong Llp ,13766,6.65E-08,none
"Hughes, Larry",13760,6.65E-08,none
"Brown, Tracey",13756,6.64E-08,none
"Chapman, Tracey-Anne Michelle",13750,6.64E-08,none
"Regimbal, Kevin I.",13747,6.64E-08,none
"Ospina, Mauricio",13736,6.64E-08,none
"Pierce, Donald L",13733,6.63E-08,none
"Johnston, Paul D.",13716,6.63E-08,none
"White, Erinn C",13716,6.63E-08,none
"Wilcox, Tanice",13697,6.62E-08,none
"Stephens, Katherine Patricia",13693,6.61E-08,none
"Jozwiak, Alan",13658,6.60E-08,none
"Armstrong, George",13647,6.59E-08,none
"Lalonde, Rene G J",13645,6.59E-08,none
"Staley, Ian G.",13643,6.59E-08,none
"Evans, Jennifer Anne",13619,6.58E-08,none
"Seguin, Jeff",13617,6.58E-08,none
"Thomson, Theresa M",13582,6.56E-08,none
"Gosselin, Marilissa",13565,6.55E-08,none
"Mcmillan, Jennifer Lynn",13561,6.55E-08,none
"Cowle, Darlene",13541,6.54E-08,none
"Pistilli, Mike",13535,6.54E-08,none
"O'Sullivan, Mackenzie D",13528,6.53E-08,none
"Newhook, Wayne",13527,6.53E-08,none
"Kirk, David",13525,6.53E-08,none
"Warner, Barbara Ellen",13502,6.52E-08,none
"Vigfusson, Sturn",13494,6.52E-08,none
"Taite, Sharon",13487,6.51E-08,none
"Weise, Jeremy Victor",13472,6.51E-08,none
"Cameron, Jennifer",13466,6.50E-08,none
"Park, Mitchell",13447,6.50E-08,none
"Fancott, Patrick",13426,6.49E-08,none
"Stead, Paul Glenn Allan",13414,6.48E-08,none
"Sheridan, Gregory Dean",13410,6.48E-08,none
"Gonzalez Martinez, Sandra Paulina",13408,6.48E-08,none
"Clarke, Kevin W",13405,6.48E-08,none
"Austin, Wesley K",13403,6.47E-08,none
"Mills, Alexander R",13392,6.47E-08,none
Stephen Pinsonneault,13380,6.46E-08,none
Hamid Zeeshan,13380,6.46E-08,none
"Caron, Isabelle Rejeanne",13334,6.44E-08,none
"Cooke, Diana",13334,6.44E-08,none
"Nixon, Amanda Dawn",13317,6.43E-08,none
"Hansenberger, Connie",13313,6.43E-08,none
"Morris, Patrick J",13306,6.43E-08,none
"Mccreith, Rachel Pamela",13301,6.43E-08,none
"Mills, Melinda Faye",13274,6.41E-08,none
"Gordon, Andrew R",13272,6.41E-08,none
"Mistry, Bhavin Jayantilal",13217,6.38E-08,none
"Severin, Flavio Antonio",13213,6.38E-08,none
"Palin, Heather D.",13212,6.38E-08,none
"Vidler, Campbell",13198,6.38E-08,none
"Sharma, Sarthak",13188,6.37E-08,none
"Makohn, Christopher",13180,6.37E-08,none
"Johnson, Keith",13174,6.36E-08,none
"Visser, Kurt Daniel",13169,6.36E-08,none
"Nelson, Craig Alex George",13161,6.36E-08,none
"Kielman, Brian George",13153,6.35E-08,none
"Dikun, George",13150,6.35E-08,none
"Campbell, Jonathan Rc",13147,6.35E-08,none
"Chapman, Carissa Mary",13145,6.35E-08,none
"Hall, Jodi Marie",13130,6.34E-08,none
"O'Brien, Michael Stuart",13128,6.34E-08,none
"Lucas, Ronnie",13120,6.34E-08,none
"Clow, William G.",13109,6.33E-08,none
"Mabatid, Michael James G",13087,6.32E-08,none
"Groeneveld, Paul P",13066,6.31E-08,none
"Lalonde, David E A",13038,6.30E-08,none
"Kotulak, Brandon Michael",13033,6.30E-08,none
"Mahmud, Altaf",13028,6.29E-08,none
"Kaur, Swarnjeet",13025,6.29E-08,none
"Smith, Scott",13009,6.28E-08,none
"Cunningham, Katherine",13007,6.28E-08,none
"Marshall, Christopher M",13004,6.28E-08,none
"Acheampong, Dean B",13003,6.28E-08,none
"Maynard, Benjamin",13000,6.28E-08,none
"Winkworth, Joseph",12987,6.27E-08,none
"Belec, Jean",12969,6.26E-08,none
"Burns, Mathew Logan",12966,6.26E-08,none
"Miller, Mary C",12960,6.26E-08,none
"Farah, Mohamed",12946,6.25E-08,none
"Mcgale, Shannon",12945,6.25E-08,none
"Spurrell, Jennifer Marie",12922,6.24E-08,none
"Hoevenaars, Clare Miller",12915,6.24E-08,none
"Teschner, Ryan D",12897,6.23E-08,none
"Murchland, Emmett Austen",12892,6.23E-08,none
"Rubach, Troy E",12889,6.23E-08,none
"Roesch, Gord",12884,6.22E-08,none
"Maguire, Sean",12879,6.22E-08,none
"Taylor, Grant William",12875,6.22E-08,none
"Gonder, David J. A.",12873,6.22E-08,none
"Mcintyre, Anna Spring",12869,6.22E-08,none
"Asselstine, Debbie L",12865,6.21E-08,none
"Wellock, Dayna",12865,6.21E-08,none
"Seymour, Dean",12857,6.21E-08,none
"Kalashnikova, Olga",12853,6.21E-08,none
"Bembeneck, Brittany R. ",12852,6.21E-08,none
"Ridley, David Michael Andrew",12836,6.20E-08,none
"Duquette-Lafortune, Shelley Lynn",12827,6.20E-08,none
"Maracle, Gary Warren",12826,6.20E-08,none
"Mewett, Keith",12816,6.19E-08,none
"Kerkhof, Kevin",12805,6.19E-08,none
"Moore, Michael A",12803,6.18E-08,none
"Brown, Alexander A",12801,6.18E-08,none
"Reid, Linda Allison",12793,6.18E-08,none
"Walsh, Gregory S",12787,6.18E-08,none
"Cronheimer, Jennifer Lynne",12784,6.18E-08,none
"Siddiqui, Mahmood Ahmed",12774,6.17E-08,none
"Malette, Francois Junior",12768,6.17E-08,none
"Johnstone, Kathleen D",12767,6.17E-08,none
"Broussard, Katherine M",12766,6.17E-08,none
"Baker, Robert",12760,6.16E-08,none
"Snider, Christina",12722,6.15E-08,none
"Sicard, Fabiola",12703,6.14E-08,none
"Bercowski, Kailee Rebecca",12696,6.13E-08,none
"Schuck, Tara H.",12695,6.13E-08,none
"Jensen-Hicks, Heather Lynn",12691,6.13E-08,none
"Corbett, Matthew J.",12670,6.12E-08,none
"Seeton, Joshua Arthur",12668,6.12E-08,none
"Hryhorsky, Christopher J",12658,6.11E-08,none
"Levert, Daniel",12640,6.11E-08,none
"Haidar, Emad D",12638,6.10E-08,none
"Sutton, Alexandra B",12627,6.10E-08,none
"De Araujo Barreto, Carlos Rafael",12625,6.10E-08,none
"Puckerin, Loma Sherry-Ann",12622,6.10E-08,none
"Dunbabin, Richard",12613,6.09E-08,none
"Thomas, Katie",12610,6.09E-08,none
"Cook, Amy",12586,6.08E-08,none
"Moore, Carey James",12569,6.07E-08,none
"Williams, Keifer",12568,6.07E-08,none
"Marks, Lindsay Katherine",12561,6.07E-08,none
"Chaimbrone, Vanessa Ann",12554,6.06E-08,none
"Mclarty, Darren L.",12546,6.06E-08,none
"Pereira, Nicole Stephanie",12531,6.05E-08,none
"Gruber, David",12525,6.05E-08,none
"Robere-Mcgugan, George Ross",12520,6.05E-08,none
"Edsall, Jesse James",12518,6.05E-08,none
"Duewel, Karl",12511,6.04E-08,none
"Dwivedi, Anish Kumar",12505,6.04E-08,none
"Carter, Shaun E",12505,6.04E-08,none
"Robson, Erika",12503,6.04E-08,none
"Van Egmond, Alyson",12501,6.04E-08,none
"Zele, Yifokire",12496,6.04E-08,none
"Punzalan, Marko",12488,6.03E-08,none
"Carrique, Thomas",12485,6.03E-08,none
"Jarvis, Ricky",12476,6.03E-08,none
"Didiodato, David",12473,6.03E-08,none
"Gajda, Bart J",12473,6.03E-08,none
"Scott, Charlotte Anne",12468,6.02E-08,none
"Clark, Timothy J",12460,6.02E-08,none
"Hewett, Bradley",12456,6.02E-08,none
"Arruda, Tiago",12455,6.02E-08,none
"Rawn, Ana V",12454,6.02E-08,none
"Eggleton, David S",12453,6.02E-08,none
"Shantz, David",12442,6.01E-08,none
"Treitz, Ashley J.",12437,6.01E-08,none
"Benomar, Lahcen",12433,6.01E-08,none
"Harkins, Linda",12415,6.00E-08,none
"Gilchrist, Jennifer Michelle",12413,6.00E-08,none
"Reed, Andrew",12412,6.00E-08,none
"Budgell, Shane A",12396,5.99E-08,none
"Gioia, Kelly J",12396,5.99E-08,none
"Bowman, Brett R",12395,5.99E-08,none
"Lee, Yung-Cheng",12393,5.99E-08,none
"Thomson, Stacie Yee-Ching",12389,5.98E-08,none
"Sihota, Amit Kaur",12372,5.98E-08,none
"Pendzinski, Michael",12367,5.97E-08,none
"Ball, Michael",12367,5.97E-08,none
"Schnurr, April L",12365,5.97E-08,none
"Legault, Lynn-Marie",12360,5.97E-08,none
"Parent, Marc-Andre",12349,5.97E-08,none
"Arteaga, Patrick Fabian",12334,5.96E-08,none
"Kennedy, Nancy",12331,5.96E-08,none
"Debois, Kayla L",12328,5.96E-08,none
"Ipsen, Kirsten V",12324,5.95E-08,none
"Virdee, Sarvinder S",12319,5.95E-08,none
"Delargy, Sean",12306,5.94E-08,none
"Kluke, Lisa",12304,5.94E-08,none
"Warner, Jeffrey A.",12298,5.94E-08,none
"Keag, Noel Elizabeth",12293,5.94E-08,none
"Ruan, Xiaozhou",12287,5.94E-08,none
"Horula, Jeff B.",12272,5.93E-08,none
"Pagliaroli, Belinda",12268,5.93E-08,none
"Deline, Carrie Eileen",12246,5.92E-08,none
"Westman, Trisha",12244,5.91E-08,none
"Puviraj, Ryan Jonathan",12241,5.91E-08,none
"Leonard, Mara",12239,5.91E-08,none
"Grandel, Darren Edward",12233,5.91E-08,none
"Wilkes, Scott D",12228,5.91E-08,none
"Shuter, Jennifer",12223,5.90E-08,none
"Gibbs, Katie Lauren",12220,5.90E-08,none
"Mohamoud, Sirad A",12216,5.90E-08,none
"Miller, Wayne",12208,5.90E-08,none
"Stobie, Riley Johnathon David",12205,5.90E-08,none
"Buness, Karen Lynne",12203,5.89E-08,none
"Manol, David E",12196,5.89E-08,none
"Lalonde, Ivan",12188,5.89E-08,none
"Hayes, William",12184,5.89E-08,none
"Rice, Mya Lisa",12169,5.88E-08,none
"Lemcke, Gregory B",12162,5.87E-08,none
"Braun, Rodney",12157,5.87E-08,none
"Momanyi, Gillian Jacqui",12156,5.87E-08,none
"Mertens, Christopher",12154,5.87E-08,none
"Jeffrey, Jennifer J",12150,5.87E-08,none
"Hancock, Julia Marie",12149,5.87E-08,none
"Lapensee, Maryse Claire",12141,5.86E-08,none
"Pinder, Michael",12139,5.86E-08,none
"Granton, Francis P.",12131,5.86E-08,none
"Marko, Shane A",12129,5.86E-08,none
"Columbus, Christine M",12119,5.85E-08,none
"Dunlop, Michael H",12116,5.85E-08,none
"Phillips, Shawn",12114,5.85E-08,none
"Furlan, Mary Bridget Kathleen",12113,5.85E-08,none
"Namysl, Eva Magdalena",12111,5.85E-08,none
"Larocque, Johnathan Allen",12111,5.85E-08,none
"Lawrence, Don",12107,5.85E-08,none
"Letson, Jeffrey",12098,5.84E-08,none
"Thorne, Peter",12098,5.84E-08,none
"Wiseman, Michelle M.",12058,5.82E-08,none
"Newman, Robert Bernard",12057,5.82E-08,none
"Coo, Michael L",12037,5.81E-08,none
"Mezzatesta, Joseph",12020,5.81E-08,none
"Himanen, Marcus S",12017,5.80E-08,none
"Hawley, Leanna E",11999,5.80E-08,none
"Michie, Craig Ronald",11994,5.79E-08,none
"O'Brien, Michael Patrick",11992,5.79E-08,none
"Cummings, Lisa",11983,5.79E-08,none
"Chaplin, Darin",11978,5.79E-08,none
"Power, Melanie",11977,5.79E-08,none
"Snedden, Cassandra Joanna",11977,5.79E-08,none
"Lindsay, Joshua",11972,5.78E-08,none
"Stuper, Jamie L.",11964,5.78E-08,none
"Plater, Chris",11940,5.77E-08,none
"Beazley, Greg",11939,5.77E-08,none
"Jeffery, Kirk",11938,5.77E-08,none
"Filman, Shaun D",11934,5.76E-08,none
"Taylor, Cassandra Lee Ann",11933,5.76E-08,none
"Bhatia, Guru",11920,5.76E-08,none
"Varley, Autumn",11919,5.76E-08,none
"Streefkerk, William Dean",11900,5.75E-08,none
"Forouzesh, Navid",11886,5.74E-08,none
"Lecappelain, Daniel Ryan",11877,5.74E-08,none
"Karcz, John C",11876,5.74E-08,none
"Davidson, Lina Louise",11874,5.74E-08,none
"Skene, Lani",11869,5.73E-08,none
"Maloney, Rachel Ruth Marie Tahouney",11868,5.73E-08,none
"Froese, Jordan James",11858,5.73E-08,none
"Mcmaster, Jamie Scott ",11858,5.73E-08,none
"Smagac, Chris",11842,5.72E-08,none
"Pegoraro, Andrew",11839,5.72E-08,none
"Mercier, Jonathan Michael",11834,5.72E-08,none
"Di Tommaso, Mario",11831,5.72E-08,none
"Allen, Sarah Lindsay",11825,5.71E-08,none
"Dodd, Robert Thomas Jeffrey",11824,5.71E-08,none
"Lee, Timothy L.",11819,5.71E-08,none
"Hemmingsen, Helen Dora Mary",11815,5.71E-08,none
"Samson, Clifford L",11808,5.70E-08,none
"Sabaratnam, Ragaven",11803,5.70E-08,none
"Bellefeuille, Ronald G.",11801,5.70E-08,none
"Cetnarski, Kelly A.",11788,5.69E-08,none
"Bell, Jaclyn",11780,5.69E-08,none
"Mondor, Robert",11774,5.69E-08,none
"Ilic, Ariel A.",11765,5.68E-08,none
"Seymour, Clayton C",11761,5.68E-08,none
"Paille, Rene",11760,5.68E-08,none
"Doni, Stephanie Marion Delfina",11749,5.68E-08,none
"Lamontagne, Micael",11746,5.67E-08,none
Hardeep Grewal,11739,5.67E-08,none
Deepak Anand,11739,5.67E-08,none
HIV Aids And Hepatitis C Programs,11739,5.67E-08,none
"Van Yzendoorn, Antonius J",11733,5.67E-08,none
"Higgs, Brian",11721,5.66E-08,none
"Malegus, Paul",11707,5.66E-08,none
"Huebel, Dorene",11706,5.65E-08,none
"Caldwell, Frederick Bruce",11692,5.65E-08,none
"Enderwick, Ian Gerald",11689,5.65E-08,none
"Zacher, James Ignatius",11683,5.64E-08,none
"Tannahill, William Alexander",11675,5.64E-08,none
"Van Aert, Grace Frances",11675,5.64E-08,none
Weirfoulds Llp ,11664,5.63E-08,none
"Berube, Jeffrey Martin",11660,5.63E-08,none
Jamie West,11640,5.62E-08,none
"Henry, Joann Veronica",11637,5.62E-08,none
"Duval, Luc R",11633,5.62E-08,none
"Hewko, Arlene C.",11624,5.62E-08,none
"Wood, Kelly Anne",11617,5.61E-08,none
"Levanen, Adam C",11608,5.61E-08,none
"Chan, Julia Wai Chi Bennett",11606,5.61E-08,none
"Damroodi, Danyal",11604,5.61E-08,none
"Rennie, Emily Grace",11602,5.60E-08,none
"Kann, Mark Travis",11601,5.60E-08,none
"Lavictoire, Sylvie",11601,5.60E-08,none
"Johnston, Angela C",11592,5.60E-08,none
"Parry, Brian Joseph",11587,5.60E-08,none
"Holwell, Morgan Suzanne",11581,5.59E-08,none
"Johnson, Lucas",11580,5.59E-08,none
"Atkinson, Francois (Frank) Daniel",11577,5.59E-08,none
"Johnson, Shannon R",11577,5.59E-08,none
"Turner, Benjamin Jacob",11573,5.59E-08,none
"Villeneuve, Maxime",11571,5.59E-08,none
L. Collard,11570,5.59E-08,none
B. Karpoche,11570,5.59E-08,none
"Bennett, Myles",11564,5.59E-08,none
"Happonen, Melvin J.",11562,5.59E-08,none
"Shakakeesic, Leann J",11553,5.58E-08,none
"Bruetsch, Ahnika Blair",11549,5.58E-08,none
"Melo, Liana Nancy",11548,5.58E-08,none
"Carino, Leandra Meredith",11530,5.57E-08,none
"Smith, Theodore E C",11523,5.57E-08,none
"Coulombe, Jacob",11521,5.57E-08,none
Richard Sunga ,11517,5.56E-08,none
"Norris, Tara",11517,5.56E-08,none
"Murphy, Darlene Edna",11513,5.56E-08,none
"Stratton, Kyle William Scott",11509,5.56E-08,none
"Robertson, Graham Stuart",11507,5.56E-08,none
"Kotyk, Luke",11499,5.55E-08,none
"Kerr, Catherine Louise",11493,5.55E-08,none
"Yelich, Ivana Ann Melissa",11491,5.55E-08,none
"Wright, Todd W",11490,5.55E-08,none
"Itani, Mohamed",11480,5.55E-08,none
"Rifou, Daniel",11472,5.54E-08,none
"Ksionzyk, Scott",11471,5.54E-08,none
"Sherwin, Chris",11468,5.54E-08,none
"Staels, Brittany Lynn",11468,5.54E-08,none
"Veillieux, Kevin",11460,5.54E-08,none
"Gunton, Tracey",11460,5.54E-08,none
"Morgan, Benjamin James Clifford",11458,5.53E-08,none
"Burgess, Dayna Lee",11457,5.53E-08,none
"Mccormick, James",11456,5.53E-08,none
"Gingerich, David R",11455,5.53E-08,none
"Lachance, Gilles W",11450,5.53E-08,none
"  1 Member At 11,446.88",11447,5.53E-08,none
"Weigelt, Harry",11446,5.53E-08,none
"Brown, Shalieann Staceyann",11438,5.53E-08,none
"Pierog, Jason E",11432,5.52E-08,none
"Fremit, Nicole Stefanie",11426,5.52E-08,none
"Richardson, Kirkland",11407,5.51E-08,none
"Benn, Laura A",11400,5.51E-08,none
"Churcher, Debra",11386,5.50E-08,none
"Rafferty, Jason Michael",11381,5.50E-08,none
"Gannon, John S",11371,5.49E-08,none
"Donahoe, Eric",11361,5.49E-08,none
"Belmore, Jeffrey E",11349,5.48E-08,none
"Anderson, Mary-Jane",11345,5.48E-08,none
"Greaves, Moira",11344,5.48E-08,none
"Grant, Tyler",11334,5.47E-08,none
"Mason, Nicole Robin",11330,5.47E-08,none
"Flach, Lalitha",11325,5.47E-08,none
"Joseph-Charlot, Marly Taina",11325,5.47E-08,none
"Bates, Frank J.T.",11325,5.47E-08,none
"Lyle, Margot Irene",11324,5.47E-08,none
"Vaillancourt, Guy Robert",11297,5.46E-08,none
"Klassen, Harold Victor",11290,5.45E-08,none
"Cavrag, Bozidar",11282,5.45E-08,none
"Mills, Ryan",11272,5.45E-08,none
"Hiraishi, Matthew Blair",11264,5.44E-08,none
"Brienesse, Michael",11261,5.44E-08,none
"Fitzgerald, Stephanie Anne",11255,5.44E-08,none
"Williams, Dan",11253,5.44E-08,none
"Thibaudeau, Eric David",11232,5.43E-08,none
"Soutar, Andrew",11221,5.42E-08,none
"Krmpotic, Brian",11218,5.42E-08,none
"Mcphail, Robert Lee",11203,5.41E-08,none
"Levin, Christine Lynn",11202,5.41E-08,none
"Wannamaker, Jamie",11194,5.41E-08,none
"Bulmer, Kristin Joy",11182,5.40E-08,none
"Kennedy, Sean Thomas",11178,5.40E-08,none
"Senecal, Ian Marc",11163,5.39E-08,none
"De Paulsen, Richard Justin",11162,5.39E-08,none
"Jones, Douglas Maclean",11162,5.39E-08,none
"Holder, Carey",11158,5.39E-08,none
"Islam, Golam Mohammad",11155,5.39E-08,none
"Macfarland, Laura-Lyn Ann",11150,5.39E-08,none
"Allick, David",11131,5.38E-08,none
"Nusev, Zoran",11129,5.38E-08,none
"Falsetto, Joshua",11124,5.37E-08,none
"D'Alessandro, Julie Anne",11117,5.37E-08,none
"Mason, Joe D",11111,5.37E-08,none
"Bell, Michael Todd",11106,5.36E-08,none
"Boccinfuso, Christopher A",11091,5.36E-08,none
"Patterson, Gregory Mark",11091,5.36E-08,none
"Mccormick, Ronald T",11089,5.36E-08,none
"Connell, Martin B",11083,5.35E-08,none
"Gray Pattemore, Pauline Lezlie",11081,5.35E-08,none
"Regan, Laurie",11073,5.35E-08,none
"Dyke, Karen",11070,5.35E-08,none
"Devroom, Matthew J",11063,5.34E-08,none
"Dougan, Christopher John",11059,5.34E-08,none
"Barclay, Brian J",11059,5.34E-08,none
"Dyck, Colleen Elizabeth",11056,5.34E-08,none
"Traicus, Donna",11056,5.34E-08,none
"Hon. Williams, Charmaine",11053,5.34E-08,none
"Chiasson, Marcel Andre",11048,5.34E-08,none
"Baker, Amy L. L.",11041,5.33E-08,none
"Pace, Kyle Dominic",11040,5.33E-08,none
"Petti, Monica",11039,5.33E-08,none
"Roche, Andrew Scott",11039,5.33E-08,none
"Davis-Bibeau, Shawna",11035,5.33E-08,none
"Demontigny, Daniel",11032,5.33E-08,none
"Desrochers, Ryan",11032,5.33E-08,none
"Toupin-Laforge, Maxime",11031,5.33E-08,none
"Lupu, Daniela",11029,5.33E-08,none
"Poustie, David",11025,5.33E-08,none
"Chicoine, Isabella",11023,5.32E-08,none
"Maceus, Jean-Michel",11021,5.32E-08,none
"Mcleary, Hayley M",11018,5.32E-08,none
"Gordon, Graham J.",11015,5.32E-08,none
"Lees, Joel Wj",11015,5.32E-08,none
"Powell, Jason Kenneth Gordon",11014,5.32E-08,none
"Clark, Maria",11012,5.32E-08,none
"Mcfadden, Adam K",11012,5.32E-08,none
"Deguire, Patricia E.",11012,5.32E-08,none
Ted Arnott,11010,5.32E-08,none
"Mann, Stephanie Lindsay",11008,5.32E-08,none
"Arhin-Ababio, Mildred",11005,5.32E-08,none
"Gagne, Dale John",11001,5.31E-08,none
"Sermet, Steven A",10978,5.30E-08,none
"Beamish, Margaret Eleanor Harley",10973,5.30E-08,none
"Lau, James",10973,5.30E-08,none
"Mcvey, Thomas R",10968,5.30E-08,none
"Neufeld, Timothy J",10965,5.30E-08,none
"Mcfadden, Cheryl Lorraine",10965,5.30E-08,none
"Brownlee, Brenda",10945,5.29E-08,none
"Villneff, Herbert David",10942,5.29E-08,none
"Briere, Patrick Joseph Eugene",10932,5.28E-08,none
"Robinson, Jason",10931,5.28E-08,none
"Macfarlane, Emma M",10930,5.28E-08,none
"Weiler, John",10927,5.28E-08,none
"Byford, Jennifer L",10923,5.28E-08,none
"Stinson, Breanna Jo",10918,5.27E-08,none
"Daneau, Marc",10898,5.26E-08,none
"Campbell, Paris",10894,5.26E-08,none
"Mcloughlin, Sean R.",10892,5.26E-08,none
"Soulliere, Thomas James",10892,5.26E-08,none
"Breton, Carol Rosane",10891,5.26E-08,none
"Cooke, Daniel F.",10885,5.26E-08,none
"Stinson, Jonathan Conrad",10881,5.26E-08,none
"Schulte-Hostedde, Bridget Evelyn",10873,5.25E-08,none
"Johnson, Kenneth Kirk",10868,5.25E-08,none
"Anderson, Marnie Marie",10855,5.24E-08,none
"Fredericks, Kurtis",10852,5.24E-08,none
"Radford, David",10846,5.24E-08,none
"Perry, Brandon Fredrick",10840,5.24E-08,none
"Heffernan, Heath",10837,5.23E-08,none
"Gomes, Jonathan",10828,5.23E-08,none
"Young, Susan K.",10827,5.23E-08,none
"Sigouin, Darryl",10809,5.22E-08,none
"Stoneman, Mike",10808,5.22E-08,none
"Rizzardo, Stefania",10802,5.22E-08,none
"Gibson, John",10801,5.22E-08,none
"Genereux, Brent D",10799,5.22E-08,none
"Emami, Motseyigbe",10797,5.22E-08,none
"Readman, Robert H",10794,5.21E-08,none
"Guzman, Maria Fernanda",10790,5.21E-08,none
"Levesque, David U.",10788,5.21E-08,none
"Bernard-Demers, Ashley Frances",10787,5.21E-08,none
"Kowalyk, Mark Adam",10775,5.20E-08,none
"Lennon, Pamela Jane",10770,5.20E-08,none
"Levis, Alexandre Adam",10765,5.20E-08,none
"Sisay, Michael",10757,5.20E-08,none
"Binger, Andrew",10752,5.19E-08,none
"Kitchen, Adam J",10748,5.19E-08,none
"Murphy, David",10748,5.19E-08,none
"Neundorf, Matthew Brian",10740,5.19E-08,none
"Kummer, Jason",10738,5.19E-08,none
"Angel, Bruce R",10736,5.19E-08,none
"Creighton, Robert",10726,5.18E-08,none
"Hall, David A",10722,5.18E-08,none
"Gribben, Jillian Jeanne Marie",10719,5.18E-08,none
"Dodkin, Tracie Lynn",10715,5.18E-08,none
"Decock, Michael",10709,5.17E-08,none
"Whitcombe, Lorie",10708,5.17E-08,none
"Elmazi, Robert",10700,5.17E-08,none
"De Oliveira, Amale",10699,5.17E-08,none
"Dandurand, Hugo",10690,5.16E-08,none
"Graham, David",10689,5.16E-08,none
"Gosselin, Emily Jane",10688,5.16E-08,none
"Pattison, Jessica Jo",10678,5.16E-08,none
"Coakley, Steven Ce",10662,5.15E-08,none
"Simpson, Jonah Winray",10658,5.15E-08,none
"Newman, Jennifer George",10656,5.15E-08,none
"Walker, Debra L.",10655,5.15E-08,none
"Zachariah, Oswald",10644,5.14E-08,none
"Skitt, Lori",10635,5.14E-08,none
"Tarrant, Schone G",10632,5.14E-08,none
"Edwards, William J",10630,5.13E-08,none
"Hill, John Douglas",10619,5.13E-08,none
"Papetti, Kennedy",10613,5.13E-08,none
"Shon, Jin Won",10613,5.13E-08,none
"Riaz, Qaisra",10606,5.12E-08,none
"Burton, Jason William",10601,5.12E-08,none
"White, Jeffrey C",10601,5.12E-08,none
"Clace, Mary Juliet",10593,5.12E-08,none
"Minler, Jeff",10588,5.11E-08,none
"Hudon, Sylvie Raymonde",10577,5.11E-08,none
"Dapaah, Eunice E",10570,5.11E-08,none
"Burch, Craig William",10560,5.10E-08,none
"Markle, Cory",10555,5.10E-08,none
"Groat, James Robert",10544,5.09E-08,none
"Auliffe, Kenneth R.",10541,5.09E-08,none
"Tomchick, Colin William",10539,5.09E-08,none
"Pristoleanu, Aurelia",10539,5.09E-08,none
"Forde, Tiffany",10538,5.09E-08,none
"Empey, J R",10536,5.09E-08,none
"Moore, Colin",10536,5.09E-08,none
"Kramer, Robin Ann",10519,5.08E-08,none
"Richardson, Paul D",10517,5.08E-08,none
"Boudreau, Vance Lee James",10516,5.08E-08,none
"Martin, Ashley Adele Marie",10516,5.08E-08,none
"Brown, Oraldeen Casandra",10508,5.08E-08,none
"Nalepka, Anton William",10504,5.07E-08,none
"Schatzler, Armin",10501,5.07E-08,none
"Brown, Dallas",10499,5.07E-08,none
T. Kernaghan,10490,5.07E-08,none
S. Shaw,10490,5.07E-08,none
"Catcher, Brandon",10484,5.06E-08,none
"Neil, Devin",10483,5.06E-08,none
"Prisor, Rolf",10482,5.06E-08,none
"Murphy, Melissa Patricia Rose",10477,5.06E-08,none
"Nemeth, Deanna D",10472,5.06E-08,none
"Scepanovic, Danielle",10468,5.06E-08,none
"Bukowski, Tanis",10468,5.06E-08,none
"Bernard, Vaughn Ortiz",10452,5.05E-08,none
"Moore, Dale Lorne",10447,5.05E-08,none
"Brar, Gurkirat Kaur",10444,5.05E-08,none
"Rojik, Anthony",10436,5.04E-08,none
"Kreisz, Michael J",10433,5.04E-08,none
"Marshall, Richard",10429,5.04E-08,none
"Gubbels, William A",10426,5.04E-08,none
"Nixon Chorniak, Margaret Ann",10425,5.04E-08,none
"Prestage, Samantha Pearl",10424,5.04E-08,none
"Sanderson, Drew Axford",10413,5.03E-08,none
"Merritt, Rebecca Lynn",10412,5.03E-08,none
"Martin, Tristan Randall",10411,5.03E-08,none
"Chamberlin, Gillian Louise",10410,5.03E-08,none
"Mccracken, Alicia Laurette",10401,5.02E-08,none
"Robillard, Luke Daniel",10400,5.02E-08,none
"Ferrier, Andrew",10389,5.02E-08,none
"Martin, Amber",10388,5.02E-08,none
"Malley, Bradley Norman",10368,5.01E-08,none
"Dimenna, Allen J.",10367,5.01E-08,none
"St-Jean, Kean",10366,5.01E-08,none
"Ahuja, Jasneet Kaur",10366,5.01E-08,none
"Qureshi, Mohammad",10355,5.00E-08,none
"Perrin, Mike",10338,4.99E-08,none
"Parker, Shirley A",10337,4.99E-08,none
"Hill, Bradley J.",10331,4.99E-08,none
"Belanger, Jacqueline M",10325,4.99E-08,none
"Croswell, Kevin Brian Robert",10322,4.99E-08,none
"Boissonneault, Marc L.",10322,4.99E-08,none
"Assad-Parenteau, Melissa",10320,4.99E-08,none
"Lam, Hayston H",10319,4.98E-08,none
"Marchildon, Karolina",10315,4.98E-08,none
"Macri, Joanna",10308,4.98E-08,none
"Magee, Brendan",10305,4.98E-08,none
"Mcgill, Liam Andrew",10304,4.98E-08,none
"Lagace, Richard J",10284,4.97E-08,none
"Smith, Andrew Richard",10281,4.97E-08,none
"Slabi, Nasr",10276,4.96E-08,none
"Mcardle, Julie",10274,4.96E-08,none
"Macisaac, Lorne A.",10272,4.96E-08,none
"Oddi, John-Paul Christopher Murdo",10268,4.96E-08,none
"Dam, Albert",10267,4.96E-08,none
"Mckenzie, Blair",10257,4.95E-08,none
"Vice, Lianna Elsie Dora",10248,4.95E-08,none
"Percy, John Allan",10244,4.95E-08,none
"Weatherill, Kenneth",10242,4.95E-08,none
"Pudota, Bala Sandeep",10240,4.95E-08,none
"Pawluk, Esther",10239,4.95E-08,none
"Webber, Michael G.",10228,4.94E-08,none
"Beer, Kimberley A.",10224,4.94E-08,none
"Galeazza, Christopher P",10219,4.94E-08,none
"Stoddart, Michael J",10207,4.93E-08,none
"Mcclure, Aaron J",10195,4.92E-08,none
"Renaud, Jeremy B.",10193,4.92E-08,none
"Gainforth, Thomas Bennett",10188,4.92E-08,none
"Francisco, Adrian",10177,4.92E-08,none
"D'Asti, Matthew E.",10173,4.91E-08,none
"Gilchrist, Matthew Edward",10170,4.91E-08,none
"Colangelo, Gianpiero Antonio",10167,4.91E-08,none
"Osborne, Ian M",10155,4.91E-08,none
"Curle, Juanita E",10145,4.90E-08,none
"Holland, Brett William",10144,4.90E-08,none
"Simmik, Lisa J",10139,4.90E-08,none
"Bateman, Kyle",10135,4.90E-08,none
"Hordijk, Philip L",10134,4.90E-08,none
"Gagne, Denis",10132,4.89E-08,none
"Mulville, Scott P",10132,4.89E-08,none
"Hamilton, Matthew George",10122,4.89E-08,none
"Sabourin, Mary Fernande Suzanne",10120,4.89E-08,none
"Kelly, Barry",10107,4.88E-08,none
"Hahn, Katherine Elizabeth",10105,4.88E-08,none
"Freeman, Bobbi-Lynn",10101,4.88E-08,none
"Wisniewski, Katrina",10096,4.88E-08,none
"Anderson, Brett S.",10092,4.88E-08,none
Vanessa Kattar,10092,4.88E-08,none
"Arnold, Ron S.",10087,4.87E-08,none
"Barton, Jennifer",10053,4.86E-08,none
"Morrison, Tania",10022,4.84E-08,none
"Griffin, Jennifer E.",10020,4.84E-08,none
"Woodhouse, Neil",10020,4.84E-08,none
"Perin, Emma",10019,4.84E-08,none
"Bradshaw, Sarah L",10018,4.84E-08,none
"Muse, Roda",10003,4.83E-08,none
Hon. Neil Lumsden,9378,4.53E-08,none
"Ellis, Karen E",9308,4.50E-08,none
Standing Committee On Social Policy,9291,4.49E-08,none
Hogarth C.,9189,4.44E-08,none
Hon. Prabmeet Sarkaria,9060,4.38E-08,none
Standing Committee On The Interior,9010,4.35E-08,none
Hon. Todd Smith ,8902,4.30E-08,none
Hon. Stephen Lecce ,8902,4.30E-08,none
"Orencsak, Gergely",8735,4.22E-08,none
"Corbett, David Neil",8683,4.19E-08,none
Deputy Minister Deborah Richardson,8675,4.19E-08,none
S. Clark,8553,4.13E-08,none
F. Gelinas,8492,4.10E-08,none
C. Fife,8492,4.10E-08,none
S. Mamakwa,8492,4.10E-08,none
T. Armstrong,8492,4.10E-08,none
Hamid Z.,8454,4.08E-08,none
G. Bourgouin,8207,3.96E-08,none
C. Pasma,8207,3.96E-08,none
Spence Shelley,8198,3.96E-08,none
Steve Clark,7930,3.83E-08,none
David Smith,7930,3.83E-08,none
Tyler Allsopp,7930,3.83E-08,none
Anand D.,7847,3.79E-08,none
D. Smith,7782,3.76E-08,none
Kernaghan T.,7474,3.61E-08,none
"Kelly, John ",7256,3.51E-08,none
Fife C.,7242,3.50E-08,none
Lacy Naster Llp ,7000,3.38E-08,none
Smith D.,6957,3.36E-08,none
Hon. Associate Minister Samuel E Oosterhoff,6848,3.31E-08,none
"Dowie, Andrew",6748,3.26E-08,none
Barnes P.,6622,3.20E-08,none
2301850 Ontario Inc.,6241,3.01E-08,none
Kevin Holland,6228,3.01E-08,none
Standing Committee On Government Agencies,6204,3.00E-08,none
"Harrison, Sarah",6111,2.95E-08,none
"Derible, Bernard D",6023,2.91E-08,none
Lax O'Sullivan Lisus Gottlieb Llp ,6000,2.90E-08,none
"Laaksonen-Craig, Susanna",5899,2.85E-08,none
"Vanderduim, Andrew",5533,2.67E-08,none
Saunderson B.,5457,2.64E-08,none
M. Taylor,5301,2.56E-08,none
Dowie A.,5197,2.51E-08,none
J. West,5189,2.51E-08,none
Chippewas Of Rama First Nation ,5083,2.46E-08,none
"Hon. Parsa, Michael",5011,2.42E-08,none
Hon. Nolan Quinn,4986,2.41E-08,none
Hazell A.,4979,2.41E-08,none
Hardeep Singh Grewal,4928,2.38E-08,none
Anand Deepak,4928,2.38E-08,none
Dave Smith,4928,2.38E-08,none
"Diemanuele, Michelle",4922,2.38E-08,none
"Smith, Dave ",4899,2.37E-08,none
G. Ghamari,4781,2.31E-08,none
"Pinsonneault, Stephen",4170,2.01E-08,none
"Fitzsimmons, Jason Kells",4168,2.01E-08,none
"Jordan, John",4158,2.01E-08,none
Skelly D.,4117,1.99E-08,none
"Lecce, Stephen",4097,1.98E-08,none
Miller Thomson Llp ,4075,1.97E-08,none
"Holland, Kevin",4061,1.96E-08,none
Bailey R.,3949,1.91E-08,none
"Meredith, Greg J",3775,1.82E-08,none
"Greenberg, Martha",3753,1.81E-08,none
"Palmer, Keith",3412,1.65E-08,none
Hardeman E.,3260,1.57E-08,none
Rae M.,3259,1.57E-08,none
Mike Harris,3189,1.54E-08,none
West J.,3178,1.54E-08,none
French J.,3149,1.52E-08,none
Trevor Jones,3009,1.45E-08,none
Natalia Kusendova,3009,1.45E-08,none
Crawford Stephen,3009,1.45E-08,none
Sam Oosterhoff,3009,1.45E-08,none
Nolan Quinn,3009,1.45E-08,none
"Bresee, Ric",2976,1.44E-08,none
Hon. Kevin Holland,2832,1.37E-08,none
"Cole, Denise",2832,1.37E-08,none
Collard L.,2735,1.32E-08,none
"Lebi, Jonathan",2731,1.32E-08,none
Adrian Lomaga Personal Injury Law Professional Corp.,2500,1.21E-08,none
Dixon J.,2500,1.21E-08,none
"Sandhu, Amarjot S",2366,1.14E-08,none
Wai D.,2247,1.09E-08,none
Bouma W.,2238,1.08E-08,none
"Kennedy, Nancy M",2186,1.06E-08,none
"Quinn, Nolan Martin",2161,1.04E-08,none
"Saunderson, Brian G",2116,1.02E-08,none
"Gallagher Murphy, Dawn",2092,1.01E-08,none
"Manson-Smith, Kate",2025,9.78E-09,none
Rakocevic T.,1987,9.60E-09,none
Hon. Nolan M. Quinn,1829,8.84E-09,none
"Alexander, Carlene",1807,8.73E-09,none
"Smith, Laura",1753,8.47E-09,none
Hon. Graham Mcgregor,1723,8.32E-09,none
Hon. Andrea Khanjin ,1723,8.32E-09,none
"Sabawy, Sheref",1539,7.43E-09,none
"Pierre, Natalie",1470,7.10E-09,none
"Imbrogno, Serge",1382,6.68E-09,none
"Hon. Mcgregor, Graham",1280,6.18E-09,none
"Hamid, Zee",1266,6.12E-09,none
Emma-Jean Rose ,1250,6.04E-09,none
"Thomson, Melissa Jane",1153,5.57E-09,none
"Kanapathi, Logan",1082,5.23E-09,none
"Veshkini, Ali",1025,4.95E-09,none
 J. Fraser,895,4.32E-09,none
Armstrong T.,805,3.89E-09,none
Sandhu A.,774,3.74E-09,none
Sarrazin S.,731,3.53E-09,none
"Barnes, Patrice",708,3.42E-09,none
"Kulendran, Renu A",637,3.08E-09,none
"Pang, Kam Wai",635,3.07E-09,none
Clark S.,612,2.96E-09,none
"Murray, Maud",597,2.88E-09,none
Gallagher D.,561,2.71E-09,none
"Smith, Dave",458,2.21E-09,none
Harrison Pensa Llp ,452,2.18E-09,none
Martin R.,428,2.07E-09,none
"Smith, Todd",404,1.95E-09,none
 -L. Collard,391,1.89E-09,none
Byers R.,371,1.79E-09,none
"Smith, David",354,1.71E-09,none
Hon. Parm Gill,350,1.69E-09,none
Pierre N.,335,1.62E-09,none
A. Shamji,316,1.53E-09,none
"Cuzzetto, Rudy",296,1.43E-09,none
Mcmahon M.,295,1.43E-09,none
Harris M.,291,1.41E-09,none
M. Schreiner,285,1.38E-09,none
J. Fraser,285,1.38E-09,none
 -S. Blais,283,1.37E-09,none
Harden J.,225,1.09E-09,none
Pasma C.,225,1.09E-09,none
 -S. Bowman,206,9.95E-10,none
 -S. Smith,206,9.95E-10,none
"Ero-Brown, Nosa L",203,9.81E-10,none
"Accounts Under $50,000/Comptes Inférieurs À $50 000",203,9.81E-10,none
Hsu T.,192,9.27E-10,none
Gretzky L.,191,9.23E-10,none
"Dixon, Jessica",190,9.18E-10,none
"Riddell, Brian",178,8.60E-10,none
Scott L.,169,8.16E-10,none
"Grewal, Hardeep",157,7.58E-10,none
Smith L.,139,6.71E-10,none
Leardi A.,123,5.94E-10,none
"Bailey, Robert",122,5.89E-10,none
"Wai, Daisy",119,5.75E-10,none
David G. Maich ,118,5.70E-10,none
Shaw S.,112,5.41E-10,none
Taylor M.,112,5.41E-10,none
"Yakabuski, John",109,5.27E-10,none
Riddell B.,107,5.17E-10,none
Rebekah D. Grey ,100,4.83E-10,none
Stevens J.,94,4.54E-10,none
Oosterhoff S.,94,4.54E-10,none
Kanapathi L.,85,4.11E-10,none
Bresee R.,84,4.06E-10,none
Burch J.,75,3.62E-10,none
Bourgouin G.,58,2.80E-10,none
"Leardi, Anthony",49,2.37E-10,none
"Grewal, Hardeep Singh ",39,1.88E-10,none
Pang B.,36,1.74E-10,none
Sattler P.,26,1.26E-10,none
Clancy A.,26,1.26E-10,none
Quinn N.,26,1.26E-10,none
Grewal H.,26,1.26E-10,none
Gelinas F.,26,1.26E-10,none
Kusendova-Bashta N.,26,1.26E-10,none
